dim1,dim2,perc_zeros,nnz,sparse,dense
1,1,0,1,29.0,19.0
1,1,20,0,31.0,21.0
1,1,40,0,30.0,19.5
1,1,50,0,31.0,18.0
1,1,75,0,30.0,19.0
1,1,80,0,29.0,18.0
1,1,85,0,31.0,19.5
1,1,90,0,30.0,19.0
1,1,95,0,30.0,21.0
1,1,99,0,29.0,18.0
1,2,0,2,32.0,19.0
1,2,20,1,33.0,22.0
1,2,40,1,33.0,20.0
1,2,50,1,30.0,20.0
1,2,75,0,31.0,22.0
1,2,80,0,33.0,21.0
1,2,85,0,33.0,22.0
1,2,90,0,30.0,21.0
1,2,95,0,31.0,20.0
1,2,99,0,31.0,21.0
1,4,0,4,32.0,21.0
1,4,20,3,34.0,21.0
1,4,40,2,31.0,23.0
1,4,50,2,33.0,22.0
1,4,75,1,30.0,23.0
1,4,80,0,31.0,20.0
1,4,85,0,31.0,21.0
1,4,90,0,29.0,22.0
1,4,95,0,31.0,23.0
1,4,99,0,33.0,25.0
1,5,0,5,33.0,24.0
1,5,20,4,34.0,24.0
1,5,40,3,34.0,24.0
1,5,50,2,35.0,23.0
1,5,75,1,32.0,26.0
1,5,80,1,32.0,22.0
1,5,85,0,31.0,22.0
1,5,90,0,32.0,22.0
1,5,95,0,32.0,22.5
1,5,99,0,32.0,25.0
1,8,0,8,43.0,23.0
1,8,20,6,36.0,22.0
1,8,40,4,34.0,23.0
1,8,50,4,32.0,24.0
1,8,75,2,33.0,25.0
1,8,80,1,32.0,24.0
1,8,85,1,32.0,22.0
1,8,90,0,30.0,23.0
1,8,95,0,31.0,22.0
1,8,99,0,30.0,23.0
1,10,0,10,54.0,25.0
1,10,20,8,43.0,25.0
1,10,40,6,36.0,25.0
1,10,50,5,34.0,26.0
1,10,75,2,34.0,25.0
1,10,80,2,33.0,27.0
1,10,85,1,33.0,24.0
1,10,90,1,33.0,26.0
1,10,95,0,32.0,25.0
1,10,99,0,30.0,23.0
1,16,0,16,47.0,31.0
1,16,20,12,51.0,29.0
1,16,40,9,47.0,28.0
1,16,50,8,44.0,27.0
1,16,75,4,37.0,28.0
1,16,80,3,34.0,28.0
1,16,85,2,34.0,30.0
1,16,90,1,33.0,27.0
1,16,95,0,32.0,28.0
1,16,99,0,32.0,28.5
1,20,0,20,52.0,38.0
1,20,20,16,46.0,41.0
1,20,40,12,46.0,39.0
1,20,50,10,46.0,36.0
1,20,75,5,36.0,39.0
1,20,80,4,34.0,38.0
1,20,85,3,35.0,38.0
1,20,90,2,35.0,38.0
1,20,95,1,30.5,38.0
1,20,99,0,32.0,38.0
1,25,0,25,47.5,39.0
1,25,20,20,51.0,41.0
1,25,40,15,46.0,40.0
1,25,50,12,54.0,143.0
1,25,75,6,37.0,42.0
1,25,80,5,37.0,42.0
1,25,85,3,36.0,42.0
1,25,90,2,32.0,41.0
1,25,95,1,32.0,41.5
1,25,99,0,32.0,44.0
1,40,0,40,48.0,47.0
1,40,20,32,49.0,43.5
1,40,40,24,48.0,44.0
1,40,50,20,52.0,43.5
1,40,75,10,47.0,44.0
1,40,80,8,44.0,44.5
1,40,85,6,36.0,45.0
1,40,90,4,35.0,44.0
1,40,95,2,33.0,45.0
1,40,99,0,32.0,45.0
1,50,0,50,54.0,52.0
1,50,20,40,48.0,52.0
1,50,40,30,56.0,53.5
1,50,50,25,50.0,53.0
1,50,75,12,51.0,52.0
1,50,80,10,48.0,51.0
1,50,85,7,45.0,51.5
1,50,90,5,35.0,51.0
1,50,95,2,35.0,51.0
1,50,99,0,35.0,49.5
1,80,0,80,55.0,60.0
1,80,20,64,54.0,60.0
1,80,40,48,49.0,63.0
1,80,50,40,47.0,62.0
1,80,75,20,54.0,60.0
1,80,80,16,45.0,61.5
1,80,85,12,49.0,61.5
1,80,90,8,44.0,62.0
1,80,95,4,36.0,61.0
1,80,99,0,33.0,61.0
1,100,0,100,66.0,72.0
1,100,20,80,57.0,70.5
1,100,40,60,60.0,74.0
1,100,50,50,54.0,150.0
1,100,75,25,49.0,74.0
1,100,80,20,55.0,73.0
1,100,85,15,45.0,73.0
1,100,90,10,48.0,71.0
1,100,95,5,36.0,72.5
1,100,99,1,32.0,73.0
1,125,0,125,71.0,85.0
1,125,20,100,87.0,84.0
1,125,40,75,63.0,84.0
1,125,50,62,54.0,84.0
1,125,75,31,49.0,85.0
1,125,80,25,47.0,82.5
1,125,85,18,53.0,81.0
1,125,90,12,51.0,85.0
1,125,95,6,42.0,83.5
1,125,99,1,33.0,86.0
1,200,0,200,74.0,121.0
1,200,20,160,68.0,126.0
1,200,40,120,64.0,124.0
1,200,50,100,65.5,120.0
1,200,75,50,53.0,123.0
1,200,80,40,51.0,123.0
1,200,85,30,57.0,121.5
1,200,90,20,53.0,125.5
1,200,95,10,48.0,120.0
1,200,99,2,32.0,123.0
1,250,0,250,89.0,185.5
1,250,20,200,77.0,139.0
1,250,40,150,76.0,180.0
1,250,50,125,69.0,215.0
1,250,75,62,55.0,141.0
1,250,80,50,53.0,144.0
1,250,85,37,57.0,146.5
1,250,90,25,50.0,150.5
1,250,95,12,55.0,139.0
1,250,99,2,34.0,177.0
1,400,0,400,109.0,213.0
1,400,20,320,99.0,211.0
1,400,40,240,82.0,211.0
1,400,50,200,76.0,213.5
1,400,75,100,67.0,211.0
1,400,80,80,57.0,210.0
1,400,85,60,58.0,208.0
1,400,90,40,49.0,211.0
1,400,95,20,55.0,212.5
1,400,99,4,36.0,210.0
1,500,0,500,138.0,275.0
1,500,20,400,113.0,251.5
1,500,40,300,101.0,262.5
1,500,50,250,86.0,253.5
1,500,75,125,71.0,254.0
1,500,80,100,68.0,272.0
1,500,85,75,60.0,339.0
1,500,90,50,55.0,253.0
1,500,95,25,50.0,250.5
1,500,99,5,36.0,265.0
1,625,0,625,148.0,397.0
1,625,20,500,136.0,308.0
1,625,40,375,120.0,391.0
1,625,50,312,103.0,297.0
1,625,75,156,78.0,332.0
1,625,80,125,74.0,395.0
1,625,85,93,70.0,392.0
1,625,90,62,55.0,392.0
1,625,95,31,49.0,367.0
1,625,99,6,44.0,301.0
1,1000,0,1000,221.0,437.0
1,1000,20,800,185.0,522.0
1,1000,40,600,146.0,439.5
1,1000,50,500,142.0,433.0
1,1000,75,250,89.0,440.5
1,1000,80,200,79.0,440.0
1,1000,85,150,76.0,435.5
1,1000,90,100,69.0,435.5
1,1000,95,50,53.0,438.0
1,1000,99,10,45.0,438.5
1,1250,0,1250,278.0,534.0
1,1250,20,1000,227.0,540.0
1,1250,40,750,191.0,537.0
1,1250,50,625,153.0,531.0
1,1250,75,312,103.0,543.0
1,1250,80,250,89.0,534.0
1,1250,85,187,83.0,546.5
1,1250,90,125,70.0,528.0
1,1250,95,62,56.0,455.0
1,1250,99,12,54.0,532.0
1,2000,0,2000,402.0,792.0
1,2000,20,1600,330.0,791.5
1,2000,40,1200,254.0,789.0
1,2000,50,1000,224.0,795.0
1,2000,75,500,137.0,790.0
1,2000,80,400,113.0,795.0
1,2000,85,300,100.0,791.5
1,2000,90,200,78.0,793.0
1,2000,95,100,67.0,792.0
1,2000,99,20,52.0,765.5
1,2500,0,2500,641.0,925.5
1,2500,20,2000,403.0,946.0
1,2500,40,1500,324.0,924.0
1,2500,50,1250,271.0,947.0
1,2500,75,625,162.0,944.0
1,2500,80,500,138.0,925.0
1,2500,85,375,111.0,922.0
1,2500,90,250,86.0,949.0
1,2500,95,125,73.0,949.0
1,2500,99,25,51.0,948.0
1,5000,0,5000,1598.0,1376.5
1,5000,20,4000,1265.0,1375.0
1,5000,40,3000,1058.5,1376.0
1,5000,50,2500,952.0,1374.0
1,5000,75,1250,441.0,1376.0
1,5000,80,1000,277.0,1375.0
1,5000,85,750,196.0,1375.0
1,5000,90,500,139.0,1378.0
1,5000,95,250,89.0,1376.0
1,5000,99,50,53.0,1376.0
2,1,0,2,31.0,19.0
2,1,20,1,30.0,19.0
2,1,40,1,30.0,20.0
2,1,50,1,31.0,21.0
2,1,75,0,31.0,17.5
2,1,80,0,30.0,19.0
2,1,85,0,30.0,20.0
2,1,90,0,31.0,18.0
2,1,95,0,30.0,19.0
2,1,99,0,30.0,19.0
2,2,0,4,33.0,22.0
2,2,20,3,33.0,21.0
2,2,40,2,30.0,20.0
2,2,50,2,34.0,23.0
2,2,75,1,31.0,20.0
2,2,80,0,30.0,20.0
2,2,85,0,31.0,20.0
2,2,90,0,32.0,21.0
2,2,95,0,30.0,21.5
2,2,99,0,30.0,20.5
2,4,0,8,36.0,23.0
2,4,20,6,36.0,23.0
2,4,40,4,33.0,25.0
2,4,50,4,32.0,22.0
2,4,75,2,32.0,21.0
2,4,80,1,30.0,22.0
2,4,85,1,33.0,23.0
2,4,90,0,32.0,22.0
2,4,95,0,34.0,23.0
2,4,99,0,32.0,22.0
2,5,0,10,35.0,26.0
2,5,20,8,38.0,25.0
2,5,40,6,36.0,24.5
2,5,50,5,35.0,25.0
2,5,75,2,31.0,25.0
2,5,80,2,31.0,24.0
2,5,85,1,30.0,25.5
2,5,90,1,30.0,25.0
2,5,95,0,31.0,24.0
2,5,99,0,31.0,26.0
2,8,0,16,56.0,26.0
2,8,20,12,45.0,26.0
2,8,40,9,35.0,26.0
2,8,50,8,38.0,26.0
2,8,75,4,36.0,27.0
2,8,80,3,33.0,24.0
2,8,85,2,33.0,25.0
2,8,90,1,32.0,24.0
2,8,95,0,31.0,29.0
2,8,99,0,31.0,25.0
2,10,0,20,60.0,27.0
2,10,20,16,49.0,26.0
2,10,40,12,37.0,28.0
2,10,50,10,45.0,28.0
2,10,75,5,35.0,27.0
2,10,80,4,35.0,25.5
2,10,85,3,34.0,28.0
2,10,90,2,30.0,26.0
2,10,95,1,31.0,24.5
2,10,99,0,31.5,28.0
2,16,0,32,55.0,31.0
2,16,20,25,62.0,31.0
2,16,40,19,60.0,29.0
2,16,50,16,49.0,33.0
2,16,75,8,34.5,35.0
2,16,80,6,38.0,32.0
2,16,85,4,31.0,34.0
2,16,90,3,38.0,32.0
2,16,95,1,30.0,31.0
2,16,99,0,31.0,31.0
2,20,0,40,64.5,48.0
2,20,20,32,64.0,47.0
2,20,40,24,62.0,46.0
2,20,50,20,58.0,47.0
2,20,75,10,41.0,47.5
2,20,80,8,37.0,47.0
2,20,85,6,34.0,45.0
2,20,90,4,33.0,46.0
2,20,95,2,31.0,48.0
2,20,99,0,32.0,45.0
2,25,0,50,60.0,52.0
2,25,20,40,67.0,51.0
2,25,40,30,71.0,52.0
2,25,50,25,66.0,51.0
2,25,75,12,47.0,52.0
2,25,80,10,36.0,53.0
2,25,85,7,34.5,50.0
2,25,90,5,34.0,52.0
2,25,95,2,33.0,93.0
2,25,99,0,30.0,51.5
2,40,0,80,64.0,57.0
2,40,20,64,69.0,59.0
2,40,40,48,69.0,57.0
2,40,50,40,65.0,58.0
2,40,75,20,60.5,57.5
2,40,80,16,50.0,56.0
2,40,85,12,42.0,57.5
2,40,90,8,39.0,57.0
2,40,95,4,35.0,58.0
2,40,99,0,30.0,58.0
2,50,0,100,70.0,68.0
2,50,20,80,74.0,66.0
2,50,40,60,66.0,67.0
2,50,50,50,69.0,66.0
2,50,75,25,65.0,67.0
2,50,80,20,60.0,67.0
2,50,85,15,47.0,67.0
2,50,90,10,47.0,67.0
2,50,95,5,37.0,66.5
2,50,99,1,30.0,66.5
2,80,0,160,79.0,83.0
2,80,20,128,79.0,81.0
2,80,40,96,71.0,81.0
2,80,50,80,73.0,82.0
2,80,75,40,65.0,81.0
2,80,80,32,62.0,82.0
2,80,85,24,63.0,82.5
2,80,90,16,54.0,186.0
2,80,95,8,40.0,83.0
2,80,99,1,31.0,82.5
2,100,0,200,91.0,95.0
2,100,20,160,83.0,95.0
2,100,40,120,77.0,96.0
2,100,50,100,69.0,96.0
2,100,75,50,61.0,95.0
2,100,80,40,69.0,95.0
2,100,85,30,65.0,95.0
2,100,90,20,59.0,98.0
2,100,95,10,46.0,98.0
2,100,99,2,30.0,97.0
2,125,0,250,104.0,114.0
2,125,20,200,90.0,115.0
2,125,40,150,83.0,111.5
2,125,50,125,77.0,116.0
2,125,75,62,70.0,114.0
2,125,80,50,62.0,114.0
2,125,85,37,63.0,114.0
2,125,90,25,66.0,114.0
2,125,95,12,52.0,151.0
2,125,99,2,33.5,113.5
2,200,0,400,116.0,155.0
2,200,20,320,110.0,161.0
2,200,40,240,97.0,158.0
2,200,50,200,94.0,156.0
2,200,75,100,79.0,157.0
2,200,80,80,73.0,156.0
2,200,85,60,72.0,154.0
2,200,90,40,68.0,157.0
2,200,95,20,60.0,157.5
2,200,99,4,35.0,159.0
2,250,0,500,140.0,192.0
2,250,20,400,124.0,198.0
2,250,40,300,100.0,200.0
2,250,50,250,101.0,237.0
2,250,75,125,75.0,193.5
2,250,80,100,77.0,263.0
2,250,85,75,75.0,191.0
2,250,90,50,65.0,189.0
2,250,95,25,64.0,252.0
2,250,99,5,36.0,190.5
2,400,0,800,184.0,270.0
2,400,20,640,167.0,271.0
2,400,40,480,139.5,269.0
2,400,50,400,125.0,266.5
2,400,75,200,83.0,269.5
2,400,80,160,79.0,271.5
2,400,85,120,89.0,269.0
2,400,90,80,72.0,270.0
2,400,95,40,71.0,270.0
2,400,99,8,35.0,270.0
2,500,0,1000,235.0,330.5
2,500,20,800,199.0,338.0
2,500,40,600,161.0,331.0
2,500,50,500,136.0,402.0
2,500,75,250,92.0,399.0
2,500,80,200,83.0,335.5
2,500,85,150,81.0,333.0
2,500,90,100,73.0,340.0
2,500,95,50,63.5,336.0
2,500,99,10,38.0,363.0
2,625,0,1250,273.0,444.0
2,625,20,1000,217.0,440.5
2,625,40,750,184.0,412.0
2,625,50,625,164.0,421.0
2,625,75,312,104.0,442.0
2,625,80,250,104.0,443.0
2,625,85,187,84.0,442.0
2,625,90,125,83.0,441.5
2,625,95,62,73.0,445.5
2,625,99,12,44.0,427.0
2,1000,0,2000,404.0,605.0
2,1000,20,1600,365.0,607.0
2,1000,40,1200,266.0,606.0
2,1000,50,1000,236.0,606.5
2,1000,75,500,135.0,608.0
2,1000,80,400,119.0,613.0
2,1000,85,300,104.0,608.5
2,1000,90,200,90.0,606.0
2,1000,95,100,80.0,605.0
2,1000,99,20,60.0,610.0
2,1250,0,2500,541.0,738.0
2,1250,20,2000,451.0,735.0
2,1250,40,1500,375.5,740.0
2,1250,50,1250,278.0,739.0
2,1250,75,625,169.0,713.0
2,1250,80,500,140.0,736.0
2,1250,85,375,117.0,734.0
2,1250,90,250,91.0,735.0
2,1250,95,125,85.0,739.0
2,1250,99,25,57.0,738.0
2,2000,0,4000,1023.0,1030.0
2,2000,20,3200,818.0,1025.5
2,2000,40,2400,548.0,1025.0
2,2000,50,2000,468.0,1028.0
2,2000,75,1000,231.0,1029.5
2,2000,80,800,198.0,1029.0
2,2000,85,600,154.0,1025.0
2,2000,90,400,129.0,1027.0
2,2000,95,200,93.0,1034.0
2,2000,99,40,68.0,1026.0
2,2500,0,5000,1484.5,1133.0
2,2500,20,4000,1071.5,1123.0
2,2500,40,3000,636.0,1134.0
2,2500,50,2500,619.0,1160.0
2,2500,75,1250,280.0,1125.5
2,2500,80,1000,223.0,1125.0
2,2500,85,750,183.0,1134.5
2,2500,90,500,148.0,1120.5
2,2500,95,250,101.0,1128.0
2,2500,99,50,60.0,1123.0
2,5000,0,10000,2878.5,1614.0
2,5000,20,8000,2722.0,1612.0
2,5000,40,6000,1908.0,1642.5
2,5000,50,5000,1824.0,1608.5
2,5000,75,2500,907.0,1608.5
2,5000,80,2000,630.5,1613.0
2,5000,85,1500,418.0,1617.0
2,5000,90,1000,253.0,1614.0
2,5000,95,500,142.0,1603.5
2,5000,99,100,80.0,1604.0
4,1,0,4,40.0,23.0
4,1,20,3,35.0,20.5
4,1,40,2,35.0,21.5
4,1,50,2,32.0,19.5
4,1,75,1,33.0,21.0
4,1,80,0,34.0,21.0
4,1,85,0,32.0,21.0
4,1,90,0,32.0,20.0
4,1,95,0,32.0,22.0
4,1,99,0,31.0,21.0
4,2,0,8,39.0,74.0
4,2,20,6,33.0,23.0
4,2,40,4,60.5,24.0
4,2,50,4,37.0,23.0
4,2,75,2,37.0,23.5
4,2,80,1,32.0,23.0
4,2,85,1,34.0,22.0
4,2,90,0,33.0,23.0
4,2,95,0,34.0,23.0
4,2,99,0,33.0,22.0
4,4,0,16,42.0,24.0
4,4,20,12,41.0,27.5
4,4,40,9,39.0,25.5
4,4,50,8,39.0,28.0
4,4,75,4,37.0,28.0
4,4,80,3,35.5,25.0
4,4,85,2,34.0,25.0
4,4,90,1,31.0,25.5
4,4,95,0,34.0,67.0
4,4,99,0,32.0,27.0
4,5,0,20,43.0,29.0
4,5,20,16,47.0,28.0
4,5,40,12,41.0,26.0
4,5,50,10,40.0,30.0
4,5,75,5,36.0,27.5
4,5,80,4,36.0,30.5
4,5,85,3,34.0,27.5
4,5,90,2,33.0,28.0
4,5,95,1,34.0,27.5
4,5,99,0,31.0,27.0
4,8,0,32,72.0,32.0
4,8,20,25,51.0,28.0
4,8,40,19,44.0,29.0
4,8,50,16,44.5,29.0
4,8,75,8,39.0,30.0
4,8,80,6,36.0,30.0
4,8,85,4,36.0,32.0
4,8,90,3,35.0,30.0
4,8,95,1,33.5,30.0
4,8,99,0,34.0,28.0
4,10,0,40,82.0,31.0
4,10,20,32,69.0,34.0
4,10,40,24,53.0,32.0
4,10,50,20,42.0,33.0
4,10,75,10,37.5,33.0
4,10,80,8,37.0,31.0
4,10,85,6,38.0,32.5
4,10,90,4,35.0,30.0
4,10,95,2,33.5,31.0
4,10,99,0,31.0,33.0
4,16,0,64,80.0,51.0
4,16,20,51,84.0,51.0
4,16,40,38,79.0,52.0
4,16,50,32,69.0,50.0
4,16,75,16,53.0,49.0
4,16,80,12,45.0,53.0
4,16,85,9,39.0,48.5
4,16,90,6,40.0,51.0
4,16,95,3,35.0,50.0
4,16,99,0,34.0,50.5
4,20,0,80,94.0,57.0
4,20,20,64,88.0,59.0
4,20,40,48,88.0,55.0
4,20,50,40,80.0,56.0
4,20,75,20,47.0,57.0
4,20,80,16,48.0,56.0
4,20,85,12,42.0,56.0
4,20,90,8,40.0,58.0
4,20,95,4,34.0,56.0
4,20,99,0,32.5,56.0
4,25,0,100,89.0,62.0
4,25,20,80,98.0,61.0
4,25,40,60,98.0,63.5
4,25,50,50,85.0,64.0
4,25,75,25,54.0,62.5
4,25,80,20,45.0,120.0
4,25,85,15,43.0,176.0
4,25,90,10,40.0,61.0
4,25,95,5,66.0,62.0
4,25,99,1,32.0,63.0
4,40,0,160,92.0,76.0
4,40,20,128,105.5,77.0
4,40,40,96,96.0,77.0
4,40,50,80,98.0,75.0
4,40,75,40,79.0,76.0
4,40,80,32,64.0,76.0
4,40,85,24,49.0,76.0
4,40,90,16,42.0,76.0
4,40,95,8,39.0,76.0
4,40,99,1,34.0,76.0
4,50,0,200,109.0,86.0
4,50,20,160,116.0,88.0
4,50,40,120,103.0,87.0
4,50,50,100,97.0,88.0
4,50,75,50,79.0,90.0
4,50,80,40,75.0,90.0
4,50,85,30,64.0,92.0
4,50,90,20,51.0,89.0
4,50,95,10,42.0,87.0
4,50,99,2,34.0,89.5
4,80,0,320,117.0,115.0
4,80,20,256,125.0,117.0
4,80,40,192,111.0,113.0
4,80,50,160,109.0,117.0
4,80,75,80,99.0,115.0
4,80,80,64,94.0,115.5
4,80,85,48,94.0,115.0
4,80,90,32,66.0,117.0
4,80,95,16,47.0,116.0
4,80,99,3,35.0,108.0
4,100,0,400,148.0,134.0
4,100,20,320,126.0,140.0
4,100,40,240,117.0,171.0
4,100,50,200,109.0,139.0
4,100,75,100,99.0,137.5
4,100,80,80,99.0,172.5
4,100,85,60,99.0,136.5
4,100,90,40,70.0,137.0
4,100,95,20,45.0,138.0
4,100,99,4,35.0,136.0
4,125,0,500,169.0,165.0
4,125,20,400,146.0,163.5
4,125,40,300,127.0,163.0
4,125,50,250,120.0,164.0
4,125,75,125,102.0,228.0
4,125,80,100,96.0,168.0
4,125,85,75,100.0,192.0
4,125,90,50,96.0,165.0
4,125,95,25,56.0,164.0
4,125,99,5,39.0,164.0
4,200,0,800,195.0,234.5
4,200,20,640,189.0,231.0
4,200,40,480,161.0,233.5
4,200,50,400,135.0,235.0
4,200,75,200,116.0,233.5
4,200,80,160,115.0,231.0
4,200,85,120,105.0,237.0
4,200,90,80,97.0,233.0
4,200,95,40,85.0,236.0
4,200,99,8,41.0,237.0
4,250,0,1000,238.0,281.0
4,250,20,800,197.0,312.0
4,250,40,600,173.0,221.0
4,250,50,500,169.0,286.5
4,250,75,250,126.0,306.0
4,250,80,200,116.0,287.0
4,250,85,150,114.0,282.5
4,250,90,100,97.0,282.5
4,250,95,50,82.0,330.0
4,250,99,10,38.0,320.5
4,400,0,1600,388.0,431.5
4,400,20,1280,282.0,429.5
4,400,40,960,234.0,434.0
4,400,50,800,212.0,434.0
4,400,75,400,141.0,428.0
4,400,80,320,135.0,432.5
4,400,85,240,114.0,431.0
4,400,90,160,106.0,430.0
4,400,95,80,110.0,432.0
4,400,99,16,44.0,433.0
4,500,0,2000,443.0,525.0
4,500,20,1600,380.0,528.0
4,500,40,1200,274.0,525.5
4,500,50,1000,256.0,535.0
4,500,75,500,159.0,528.0
4,500,80,400,152.0,537.0
4,500,85,300,138.0,526.5
4,500,90,200,119.0,524.5
4,500,95,100,95.5,527.5
4,500,99,20,45.0,525.0
4,625,0,2500,564.0,632.0
4,625,20,2000,467.0,631.0
4,625,40,1500,376.5,631.0
4,625,50,1250,286.0,633.0
4,625,75,625,171.0,630.0
4,625,80,500,159.0,630.5
4,625,85,375,145.0,632.0
4,625,90,250,126.0,633.0
4,625,95,125,105.0,632.0
4,625,99,25,55.0,648.5
4,1000,0,4000,961.0,920.5
4,1000,20,3200,824.0,921.5
4,1000,40,2400,556.0,921.0
4,1000,50,2000,450.0,923.0
4,1000,75,1000,240.0,921.5
4,1000,80,800,216.0,920.0
4,1000,85,600,175.0,923.0
4,1000,90,400,154.5,921.0
4,1000,95,200,116.0,921.5
4,1000,99,40,82.0,923.0
4,1250,0,5000,1325.0,1045.0
4,1250,20,4000,990.0,1045.0
4,1250,40,3000,759.0,1043.0
4,1250,50,2500,606.0,1047.0
4,1250,75,1250,294.0,1049.0
4,1250,80,1000,248.0,1047.5
4,1250,85,750,194.0,1048.0
4,1250,90,500,165.0,1060.0
4,1250,95,250,128.0,1061.0
4,1250,99,50,86.0,1045.0
4,2000,0,8000,2208.0,1342.0
4,2000,20,6400,1793.0,1338.0
4,2000,40,4800,1272.0,1338.0
4,2000,50,4000,1112.5,1341.0
4,2000,75,2000,491.5,1336.0
4,2000,80,1600,409.0,1338.0
4,2000,85,1200,280.0,1312.0
4,2000,90,800,206.0,1338.0
4,2000,95,400,150.0,1299.0
4,2000,99,80,84.0,1338.0
4,2500,0,10000,2854.0,1576.0
4,2500,20,8000,2121.0,1552.5
4,2500,40,6000,1625.0,1598.0
4,2500,50,5000,1319.0,1524.0
4,2500,75,2500,611.0,1595.0
4,2500,80,2000,511.0,1492.0
4,2500,85,1500,371.5,1573.5
4,2500,90,1000,243.0,1527.0
4,2500,95,500,172.0,1558.5
4,2500,99,100,93.0,1581.0
4,5000,0,20000,6671.0,2383.0
4,5000,20,16000,5442.0,2381.0
4,5000,40,12000,4165.5,2386.0
4,5000,50,10000,3460.0,2326.0
4,5000,75,5000,1675.5,2385.0
4,5000,80,4000,1215.0,2381.5
4,5000,85,3000,933.0,2382.0
4,5000,90,2000,584.0,2384.0
4,5000,95,1000,266.0,2389.0
4,5000,99,200,110.0,2378.0
5,1,0,5,37.0,23.0
5,1,20,4,35.0,22.0
5,1,40,3,36.0,22.0
5,1,50,2,33.0,22.0
5,1,75,1,35.0,22.5
5,1,80,1,36.0,22.0
5,1,85,0,35.0,22.0
5,1,90,0,37.0,22.0
5,1,95,0,35.5,23.0
5,1,99,0,36.0,22.0
5,2,0,10,37.0,23.0
5,2,20,8,39.0,23.0
5,2,40,6,39.0,26.0
5,2,50,5,37.0,23.0
5,2,75,2,37.0,25.0
5,2,80,2,37.0,25.0
5,2,85,1,35.0,25.0
5,2,90,1,35.0,25.0
5,2,95,0,39.0,24.0
5,2,99,0,34.0,135.0
5,4,0,20,46.0,26.0
5,4,20,16,46.0,27.0
5,4,40,12,40.0,26.0
5,4,50,10,41.0,26.0
5,4,75,5,36.0,27.0
5,4,80,4,37.0,28.0
5,4,85,3,35.0,28.5
5,4,90,2,34.0,28.0
5,4,95,1,35.0,28.0
5,4,99,0,33.0,24.0
5,5,0,25,45.0,30.0
5,5,20,20,45.0,30.0
5,5,40,15,42.0,31.0
5,5,50,12,41.0,28.0
5,5,75,6,39.5,27.5
5,5,80,5,40.0,32.0
5,5,85,3,36.0,30.0
5,5,90,2,37.0,30.0
5,5,95,1,34.0,30.0
5,5,99,0,36.0,31.0
5,8,0,40,85.0,34.0
5,8,20,32,54.0,31.0
5,8,40,24,51.0,33.5
5,8,50,20,43.5,31.0
5,8,75,10,44.0,33.0
5,8,80,8,39.0,34.0
5,8,85,6,36.0,129.0
5,8,90,4,37.0,31.5
5,8,95,2,38.0,71.0
5,8,99,0,35.0,34.0
5,10,0,50,89.0,37.0
5,10,20,40,77.0,36.0
5,10,40,30,57.0,35.5
5,10,50,25,48.0,38.0
5,10,75,12,44.0,37.0
5,10,80,10,40.0,36.0
5,10,85,7,41.0,35.5
5,10,90,5,35.0,37.0
5,10,95,2,39.0,38.0
5,10,99,0,33.0,27.0
5,16,0,80,89.0,54.5
5,16,20,64,114.0,56.0
5,16,40,48,92.0,54.0
5,16,50,40,73.0,55.0
5,16,75,20,48.0,55.0
5,16,80,16,46.0,149.0
5,16,85,12,41.0,56.0
5,16,90,8,40.0,57.0
5,16,95,4,34.0,55.0
5,16,99,0,34.0,58.0
5,20,0,100,113.0,62.5
5,20,20,80,96.0,61.5
5,20,40,60,102.0,63.0
5,20,50,50,91.0,105.0
5,20,75,25,55.0,105.0
5,20,80,20,46.0,65.0
5,20,85,15,46.0,101.0
5,20,90,10,43.0,62.0
5,20,95,5,38.0,64.0
5,20,99,1,34.0,61.0
5,25,0,125,98.0,60.0
5,25,20,100,112.0,61.0
5,25,40,75,104.0,62.0
5,25,50,62,106.0,107.0
5,25,75,31,58.0,61.0
5,25,80,25,48.0,64.0
5,25,85,18,44.0,62.0
5,25,90,12,43.5,65.0
5,25,95,6,38.0,112.0
5,25,99,1,35.0,61.0
5,40,0,200,106.0,88.0
5,40,20,160,113.0,91.0
5,40,40,120,108.0,89.0
5,40,50,100,111.0,89.0
5,40,75,50,86.0,87.0
5,40,80,40,73.0,90.0
5,40,85,30,57.0,89.0
5,40,90,20,52.0,91.0
5,40,95,10,45.0,89.5
5,40,99,2,36.0,125.0
5,50,0,250,126.0,100.0
5,50,20,200,120.0,96.0
5,50,40,150,112.0,148.0
5,50,50,125,117.0,102.0
5,50,75,62,101.0,103.5
5,50,80,50,95.0,101.0
5,50,85,37,72.0,134.0
5,50,90,25,49.0,101.0
5,50,95,12,44.0,179.0
5,50,99,2,37.0,95.0
5,80,0,400,140.0,247.0
5,80,20,320,156.0,138.0
5,80,40,240,139.0,168.5
5,80,50,200,126.0,136.0
5,80,75,100,112.5,139.0
5,80,80,80,107.0,246.0
5,80,85,60,94.0,162.0
5,80,90,40,79.0,137.0
5,80,95,20,46.0,136.0
5,80,99,4,36.0,244.0
5,100,0,500,177.0,265.0
5,100,20,400,155.0,262.5
5,100,40,300,143.0,163.5
5,100,50,250,128.0,267.0
5,100,75,125,111.0,256.0
5,100,80,100,105.0,162.0
5,100,85,75,100.0,161.0
5,100,90,50,91.0,267.0
5,100,95,25,48.0,180.0
5,100,99,5,37.0,163.0
5,125,0,625,203.0,184.0
5,125,20,500,178.0,319.0
5,125,40,375,158.5,277.0
5,125,50,312,134.0,185.0
5,125,75,156,125.0,274.0
5,125,80,125,119.0,200.5
5,125,85,93,109.0,263.0
5,125,90,62,90.0,185.0
5,125,95,31,62.0,201.0
5,125,99,6,40.0,260.0
5,200,0,1000,231.0,378.0
5,200,20,800,213.0,306.5
5,200,40,600,188.0,369.0
5,200,50,500,172.0,391.0
5,200,75,250,125.0,313.0
5,200,80,200,132.0,352.5
5,200,85,150,125.0,334.0
5,200,90,100,112.0,318.0
5,200,95,50,82.0,374.0
5,200,99,10,43.0,370.0
5,250,0,1250,281.0,411.0
5,250,20,1000,253.0,362.5
5,250,40,750,210.0,344.0
5,250,50,625,189.0,321.0
5,250,75,312,139.0,419.0
5,250,80,250,129.0,398.0
5,250,85,187,128.0,428.0
5,250,90,125,118.0,453.0
5,250,95,62,109.0,450.0
5,250,99,12,47.0,362.0
5,400,0,2000,470.5,611.0
5,400,20,1600,394.5,515.0
5,400,40,1200,277.0,596.0
5,400,50,1000,244.0,623.0
5,400,75,500,174.0,616.0
5,400,80,400,158.0,609.0
5,400,85,300,147.0,631.0
5,400,90,200,122.0,554.0
5,400,95,100,114.0,580.0
5,400,99,20,48.0,584.0
5,500,0,2500,550.0,735.0
5,500,20,2000,477.0,639.5
5,500,40,1500,355.5,731.0
5,500,50,1250,299.0,736.0
5,500,75,625,198.0,640.0
5,500,80,500,179.0,739.0
5,500,85,375,159.0,734.5
5,500,90,250,137.0,645.0
5,500,95,125,109.0,706.0
5,500,99,25,50.0,750.0
5,625,0,3125,757.5,877.5
5,625,20,2500,564.0,891.0
5,625,40,1875,451.0,872.0
5,625,50,1562,373.0,858.0
5,625,75,781,215.0,881.0
5,625,80,625,185.0,865.0
5,625,85,468,175.0,857.5
5,625,90,312,144.0,853.0
5,625,95,156,114.5,770.0
5,625,99,31,64.0,825.0
5,1000,0,5000,1388.0,1323.0
5,1000,20,4000,1076.0,1251.0
5,1000,40,3000,734.0,1303.0
5,1000,50,2500,602.5,1233.5
5,1000,75,1250,290.0,1304.0
5,1000,80,1000,253.0,1226.0
5,1000,85,750,214.0,1282.0
5,1000,90,500,170.0,1357.0
5,1000,95,250,120.0,1228.5
5,1000,99,50,79.0,1281.0
5,1250,0,6250,1666.0,1514.0
5,1250,20,5000,1393.5,1544.5
5,1250,40,3750,1010.0,1615.0
5,1250,50,3125,796.0,1616.0
5,1250,75,1562,400.0,1513.0
5,1250,80,1250,292.0,1593.0
5,1250,85,937,256.0,1532.0
5,1250,90,625,197.0,1646.5
5,1250,95,312,144.0,1554.0
5,1250,99,62,100.0,1539.0
5,2000,0,10000,2743.0,2447.0
5,2000,20,8000,2206.0,2498.0
5,2000,40,6000,1654.5,2500.0
5,2000,50,5000,1343.0,2467.0
5,2000,75,2500,608.0,2472.0
5,2000,80,2000,508.0,2499.0
5,2000,85,1500,356.5,2452.0
5,2000,90,1000,237.0,2488.0
5,2000,95,500,166.0,2405.0
5,2000,99,100,107.0,2488.5
5,2500,0,12500,3307.0,2991.5
5,2500,20,10000,2615.0,3056.0
5,2500,40,7500,2048.0,3066.5
5,2500,50,6250,1693.0,2999.0
5,2500,75,3125,798.0,3121.5
5,2500,80,2500,602.0,3123.0
5,2500,85,1875,471.5,3122.0
5,2500,90,1250,302.0,3019.0
5,2500,95,625,186.0,3094.0
5,2500,99,125,120.0,3097.0
5,5000,0,25000,8045.0,6062.0
5,5000,20,20000,6642.5,5993.5
5,5000,40,15000,5280.5,5980.5
5,5000,50,12500,4595.0,5980.0
5,5000,75,6250,2135.0,5980.0
5,5000,80,5000,1456.0,6070.0
5,5000,85,3750,1164.0,6063.5
5,5000,90,2500,735.0,5988.0
5,5000,95,1250,323.0,5999.5
5,5000,99,250,137.0,6008.0
8,1,0,8,39.0,22.0
8,1,20,6,42.0,25.0
8,1,40,4,37.0,23.0
8,1,50,4,36.0,22.0
8,1,75,2,32.0,22.0
8,1,80,1,30.0,22.5
8,1,85,1,31.0,22.0
8,1,90,0,30.0,23.0
8,1,95,0,31.0,22.0
8,1,99,0,31.0,22.0
8,2,0,16,41.0,26.0
8,2,20,12,44.0,25.0
8,2,40,9,42.0,26.0
8,2,50,8,42.0,25.0
8,2,75,4,38.0,24.0
8,2,80,3,33.0,27.5
8,2,85,2,32.5,25.0
8,2,90,1,32.0,25.0
8,2,95,0,31.0,26.0
8,2,99,0,32.0,26.0
8,4,0,32,46.0,30.5
8,4,20,25,54.5,31.0
8,4,40,19,47.0,30.0
8,4,50,16,45.0,34.0
8,4,75,8,41.0,31.0
8,4,80,6,43.0,30.0
8,4,85,4,40.0,28.0
8,4,90,3,38.0,31.0
8,4,95,1,33.0,35.0
8,4,99,0,31.0,32.0
8,5,0,40,43.0,33.0
8,5,20,32,59.0,34.0
8,5,40,24,51.0,33.0
8,5,50,20,51.0,35.0
8,5,75,10,43.0,35.0
8,5,80,8,44.0,34.5
8,5,85,6,37.0,34.0
8,5,90,4,33.0,35.0
8,5,95,2,32.0,34.5
8,5,99,0,32.0,37.0
8,8,0,64,49.0,54.0
8,8,20,51,71.0,55.0
8,8,40,38,60.0,52.0
8,8,50,32,57.0,51.0
8,8,75,16,49.0,53.0
8,8,80,12,44.0,52.0
8,8,85,9,42.0,48.0
8,8,90,6,36.0,53.0
8,8,95,3,37.0,52.0
8,8,99,0,31.0,52.0
8,10,0,80,51.0,58.0
8,10,20,64,104.0,59.0
8,10,40,48,69.0,59.0
8,10,50,40,63.0,60.0
8,10,75,20,54.0,59.0
8,10,80,16,51.0,59.0
8,10,85,12,43.0,58.0
8,10,90,8,43.0,58.5
8,10,95,4,35.0,59.0
8,10,99,0,31.0,57.0
8,16,0,128,60.0,69.0
8,16,20,102,156.0,70.0
8,16,40,76,123.0,70.0
8,16,50,64,92.0,70.0
8,16,75,32,61.0,69.0
8,16,80,25,52.0,68.0
8,16,85,19,48.0,71.0
8,16,90,12,44.0,68.0
8,16,95,6,44.0,69.0
8,16,99,1,33.0,69.5
8,20,0,160,64.0,84.0
8,20,20,128,147.0,83.0
8,20,40,96,141.0,87.0
8,20,50,80,125.0,89.0
8,20,75,40,57.5,87.0
8,20,80,32,57.0,87.0
8,20,85,24,57.0,86.0
8,20,90,16,49.0,88.5
8,20,95,8,41.0,88.0
8,20,99,1,31.0,87.5
8,25,0,200,75.0,88.0
8,25,20,160,158.5,86.0
8,25,40,120,163.0,87.0
8,25,50,100,142.0,87.0
8,25,75,50,70.0,87.0
8,25,80,40,66.0,86.0
8,25,85,30,51.0,87.0
8,25,90,20,52.0,87.0
8,25,95,10,43.0,87.0
8,25,99,2,32.0,86.0
8,40,0,320,149.0,114.0
8,40,20,256,152.0,114.0
8,40,40,192,153.5,112.0
8,40,50,160,155.0,110.0
8,40,75,80,130.0,114.0
8,40,80,64,95.0,114.0
8,40,85,48,82.0,113.0
8,40,90,32,54.0,108.0
8,40,95,16,45.0,114.0
8,40,99,3,38.0,113.0
8,50,0,400,178.0,139.5
8,50,20,320,179.0,154.0
8,50,40,240,155.0,139.0
8,50,50,200,156.0,139.0
8,50,75,100,148.0,136.0
8,50,80,80,112.0,139.5
8,50,85,60,94.0,138.0
8,50,90,40,67.0,223.0
8,50,95,20,47.0,138.0
8,50,99,4,37.0,135.0
8,80,0,640,199.0,192.5
8,80,20,512,217.0,194.0
8,80,40,384,176.0,194.0
8,80,50,320,153.0,194.0
8,80,75,160,160.5,191.0
8,80,80,128,134.0,189.5
8,80,85,96,143.0,190.0
8,80,90,64,102.0,194.0
8,80,95,32,56.0,191.0
8,80,99,6,41.0,191.0
8,100,0,800,263.0,236.0
8,100,20,640,238.0,237.0
8,100,40,480,211.0,279.0
8,100,50,400,193.0,235.0
8,100,75,200,158.0,236.0
8,100,80,160,165.0,235.0
8,100,85,120,140.0,233.5
8,100,90,80,122.0,237.0
8,100,95,40,71.0,236.0
8,100,99,8,44.0,237.0
8,125,0,1000,303.0,280.0
8,125,20,800,246.0,281.0
8,125,40,600,229.0,277.5
8,125,50,500,209.0,273.0
8,125,75,250,171.0,272.5
8,125,80,200,164.0,282.0
8,125,85,150,156.0,281.0
8,125,90,100,140.0,287.5
8,125,95,50,81.0,281.5
8,125,99,10,44.0,304.0
8,200,0,1600,355.0,410.5
8,200,20,1280,322.0,406.0
8,200,40,960,270.0,406.0
8,200,50,800,271.0,414.0
8,200,75,400,184.0,407.0
8,200,80,320,178.0,410.0
8,200,85,240,166.0,409.0
8,200,90,160,165.0,411.0
8,200,95,80,125.0,402.0
8,200,99,16,51.0,409.0
8,250,0,2000,451.0,500.5
8,250,20,1600,399.0,498.5
8,250,40,1200,314.0,486.0
8,250,50,1000,299.0,478.5
8,250,75,500,220.0,499.0
8,250,80,400,184.0,475.5
8,250,85,300,179.0,520.0
8,250,90,200,165.0,493.5
8,250,95,100,142.0,503.0
8,250,99,20,51.0,492.0
8,400,0,3200,765.0,714.0
8,400,20,2560,595.0,711.0
8,400,40,1920,446.0,713.0
8,400,50,1600,388.0,713.0
8,400,75,800,264.0,713.0
8,400,80,640,247.0,712.0
8,400,85,480,204.0,715.0
8,400,90,320,173.0,714.0
8,400,95,160,159.0,712.0
8,400,99,32,58.0,715.0
8,500,0,4000,1015.0,867.0
8,500,20,3200,821.5,867.5
8,500,40,2400,544.5,839.0
8,500,50,2000,477.0,867.0
8,500,75,1000,285.0,865.0
8,500,80,800,267.0,867.0
8,500,85,600,224.0,865.0
8,500,90,400,193.0,865.0
8,500,95,200,157.0,865.0
8,500,99,40,65.0,865.0
8,625,0,5000,1340.5,1006.0
8,625,20,4000,1093.0,1004.0
8,625,40,3000,798.0,1005.5
8,625,50,2500,589.5,976.0
8,625,75,1250,329.0,1006.0
8,625,80,1000,285.0,1000.0
8,625,85,750,236.0,1005.0
8,625,90,500,202.0,1005.0
8,625,95,250,158.0,1007.0
8,625,99,50,73.0,1007.5
8,1000,0,8000,2032.0,1356.0
8,1000,20,6400,1731.0,1356.5
8,1000,40,4800,1247.0,1363.0
8,1000,50,4000,1058.5,1358.0
8,1000,75,2000,496.5,1363.0
8,1000,80,1600,380.0,1395.0
8,1000,85,1200,328.0,1363.0
8,1000,90,800,246.0,1359.0
8,1000,95,400,207.0,1365.5
8,1000,99,80,124.0,1364.0
8,1250,0,10000,2620.5,1591.0
8,1250,20,8000,2158.5,1598.0
8,1250,40,6000,1666.0,1594.0
8,1250,50,5000,1344.5,1602.5
8,1250,75,2500,635.0,1553.5
8,1250,80,2000,467.0,1627.5
8,1250,85,1500,372.0,1591.0
8,1250,90,1000,296.0,1609.0
8,1250,95,500,213.0,1598.0
8,1250,99,100,148.0,1601.0
8,2000,0,16000,4029.0,2306.0
8,2000,20,12800,3375.0,2307.0
8,2000,40,9600,2482.0,2296.0
8,2000,50,8000,2133.0,2296.5
8,2000,75,4000,1075.0,2307.0
8,2000,80,3200,843.0,2300.0
8,2000,85,2400,599.5,2307.0
8,2000,90,1600,401.0,2303.0
8,2000,95,800,254.0,2307.5
8,2000,99,160,162.0,2300.0
8,2500,0,20000,5623.0,2781.0
8,2500,20,16000,4314.5,2781.0
8,2500,40,12000,3148.0,2783.5
8,2500,50,10000,2593.0,2783.0
8,2500,75,5000,1284.0,2785.0
8,2500,80,4000,1104.5,2785.5
8,2500,85,3000,814.0,2791.0
8,2500,90,2000,503.5,2706.0
8,2500,95,1000,287.0,2704.0
8,2500,99,200,168.0,2787.0
8,5000,0,40000,12917.0,5119.5
8,5000,20,32000,10393.5,5124.0
8,5000,40,24000,8471.0,5109.5
8,5000,50,20000,7101.5,5113.5
8,5000,75,10000,3366.5,5108.0
8,5000,80,8000,2415.0,5124.5
8,5000,85,6000,1752.0,4963.5
8,5000,90,4000,1221.5,5102.0
8,5000,95,2000,592.0,5117.5
8,5000,99,400,198.0,5109.0
10,1,0,10,44.0,26.0
10,1,20,8,42.0,25.0
10,1,40,6,41.0,21.0
10,1,50,5,39.0,25.0
10,1,75,2,33.0,27.0
10,1,80,2,34.0,26.5
10,1,85,1,33.0,24.0
10,1,90,1,34.0,25.0
10,1,95,0,33.0,26.0
10,1,99,0,33.0,24.0
10,2,0,20,46.0,26.0
10,2,20,16,52.0,29.0
10,2,40,12,47.0,27.0
10,2,50,10,43.0,28.0
10,2,75,5,39.0,28.0
10,2,80,4,39.0,29.0
10,2,85,3,37.0,30.0
10,2,90,2,35.5,30.0
10,2,95,1,34.0,29.0
10,2,99,0,32.0,29.0
10,4,0,40,46.0,96.5
10,4,20,32,60.0,34.0
10,4,40,24,55.0,32.0
10,4,50,20,49.5,33.0
10,4,75,10,45.5,33.0
10,4,80,8,44.0,34.0
10,4,85,6,44.0,78.0
10,4,90,4,38.0,32.5
10,4,95,2,34.0,32.0
10,4,99,0,33.0,33.0
10,5,0,50,51.0,40.0
10,5,20,40,63.0,78.0
10,5,40,30,59.0,38.0
10,5,50,25,58.0,36.0
10,5,75,12,48.0,39.0
10,5,80,10,45.5,37.0
10,5,85,7,39.5,37.0
10,5,90,5,40.0,37.0
10,5,95,2,37.0,38.0
10,5,99,0,34.0,37.0
10,8,0,80,75.0,53.0
10,8,20,64,86.0,52.0
10,8,40,48,70.0,52.0
10,8,50,40,61.5,53.0
10,8,75,20,52.0,52.0
10,8,80,16,49.0,54.0
10,8,85,12,49.0,53.0
10,8,90,8,43.0,53.0
10,8,95,4,37.0,52.5
10,8,99,0,33.0,52.0
10,10,0,100,80.0,60.0
10,10,20,80,105.0,58.0
10,10,40,60,79.0,60.0
10,10,50,50,73.0,57.5
10,10,75,25,58.0,58.5
10,10,80,20,50.5,103.0
10,10,85,15,46.5,60.0
10,10,90,10,45.0,58.0
10,10,95,5,38.0,60.0
10,10,99,1,33.0,59.0
10,16,0,160,90.0,71.0
10,16,20,128,186.0,72.0
10,16,40,96,133.0,110.0
10,16,50,80,109.0,77.0
10,16,75,40,65.0,75.0
10,16,80,32,58.0,175.0
10,16,85,24,57.0,115.0
10,16,90,16,51.0,75.0
10,16,95,8,41.0,75.5
10,16,99,1,34.0,74.0
10,20,0,200,103.0,81.0
10,20,20,160,186.0,120.0
10,20,40,120,177.0,120.5
10,20,50,100,137.0,118.0
10,20,75,50,67.5,119.0
10,20,80,40,67.0,81.0
10,20,85,30,64.0,82.0
10,20,90,20,50.0,85.0
10,20,95,10,45.0,83.0
10,20,99,2,36.0,120.0
10,25,0,250,106.0,86.0
10,25,20,200,181.0,88.0
10,25,40,150,182.0,87.0
10,25,50,125,173.0,88.5
10,25,75,62,82.0,89.5
10,25,80,50,70.0,85.0
10,25,85,37,64.0,88.0
10,25,90,25,57.0,90.0
10,25,95,12,49.0,87.5
10,25,99,2,38.0,89.0
10,40,0,400,181.0,159.0
10,40,20,320,201.0,127.5
10,40,40,240,192.0,128.0
10,40,50,200,169.0,156.5
10,40,75,100,149.0,160.0
10,40,80,80,109.0,128.0
10,40,85,60,81.0,128.0
10,40,90,40,69.0,125.0
10,40,95,20,52.0,230.0
10,40,99,4,36.0,131.0
10,50,0,500,216.0,147.5
10,50,20,400,221.0,173.0
10,50,40,300,202.0,149.0
10,50,50,250,202.0,148.0
10,50,75,125,166.0,244.5
10,50,80,100,132.0,143.0
10,50,85,75,104.0,146.0
10,50,90,50,68.0,149.0
10,50,95,25,57.0,146.0
10,50,99,5,40.0,250.0
10,80,0,800,243.0,293.0
10,80,20,640,241.5,293.5
10,80,40,480,211.0,207.0
10,80,50,400,214.0,299.0
10,80,75,200,190.0,290.5
10,80,80,160,183.0,298.0
10,80,85,120,155.0,212.0
10,80,90,80,113.0,295.5
10,80,95,40,63.0,211.5
10,80,99,8,43.0,315.0
10,100,0,1000,320.0,311.5
10,100,20,800,286.0,321.0
10,100,40,600,248.0,320.0
10,100,50,500,226.0,247.0
10,100,75,250,201.0,331.0
10,100,80,200,183.0,316.0
10,100,85,150,172.0,317.0
10,100,90,100,149.0,325.0
10,100,95,50,73.0,352.0
10,100,99,10,45.0,250.0
10,125,0,1250,369.0,379.0
10,125,20,1000,310.0,294.0
10,125,40,750,258.0,309.0
10,125,50,625,242.0,382.0
10,125,75,312,191.0,337.0
10,125,80,250,187.0,343.5
10,125,85,187,178.0,351.0
10,125,90,125,179.0,348.0
10,125,95,62,89.0,342.5
10,125,99,12,46.0,350.0
10,200,0,2000,454.0,479.0
10,200,20,1600,415.0,452.5
10,200,40,1200,354.0,486.0
10,200,50,1000,311.0,483.5
10,200,75,500,244.0,488.0
10,200,80,400,215.0,487.0
10,200,85,300,193.0,501.0
10,200,90,200,177.0,462.0
10,200,95,100,142.0,484.5
10,200,99,20,52.0,454.0
10,250,0,2500,580.0,570.0
10,250,20,2000,472.0,590.5
10,250,40,1500,386.0,569.5
10,250,50,1250,365.0,568.0
10,250,75,625,251.0,577.0
10,250,80,500,225.0,552.5
10,250,85,375,216.0,571.0
10,250,90,250,193.0,573.0
10,250,95,125,187.0,573.5
10,250,99,25,56.0,571.0
10,400,0,4000,1019.0,826.0
10,400,20,3200,808.5,842.5
10,400,40,2400,565.0,825.0
10,400,50,2000,475.0,827.0
10,400,75,1000,309.0,826.5
10,400,80,800,277.0,826.0
10,400,85,600,257.0,827.0
10,400,90,400,224.0,825.0
10,400,95,200,195.0,841.0
10,400,99,40,64.0,825.0
10,500,0,5000,1275.0,983.0
10,500,20,4000,1065.0,979.0
10,500,40,3000,777.0,982.0
10,500,50,2500,579.0,981.0
10,500,75,1250,333.0,981.0
10,500,80,1000,318.0,983.0
10,500,85,750,277.0,980.0
10,500,90,500,216.0,984.0
10,500,95,250,205.0,959.0
10,500,99,50,89.0,980.0
10,625,0,6250,1696.0,1145.0
10,625,20,5000,1332.0,1146.0
10,625,40,3750,1039.5,1143.0
10,625,50,3125,844.0,1142.5
10,625,75,1562,412.0,1140.5
10,625,80,1250,332.0,1142.0
10,625,85,937,311.0,1142.0
10,625,90,625,260.0,1146.0
10,625,95,312,212.0,1140.5
10,625,99,62,87.0,1140.5
10,1000,0,10000,2564.5,1611.0
10,1000,20,8000,2149.0,1608.5
10,1000,40,6000,1607.0,1607.0
10,1000,50,5000,1345.0,1611.0
10,1000,75,2500,636.0,1610.0
10,1000,80,2000,477.0,1606.0
10,1000,85,1500,406.0,1628.0
10,1000,90,1000,311.0,1608.0
10,1000,95,500,227.0,1609.0
10,1000,99,100,137.0,1604.0
10,1250,0,12500,3320.0,1919.5
10,1250,20,10000,2681.0,1921.0
10,1250,40,7500,2055.5,1920.0
10,1250,50,6250,1675.0,1919.0
10,1250,75,3125,818.0,1919.0
10,1250,80,2500,635.0,1918.0
10,1250,85,1875,455.0,1920.0
10,1250,90,1250,332.0,1918.5
10,1250,95,625,238.0,1917.5
10,1250,99,125,157.0,1917.0
10,2000,0,20000,5079.5,2864.0
10,2000,20,16000,4431.0,2863.0
10,2000,40,12000,3200.5,2881.0
10,2000,50,10000,2698.0,2859.0
10,2000,75,5000,1363.0,2859.5
10,2000,80,4000,1057.0,2867.0
10,2000,85,3000,768.0,2868.0
10,2000,90,2000,495.0,2768.5
10,2000,95,1000,302.0,2861.5
10,2000,99,200,174.0,2861.0
10,2500,0,25000,6912.5,3483.0
10,2500,20,20000,5520.0,3488.0
10,2500,40,15000,3985.0,3484.5
10,2500,50,12500,3309.5,3470.5
10,2500,75,6250,1643.0,3482.0
10,2500,80,5000,1351.0,3478.5
10,2500,85,3750,1012.0,3481.0
10,2500,90,2500,637.0,3504.5
10,2500,95,1250,355.0,3494.0
10,2500,99,250,196.0,3485.0
10,5000,0,50000,16171.0,6611.0
10,5000,20,40000,13066.5,6609.0
10,5000,40,30000,10181.5,6607.0
10,5000,50,25000,8780.0,6437.5
10,5000,75,12500,4278.5,6611.5
10,5000,80,10000,3118.0,6612.0
10,5000,85,7500,2332.0,6432.0
10,5000,90,5000,1492.0,6601.5
10,5000,95,2500,763.0,6612.0
10,5000,99,500,236.0,6435.0
16,1,0,16,47.0,23.0
16,1,20,12,51.0,25.0
16,1,40,9,50.0,26.0
16,1,50,8,44.0,25.0
16,1,75,4,39.0,24.0
16,1,80,3,43.0,24.5
16,1,85,2,34.0,24.0
16,1,90,1,32.0,24.0
16,1,95,0,32.0,24.0
16,1,99,0,32.0,23.0
16,2,0,32,49.0,127.0
16,2,20,25,61.0,29.0
16,2,40,19,59.0,30.0
16,2,50,16,51.5,29.5
16,2,75,8,41.0,30.0
16,2,80,6,42.5,29.0
16,2,85,4,41.0,30.0
16,2,90,3,39.0,28.0
16,2,95,1,33.0,29.0
16,2,99,0,34.0,30.0
16,4,0,64,52.0,65.0
16,4,20,51,73.0,66.0
16,4,40,38,69.0,61.0
16,4,50,32,67.0,63.0
16,4,75,16,52.0,62.5
16,4,80,12,50.0,64.0
16,4,85,9,41.0,62.0
16,4,90,6,41.0,65.0
16,4,95,3,38.0,61.0
16,4,99,0,31.0,63.0
16,5,0,80,60.0,64.0
16,5,20,64,81.5,67.0
16,5,40,48,73.0,67.0
16,5,50,40,72.0,64.0
16,5,75,20,57.0,64.5
16,5,80,16,55.0,65.0
16,5,85,12,50.0,65.5
16,5,90,8,46.0,68.0
16,5,95,4,40.0,62.0
16,5,99,0,33.0,66.0
16,8,0,128,69.0,83.0
16,8,20,102,109.0,83.0
16,8,40,76,88.0,82.0
16,8,50,64,85.0,80.0
16,8,75,32,66.0,83.0
16,8,80,25,60.0,84.0
16,8,85,19,54.0,82.0
16,8,90,12,49.0,82.0
16,8,95,6,42.0,84.0
16,8,99,1,34.0,83.0
16,10,0,160,74.0,86.0
16,10,20,128,126.0,83.0
16,10,40,96,93.0,86.0
16,10,50,80,90.0,88.0
16,10,75,40,70.0,85.5
16,10,80,32,64.0,86.0
16,10,85,24,59.0,87.0
16,10,90,16,49.0,86.0
16,10,95,8,43.0,86.0
16,10,99,1,36.0,82.5
16,16,0,256,92.0,124.0
16,16,20,204,285.0,122.5
16,16,40,153,149.0,123.0
16,16,50,128,139.0,123.0
16,16,75,64,90.0,121.5
16,16,80,51,76.0,123.0
16,16,85,38,65.0,122.0
16,16,90,25,64.5,122.0
16,16,95,12,49.0,122.0
16,16,99,2,35.0,122.0
16,20,0,320,101.0,160.0
16,20,20,256,278.0,158.0
16,20,40,192,254.0,156.0
16,20,50,160,167.0,153.0
16,20,75,80,92.0,159.0
16,20,80,64,81.0,159.0
16,20,85,48,74.0,158.0
16,20,90,32,61.0,158.0
16,20,95,16,50.0,158.0
16,20,99,3,38.0,156.5
16,25,0,400,112.0,156.0
16,25,20,320,262.0,158.5
16,25,40,240,250.0,154.5
16,25,50,200,251.0,159.0
16,25,75,100,105.0,152.0
16,25,80,80,91.0,180.0
16,25,85,60,85.0,155.0
16,25,90,40,70.0,209.0
16,25,95,20,60.0,156.0
16,25,99,4,35.0,156.0
16,40,0,640,264.0,214.0
16,40,20,512,289.0,209.0
16,40,40,384,279.0,210.0
16,40,50,320,290.0,213.0
16,40,75,160,166.0,210.5
16,40,80,128,133.0,211.0
16,40,85,96,106.0,259.0
16,40,90,64,82.0,203.0
16,40,95,32,66.0,212.5
16,40,99,6,41.0,213.0
16,50,0,800,316.0,265.0
16,50,20,640,324.0,247.0
16,50,40,480,293.0,242.5
16,50,50,400,293.0,242.0
16,50,75,200,250.0,243.5
16,50,80,160,219.0,238.5
16,50,85,120,122.0,246.0
16,50,90,80,89.0,240.5
16,50,95,40,68.5,237.0
16,50,99,8,44.0,308.0
16,80,0,1280,364.0,352.5
16,80,20,1024,382.0,357.0
16,80,40,768,345.0,354.5
16,80,50,640,313.0,358.5
16,80,75,320,295.0,355.0
16,80,80,256,287.0,351.0
16,80,85,192,194.0,356.0
16,80,90,128,146.5,337.0
16,80,95,64,83.0,345.0
16,80,99,12,47.0,352.5
16,100,0,1600,474.0,449.5
16,100,20,1280,425.0,360.0
16,100,40,960,397.0,449.0
16,100,50,800,342.0,450.0
16,100,75,400,291.0,449.0
16,100,80,320,287.0,452.5
16,100,85,240,274.0,453.0
16,100,90,160,168.0,450.0
16,100,95,80,92.5,471.0
16,100,99,16,51.0,452.0
16,125,0,2000,571.0,534.0
16,125,20,1600,465.0,535.0
16,125,40,1200,413.0,535.0
16,125,50,1000,387.0,533.0
16,125,75,500,299.0,533.0
16,125,80,400,279.0,540.0
16,125,85,300,269.0,535.0
16,125,90,200,260.0,533.5
16,125,95,100,106.0,515.0
16,125,99,20,55.0,532.0
16,200,0,3200,750.0,711.0
16,200,20,2560,634.0,712.0
16,200,40,1920,552.0,710.0
16,200,50,1600,489.0,708.0
16,200,75,800,351.0,709.0
16,200,80,640,343.0,710.0
16,200,85,480,312.0,710.5
16,200,90,320,277.0,711.0
16,200,95,160,167.0,709.0
16,200,99,32,64.0,709.0
16,250,0,4000,1041.0,839.0
16,250,20,3200,806.5,838.0
16,250,40,2400,631.0,840.0
16,250,50,2000,536.0,842.0
16,250,75,1000,393.0,838.0
16,250,80,800,350.0,841.0
16,250,85,600,319.0,844.0
16,250,90,400,280.0,868.0
16,250,95,200,248.0,814.0
16,250,99,40,70.0,839.0
16,400,0,6400,1585.5,1219.0
16,400,20,5120,1400.0,1217.5
16,400,40,3840,1022.0,1218.0
16,400,50,3200,831.0,1182.0
16,400,75,1600,457.0,1219.0
16,400,80,1280,415.0,1126.0
16,400,85,960,357.0,1218.5
16,400,90,640,337.0,1218.0
16,400,95,320,289.0,1217.0
16,400,99,64,86.0,1182.0
16,500,0,8000,2141.0,1502.0
16,500,20,6400,1725.0,1501.0
16,500,40,4800,1309.5,1500.0
16,500,50,4000,1104.5,1501.0
16,500,75,2000,530.0,1503.0
16,500,80,1600,481.0,1523.0
16,500,85,1200,404.5,1502.5
16,500,90,800,320.0,1504.0
16,500,95,400,298.0,1506.0
16,500,99,80,95.0,1500.0
16,625,0,10000,2632.5,1782.0
16,625,20,8000,2164.0,1781.0
16,625,40,6000,1627.5,1782.0
16,625,50,5000,1366.0,1781.0
16,625,75,2500,635.0,1783.0
16,625,80,2000,546.0,1781.0
16,625,85,1500,496.0,1783.0
16,625,90,1000,384.0,1783.0
16,625,95,500,311.0,1780.0
16,625,99,100,102.0,1775.5
16,1000,0,16000,4403.5,2720.0
16,1000,20,12800,3382.5,2719.0
16,1000,40,9600,2597.0,2723.0
16,1000,50,8000,2064.0,2721.5
16,1000,75,4000,1064.5,2722.0
16,1000,80,3200,860.0,2721.0
16,1000,85,2400,632.0,2723.0
16,1000,90,1600,480.0,2726.0
16,1000,95,800,342.0,2720.0
16,1000,99,160,161.0,2716.5
16,1250,0,20000,5213.0,3347.0
16,1250,20,16000,4281.0,3247.0
16,1250,40,12000,3185.5,3347.0
16,1250,50,10000,2707.5,3350.5
16,1250,75,5000,1294.5,3280.0
16,1250,80,4000,1097.0,3347.0
16,1250,85,3000,806.0,3342.0
16,1250,90,2000,539.5,3347.0
16,1250,95,1000,356.0,3345.0
16,1250,99,200,239.0,3350.0
16,2000,0,32000,8506.5,5221.5
16,2000,20,25600,6896.5,5217.5
16,2000,40,19200,5132.5,5226.0
16,2000,50,16000,4289.0,5223.5
16,2000,75,8000,2081.0,5112.5
16,2000,80,6400,1710.5,5222.5
16,2000,85,4800,1274.0,5223.0
16,2000,90,3200,867.0,5223.5
16,2000,95,1600,496.0,5212.5
16,2000,99,320,271.0,5220.0
16,2500,0,40000,10968.5,6494.5
16,2500,20,32000,8523.5,6406.0
16,2500,40,24000,6411.0,6501.5
16,2500,50,20000,5346.0,6496.5
16,2500,75,10000,2627.0,6504.0
16,2500,80,8000,2159.0,6502.5
16,2500,85,6000,1593.0,6326.5
16,2500,90,4000,1062.0,6513.0
16,2500,95,2000,568.0,6328.5
16,2500,99,400,289.0,6330.0
16,5000,0,80000,25260.0,12375.0
16,5000,20,64000,20917.0,12383.0
16,5000,40,48000,16226.5,12375.0
16,5000,50,40000,13876.5,12376.0
16,5000,75,20000,6609.5,12377.0
16,5000,80,16000,4779.0,12375.5
16,5000,85,12000,3606.0,12382.0
16,5000,90,8000,2397.5,12375.5
16,5000,95,4000,1231.5,12375.0
16,5000,99,800,358.0,12751.0
20,1,0,20,52.0,28.0
20,1,20,16,60.0,28.0
20,1,40,12,54.0,26.5
20,1,50,10,46.0,25.0
20,1,75,5,47.0,26.0
20,1,80,4,45.0,26.0
20,1,85,3,41.0,25.0
20,1,90,2,38.0,26.0
20,1,95,1,42.0,27.0
20,1,99,0,37.0,27.0
20,2,0,40,57.0,154.0
20,2,20,32,117.0,30.0
20,2,40,24,65.0,35.0
20,2,50,20,61.0,34.0
20,2,75,10,48.0,36.5
20,2,80,8,45.0,35.0
20,2,85,6,47.0,32.5
20,2,90,4,41.0,37.0
20,2,95,2,42.0,31.0
20,2,99,0,37.0,31.0
20,4,0,80,64.0,166.0
20,4,20,64,96.0,40.0
20,4,40,48,80.0,41.0
20,4,50,40,73.0,169.0
20,4,75,20,58.0,41.0
20,4,80,16,56.0,168.0
20,4,85,12,48.0,169.0
20,4,90,8,48.0,42.0
20,4,95,4,40.0,170.5
20,4,99,0,34.0,168.0
20,5,0,100,70.0,164.0
20,5,20,80,95.0,164.0
20,5,40,60,84.5,165.5
20,5,50,50,83.0,162.0
20,5,75,25,62.0,163.0
20,5,80,20,59.0,169.0
20,5,85,15,55.0,166.0
20,5,90,10,51.0,163.0
20,5,95,5,43.0,166.0
20,5,99,1,36.0,169.0
20,8,0,160,107.0,187.0
20,8,20,128,126.0,181.0
20,8,40,96,104.0,94.5
20,8,50,80,95.0,176.0
20,8,75,40,73.0,173.0
20,8,80,32,71.0,163.0
20,8,85,24,62.0,183.0
20,8,90,16,55.0,180.0
20,8,95,8,51.0,182.0
20,8,99,1,42.0,182.0
20,10,0,200,126.0,179.0
20,10,20,160,153.0,183.0
20,10,40,120,117.0,179.5
20,10,50,100,102.0,191.0
20,10,75,50,81.5,190.0
20,10,80,40,71.0,181.5
20,10,85,30,64.0,185.0
20,10,90,20,62.0,188.0
20,10,95,10,46.0,185.0
20,10,99,2,40.0,181.0
20,16,0,320,144.0,204.0
20,16,20,256,344.0,219.0
20,16,40,192,192.0,215.0
20,16,50,160,163.0,201.0
20,16,75,80,105.0,210.5
20,16,80,64,91.0,208.0
20,16,85,48,74.0,211.5
20,16,90,32,69.0,209.0
20,16,95,16,52.0,216.0
20,16,99,3,44.0,209.0
20,20,0,400,173.0,218.0
20,20,20,320,314.0,227.0
20,20,40,240,318.0,232.0
20,20,50,200,204.0,233.5
20,20,75,100,109.0,229.0
20,20,80,80,94.5,232.0
20,20,85,60,86.0,225.0
20,20,90,40,73.0,233.0
20,20,95,20,52.0,151.0
20,20,99,4,38.0,239.5
20,25,0,500,176.0,240.5
20,25,20,400,348.0,241.0
20,25,40,300,331.0,245.5
20,25,50,250,314.0,241.0
20,25,75,125,127.0,235.5
20,25,80,100,104.0,251.0
20,25,85,75,89.5,236.0
20,25,90,50,78.0,238.0
20,25,95,25,59.0,243.0
20,25,99,5,41.0,243.0
20,40,0,800,311.0,307.0
20,40,20,640,358.0,303.0
20,40,40,480,327.0,306.0
20,40,50,400,339.0,294.0
20,40,75,200,230.0,292.0
20,40,80,160,180.0,286.0
20,40,85,120,120.0,294.0
20,40,90,80,97.0,301.0
20,40,95,40,75.0,309.0
20,40,99,8,48.0,307.0
20,50,0,1000,394.0,331.0
20,50,20,800,391.0,340.0
20,50,40,600,360.0,289.0
20,50,50,500,361.0,327.0
20,50,75,250,245.0,337.0
20,50,80,200,184.0,325.0
20,50,85,150,147.0,328.0
20,50,90,100,105.0,341.0
20,50,95,50,81.0,330.0
20,50,99,10,52.0,332.0
20,80,0,1600,449.0,298.0
20,80,20,1280,473.0,414.0
20,80,40,960,417.0,411.0
20,80,50,800,401.0,409.0
20,80,75,400,350.0,400.0
20,80,80,320,289.0,410.0
20,80,85,240,275.0,417.0
20,80,90,160,153.0,409.0
20,80,95,80,107.5,410.0
20,80,99,16,54.0,413.0
20,100,0,2000,601.0,483.5
20,100,20,1600,535.0,451.5
20,100,40,1200,474.0,470.0
20,100,50,1000,437.0,509.5
20,100,75,500,336.0,474.0
20,100,80,400,329.0,476.0
20,100,85,300,318.0,486.5
20,100,90,200,179.0,473.0
20,100,95,100,103.0,473.0
20,100,99,20,62.0,471.0
20,125,0,2500,705.0,555.5
20,125,20,2000,549.0,554.0
20,125,40,1500,527.0,555.0
20,125,50,1250,488.0,560.5
20,125,75,625,347.0,556.0
20,125,80,500,350.0,560.5
20,125,85,375,317.0,544.0
20,125,90,250,301.0,556.0
20,125,95,125,127.0,561.0
20,125,99,25,63.0,553.0
20,200,0,4000,954.0,813.5
20,200,20,3200,812.5,800.5
20,200,40,2400,648.0,769.0
20,200,50,2000,566.5,811.0
20,200,75,1000,404.0,800.0
20,200,80,800,392.0,797.0
20,200,85,600,370.0,799.0
20,200,90,400,320.0,801.5
20,200,95,200,208.0,802.0
20,200,99,40,79.0,778.0
20,250,0,5000,1348.5,961.0
20,250,20,4000,1063.0,961.0
20,250,40,3000,758.0,961.5
20,250,50,2500,673.0,957.5
20,250,75,1250,461.0,957.5
20,250,80,1000,428.0,960.0
20,250,85,750,416.0,961.5
20,250,90,500,363.0,987.5
20,250,95,250,298.0,957.5
20,250,99,50,80.0,960.0
20,400,0,8000,2249.0,1348.0
20,400,20,6400,1767.0,1354.0
20,400,40,4800,1290.5,1372.0
20,400,50,4000,1081.0,1382.5
20,400,75,2000,557.0,1370.0
20,400,80,1600,511.0,1365.0
20,400,85,1200,465.0,1392.0
20,400,90,800,384.0,1373.0
20,400,95,400,320.0,1368.5
20,400,99,80,107.0,1368.0
20,500,0,10000,2669.0,1658.0
20,500,20,8000,2191.0,1612.0
20,500,40,6000,1623.0,1532.0
20,500,50,5000,1344.0,1615.5
20,500,75,2500,674.5,1671.0
20,500,80,2000,576.0,1692.0
20,500,85,1500,499.0,1609.5
20,500,90,1000,414.0,1614.0
20,500,95,500,351.0,1674.0
20,500,99,100,112.0,1671.0
20,625,0,12500,3401.0,1972.0
20,625,20,10000,2729.5,1980.0
20,625,40,7500,2039.5,2029.5
20,625,50,6250,1676.0,1991.0
20,625,75,3125,828.5,1982.5
20,625,80,2500,680.0,1976.5
20,625,85,1875,567.0,2024.0
20,625,90,1250,466.0,2026.0
20,625,95,625,371.0,1953.5
20,625,99,125,117.0,1981.0
20,1000,0,20000,5468.0,3088.0
20,1000,20,16000,4312.0,3022.0
20,1000,40,12000,3247.0,3086.0
20,1000,50,10000,2651.5,3005.0
20,1000,75,5000,1287.0,2999.5
20,1000,80,4000,1084.5,3015.0
20,1000,85,3000,815.5,3101.5
20,1000,90,2000,604.0,3084.0
20,1000,95,1000,412.0,2997.5
20,1000,99,200,208.5,3068.0
20,1250,0,25000,6398.0,3698.0
20,1250,20,20000,5314.0,3818.5
20,1250,40,15000,4013.0,3699.0
20,1250,50,12500,3388.0,3806.5
20,1250,75,6250,1662.0,3700.5
20,1250,80,5000,1336.0,3677.0
20,1250,85,3750,1025.0,3799.5
20,1250,90,2500,676.0,3805.0
20,1250,95,1250,485.0,3798.0
20,1250,99,250,308.0,3681.5
20,2000,0,40000,10631.5,5818.0
20,2000,20,32000,8333.0,5449.0
20,2000,40,24000,6399.0,5884.5
20,2000,50,20000,5370.0,5797.0
20,2000,75,10000,2621.5,5542.0
20,2000,80,8000,2105.0,5461.0
20,2000,85,6000,1637.0,5869.0
20,2000,90,4000,1066.0,5933.0
20,2000,95,2000,577.0,5870.0
20,2000,99,400,342.0,5528.0
20,2500,0,50000,13661.5,7180.0
20,2500,20,40000,10232.0,6888.5
20,2500,40,30000,7887.0,6839.5
20,2500,50,25000,6687.0,7234.5
20,2500,75,12500,3404.0,6980.0
20,2500,80,10000,2752.5,7116.5
20,2500,85,7500,2060.0,7138.5
20,2500,90,5000,1321.0,7058.0
20,2500,95,2500,696.0,6894.0
20,2500,99,500,360.0,7195.5
20,5000,0,100000,31604.5,14105.0
20,5000,20,80000,26408.5,12743.0
20,5000,40,60000,20378.5,14104.5
20,5000,50,50000,17346.0,12795.5
20,5000,75,25000,8380.0,14053.0
20,5000,80,20000,6206.0,12742.0
20,5000,85,15000,4532.5,12781.0
20,5000,90,10000,3024.0,12799.5
20,5000,95,5000,1543.0,12735.0
20,5000,99,1000,417.0,13002.0
25,1,0,25,55.0,27.0
25,1,20,20,59.0,31.0
25,1,40,15,60.0,29.0
25,1,50,12,54.0,29.0
25,1,75,6,47.0,30.0
25,1,80,5,37.0,27.0
25,1,85,3,40.0,30.0
25,1,90,2,35.0,33.0
25,1,95,1,34.0,27.0
25,1,99,0,32.0,25.0
25,2,0,50,58.0,34.0
25,2,20,40,83.0,34.0
25,2,40,30,71.0,36.0
25,2,50,25,65.0,33.0
25,2,75,12,50.0,35.0
25,2,80,10,50.0,36.0
25,2,85,7,44.0,36.0
25,2,90,5,39.0,34.0
25,2,95,2,40.0,35.5
25,2,99,0,33.0,34.0
25,4,0,100,68.0,36.5
25,4,20,80,114.0,46.0
25,4,40,60,91.0,47.0
25,4,50,50,85.0,45.0
25,4,75,25,69.0,45.0
25,4,80,20,60.0,46.0
25,4,85,15,56.0,47.0
25,4,90,10,49.0,45.5
25,4,95,5,42.0,157.0
25,4,99,1,33.0,42.0
25,5,0,125,75.0,169.0
25,5,20,100,110.0,166.5
25,5,40,75,98.0,167.5
25,5,50,62,87.0,170.5
25,5,75,31,73.0,174.0
25,5,80,25,69.0,175.0
25,5,85,18,61.0,169.0
25,5,90,12,54.0,171.5
25,5,95,6,40.0,169.0
25,5,99,1,33.0,180.0
25,8,0,200,100.0,184.0
25,8,20,160,148.0,184.0
25,8,40,120,123.0,193.5
25,8,50,100,109.0,79.0
25,8,75,50,83.0,195.0
25,8,80,40,80.0,181.5
25,8,85,30,74.0,184.0
25,8,90,20,59.0,182.0
25,8,95,10,50.0,198.0
25,8,99,2,35.5,180.0
25,10,0,250,109.0,191.0
25,10,20,200,193.0,188.0
25,10,40,150,151.0,188.0
25,10,50,125,131.0,191.0
25,10,75,62,94.0,195.0
25,10,80,50,82.0,192.0
25,10,85,37,76.5,191.0
25,10,90,25,65.0,206.0
25,10,95,12,52.0,135.0
25,10,99,2,34.0,190.0
25,16,0,400,138.0,229.0
25,16,20,320,413.0,219.5
25,16,40,240,240.0,218.0
25,16,50,200,181.0,218.5
25,16,75,100,130.0,217.5
25,16,80,80,101.0,215.0
25,16,85,60,90.5,220.0
25,16,90,40,78.0,218.0
25,16,95,20,60.0,238.0
25,16,99,4,37.0,216.5
25,20,0,500,163.0,248.0
25,20,20,400,402.5,232.0
25,20,40,300,312.0,243.0
25,20,50,250,246.0,236.0
25,20,75,125,129.0,233.0
25,20,80,100,114.0,241.5
25,20,85,75,92.0,234.0
25,20,90,50,83.0,226.0
25,20,95,25,68.0,235.0
25,20,99,5,37.0,236.0
25,25,0,625,184.0,249.0
25,25,20,500,417.0,255.0
25,25,40,375,374.0,250.0
25,25,50,312,371.0,253.0
25,25,75,156,165.0,253.0
25,25,80,125,159.0,147.0
25,25,85,93,119.5,252.0
25,25,90,62,92.0,252.0
25,25,95,31,73.0,250.5
25,25,99,6,42.0,248.0
25,40,0,1000,395.0,315.0
25,40,20,800,449.0,340.0
25,40,40,600,443.0,303.0
25,40,50,500,419.0,199.5
25,40,75,250,266.0,317.0
25,40,80,200,194.0,340.0
25,40,85,150,144.0,307.0
25,40,90,100,128.0,316.0
25,40,95,50,85.0,327.0
25,40,99,10,49.0,314.0
25,50,0,1250,484.0,370.0
25,50,20,1000,499.0,353.5
25,50,40,750,427.0,353.0
25,50,50,625,416.0,355.0
25,50,75,312,401.0,357.0
25,50,80,250,259.0,357.0
25,50,85,187,188.0,393.0
25,50,90,125,125.0,353.0
25,50,95,62,90.0,391.5
25,50,99,12,54.0,351.0
25,80,0,2000,552.0,473.0
25,80,20,1600,587.0,476.0
25,80,40,1200,479.0,465.0
25,80,50,1000,490.0,481.0
25,80,75,500,396.0,494.0
25,80,80,400,339.0,464.0
25,80,85,300,295.0,452.5
25,80,90,200,196.0,340.0
25,80,95,100,128.0,463.0
25,80,99,20,61.0,472.5
25,100,0,2500,741.0,556.0
25,100,20,2000,655.0,577.0
25,100,40,1500,568.0,550.0
25,100,50,1250,536.0,553.0
25,100,75,625,430.5,552.0
25,100,80,500,397.0,552.0
25,100,85,375,401.0,546.0
25,100,90,250,237.0,556.0
25,100,95,125,128.0,554.0
25,100,99,25,66.0,551.0
25,125,0,3125,878.0,657.0
25,125,20,2500,732.0,650.0
25,125,40,1875,633.0,652.0
25,125,50,1562,581.0,656.0
25,125,75,781,436.0,627.0
25,125,80,625,429.0,651.0
25,125,85,468,418.0,668.0
25,125,90,312,288.0,635.0
25,125,95,156,155.5,653.0
25,125,99,31,73.0,665.5
25,200,0,5000,1314.0,946.0
25,200,20,4000,1052.0,920.0
25,200,40,3000,815.0,962.0
25,200,50,2500,724.0,936.0
25,200,75,1250,505.0,957.0
25,200,80,1000,490.0,949.0
25,200,85,750,453.0,949.0
25,200,90,500,407.0,957.5
25,200,95,250,271.0,949.0
25,200,99,50,74.0,940.0
25,250,0,6250,1635.5,1077.0
25,250,20,5000,1389.0,1077.0
25,250,40,3750,1010.0,1084.0
25,250,50,3125,809.0,1091.0
25,250,75,1562,577.0,1089.0
25,250,80,1250,528.0,1071.0
25,250,85,937,483.0,1074.5
25,250,90,625,442.0,1042.5
25,250,95,312,326.0,1070.0
25,250,99,62,90.0,1076.0
25,400,0,10000,2590.0,1400.5
25,400,20,8000,2132.0,1383.0
25,400,40,6000,1642.0,1430.0
25,400,50,5000,1369.0,1430.5
25,400,75,2500,716.0,1431.0
25,400,80,2000,632.0,1449.0
25,400,85,1500,551.5,1429.0
25,400,90,1000,476.0,1431.0
25,400,95,500,428.0,1387.0
25,400,99,100,126.0,1426.5
25,500,0,12500,3323.0,1660.0
25,500,20,10000,2697.0,1658.0
25,500,40,7500,2068.0,1661.5
25,500,50,6250,1720.5,1609.0
25,500,75,3125,831.0,1657.0
25,500,80,2500,743.0,1654.0
25,500,85,1875,617.0,1651.0
25,500,90,1250,521.0,1666.0
25,500,95,625,404.0,1659.5
25,500,99,125,147.5,1652.0
25,625,0,15625,4229.5,1962.0
25,625,20,12500,3432.0,1979.0
25,625,40,9375,2517.0,1948.0
25,625,50,7812,2111.5,1958.0
25,625,75,3906,1072.0,1984.0
25,625,80,3125,832.0,1956.0
25,625,85,2343,683.0,1929.5
25,625,90,1562,559.0,1955.5
25,625,95,781,480.0,1955.0
25,625,99,156,143.0,1961.0
25,1000,0,25000,6285.5,2846.0
25,1000,20,20000,5417.5,2835.5
25,1000,40,15000,4000.0,2837.0
25,1000,50,12500,3270.0,2863.5
25,1000,75,6250,1700.0,2839.0
25,1000,80,5000,1344.5,2873.0
25,1000,85,3750,1025.0,2839.5
25,1000,90,2500,730.0,2750.5
25,1000,95,1250,524.0,2750.0
25,1000,99,250,267.0,2855.5
25,1250,0,31250,8079.5,3446.0
25,1250,20,25000,6541.5,3446.5
25,1250,40,18750,5020.0,3455.0
25,1250,50,15625,4146.5,3451.5
25,1250,75,7812,2044.5,3458.0
25,1250,80,6250,1688.0,3346.0
25,1250,85,4687,1302.0,3346.0
25,1250,90,3125,863.0,3450.0
25,1250,95,1562,550.0,3457.0
25,1250,99,312,303.0,3340.0
25,2000,0,50000,13268.0,5075.5
25,2000,20,40000,10369.5,5177.5
25,2000,40,30000,7627.0,5177.0
25,2000,50,25000,6718.0,5026.0
25,2000,75,12500,3378.0,5174.0
25,2000,80,10000,2689.0,5178.5
25,2000,85,7500,2045.0,5171.0
25,2000,90,5000,1372.0,5161.5
25,2000,95,2500,736.0,5157.5
25,2000,99,500,417.0,5175.0
25,2500,0,62500,17184.5,6341.5
25,2500,20,50000,13169.5,6137.0
25,2500,40,37500,9673.0,6352.0
25,2500,50,31250,8200.5,6366.0
25,2500,75,15625,4228.0,6351.0
25,2500,80,12500,3351.0,6334.5
25,2500,85,9375,2520.5,6346.0
25,2500,90,6250,1664.0,6238.0
25,2500,95,3125,870.0,6259.5
25,2500,99,625,411.0,6340.5
25,5000,0,125000,43481.5,12818.0
25,5000,20,100000,32800.5,12005.0
25,5000,40,75000,25396.0,11997.5
25,5000,50,62500,21213.0,11853.5
25,5000,75,31250,10420.5,11986.5
25,5000,80,25000,7549.5,12001.0
25,5000,85,18750,5464.0,11994.5
25,5000,90,12500,3753.0,12099.0
25,5000,95,6250,1929.0,11924.0
25,5000,99,1250,518.0,12308.0
40,1,0,40,62.0,31.0
40,1,20,32,72.0,30.0
40,1,40,24,64.0,29.0
40,1,50,20,68.0,31.0
40,1,75,10,48.0,33.0
40,1,80,8,45.0,31.0
40,1,85,6,45.0,33.0
40,1,90,4,40.0,31.0
40,1,95,2,35.0,31.0
40,1,99,0,33.0,32.0
40,2,0,80,71.0,100.5
40,2,20,64,86.5,48.0
40,2,40,48,80.0,166.0
40,2,50,40,76.0,171.0
40,2,75,20,64.0,43.0
40,2,80,16,61.0,61.0
40,2,85,12,53.0,48.0
40,2,90,8,45.0,47.0
40,2,95,4,43.0,121.0
40,2,99,0,31.0,47.0
40,4,0,160,86.0,62.0
40,4,20,128,141.0,65.0
40,4,40,96,102.0,63.0
40,4,50,80,115.5,64.0
40,4,75,40,79.5,60.0
40,4,80,32,68.0,60.0
40,4,85,24,70.0,60.0
40,4,90,16,59.0,64.0
40,4,95,8,44.0,59.5
40,4,99,1,35.0,60.0
40,5,0,200,94.0,184.0
40,5,20,160,148.5,182.0
40,5,40,120,135.0,195.0
40,5,50,100,128.0,186.0
40,5,75,50,93.0,187.0
40,5,80,40,75.0,179.0
40,5,85,30,64.0,182.0
40,5,90,20,60.0,185.0
40,5,95,10,49.0,181.0
40,5,99,2,36.0,182.0
40,8,0,320,113.0,206.0
40,8,20,256,184.0,216.0
40,8,40,192,181.0,113.0
40,8,50,160,163.0,217.5
40,8,75,80,102.0,210.0
40,8,80,64,99.0,205.0
40,8,85,48,91.0,215.0
40,8,90,32,68.0,218.0
40,8,95,16,57.0,206.0
40,8,99,3,39.0,209.0
40,10,0,400,129.0,232.0
40,10,20,320,303.0,224.0
40,10,40,240,198.0,224.5
40,10,50,200,173.0,223.0
40,10,75,100,118.0,189.0
40,10,80,80,118.0,222.0
40,10,85,60,96.5,233.0
40,10,90,40,80.5,224.0
40,10,95,20,60.0,223.0
40,10,99,4,36.0,225.0
40,16,0,640,176.0,267.0
40,16,20,512,631.0,275.0
40,16,40,384,366.0,277.0
40,16,50,320,304.0,272.0
40,16,75,160,211.0,285.0
40,16,80,128,164.0,270.5
40,16,85,96,141.0,270.0
40,16,90,64,94.5,274.0
40,16,95,32,75.0,273.0
40,16,99,6,43.0,274.0
40,20,0,800,215.0,299.0
40,20,20,640,598.0,302.0
40,20,40,480,581.0,299.0
40,20,50,400,452.0,298.0
40,20,75,200,190.0,252.0
40,20,80,160,162.0,293.5
40,20,85,120,137.0,297.0
40,20,90,80,109.0,302.5
40,20,95,40,74.0,297.0
40,20,99,8,47.0,304.0
40,25,0,1000,244.0,337.5
40,25,20,800,657.5,330.0
40,25,40,600,647.0,327.0
40,25,50,500,599.0,341.0
40,25,75,250,209.5,335.0
40,25,80,200,175.0,341.0
40,25,85,150,151.0,331.0
40,25,90,100,123.0,324.0
40,25,95,50,94.5,336.5
40,25,99,10,54.0,338.0
40,40,0,1600,608.0,396.5
40,40,20,1280,716.0,393.5
40,40,40,960,683.0,391.0
40,40,50,800,617.0,401.0
40,40,75,400,379.0,390.0
40,40,80,320,294.0,398.0
40,40,85,240,227.0,394.0
40,40,90,160,159.0,397.0
40,40,95,80,110.0,389.0
40,40,99,16,57.0,398.0
40,50,0,2000,755.0,466.0
40,50,20,1600,722.0,465.0
40,50,40,1200,697.0,463.0
40,50,50,1000,679.0,469.0
40,50,75,500,579.0,469.5
40,50,80,400,381.0,467.0
40,50,85,300,277.0,466.0
40,50,90,200,186.0,472.0
40,50,95,100,132.5,466.0
40,50,99,20,63.0,465.0
40,80,0,3200,855.5,664.5
40,80,20,2560,912.0,667.0
40,80,40,1920,817.0,661.0
40,80,50,1600,763.0,671.0
40,80,75,800,584.0,566.5
40,80,80,640,565.0,663.5
40,80,85,480,456.0,667.0
40,80,90,320,313.0,672.0
40,80,95,160,164.0,672.0
40,80,99,32,75.0,665.0
40,100,0,4000,1168.0,786.0
40,100,20,3200,978.0,794.0
40,100,40,2400,865.0,787.0
40,100,50,2000,811.0,764.0
40,100,75,1000,652.0,798.0
40,100,80,800,638.0,779.5
40,100,85,600,632.0,789.0
40,100,90,400,372.0,783.5
40,100,95,200,199.0,790.5
40,100,99,40,78.0,720.0
40,125,0,5000,1389.0,909.0
40,125,20,4000,1143.0,943.0
40,125,40,3000,903.5,934.0
40,125,50,2500,929.0,938.0
40,125,75,1250,722.0,951.0
40,125,80,1000,657.0,950.0
40,125,85,750,625.5,936.0
40,125,90,500,535.0,954.0
40,125,95,250,233.0,944.0
40,125,99,50,85.0,941.0
40,200,0,8000,1985.5,1251.0
40,200,20,6400,1779.5,1256.0
40,200,40,4800,1360.0,1247.0
40,200,50,4000,1157.0,1255.0
40,200,75,2000,848.0,1258.5
40,200,80,1600,769.0,1256.0
40,200,85,1200,661.0,1258.0
40,200,90,800,656.0,1252.0
40,200,95,400,364.0,1254.0
40,200,99,80,110.0,1246.0
40,250,0,10000,2702.0,1636.0
40,250,20,8000,2195.0,1579.0
40,250,40,6000,1651.0,1634.5
40,250,50,5000,1406.0,2759.0
40,250,75,2500,933.0,1631.5
40,250,80,2000,831.0,1637.5
40,250,85,1500,771.0,1637.0
40,250,90,1000,640.0,1644.0
40,250,95,500,534.0,1628.5
40,250,99,100,118.0,1633.0
40,400,0,16000,3879.0,2403.5
40,400,20,12800,3436.0,2398.0
40,400,40,9600,2600.0,2412.5
40,400,50,8000,2210.0,2399.5
40,400,75,4000,1103.0,3685.0
40,400,80,3200,991.0,2395.0
40,400,85,2400,892.0,2400.0
40,400,90,1600,760.0,2391.0
40,400,95,800,626.0,2388.0
40,400,99,160,177.0,2394.0
40,500,0,20000,5288.0,2957.0
40,500,20,16000,4348.0,2942.0
40,500,40,12000,3277.0,2744.5
40,500,50,10000,2726.5,2835.0
40,500,75,5000,1415.0,2810.0
40,500,80,4000,1182.0,2922.0
40,500,85,3000,975.0,2951.0
40,500,90,2000,869.0,2940.0
40,500,95,1000,662.0,2824.0
40,500,99,200,197.5,2917.5
40,625,0,25000,6678.5,3555.5
40,625,20,20000,5387.0,3619.0
40,625,40,15000,4048.0,3576.0
40,625,50,12500,3387.0,3566.0
40,625,75,6250,1723.0,3564.5
40,625,80,5000,1407.0,3565.0
40,625,85,3750,1060.5,5671.0
40,625,90,2500,930.0,3584.0
40,625,95,1250,726.0,3555.0
40,625,99,250,232.0,3430.0
40,1000,0,40000,10684.5,5460.0
40,1000,20,32000,8505.0,5492.0
40,1000,40,24000,6435.5,5494.5
40,1000,50,20000,5374.0,5487.5
40,1000,75,10000,2732.5,5494.5
40,1000,80,8000,2138.0,5489.0
40,1000,85,6000,1635.5,5487.0
40,1000,90,4000,1153.5,5491.5
40,1000,95,2000,820.0,5481.5
40,1000,99,400,346.0,5496.5
40,1250,0,50000,12679.0,6767.5
40,1250,20,40000,10261.0,6869.5
40,1250,40,30000,8011.0,6780.0
40,1250,50,25000,6616.5,6783.0
40,1250,75,12500,3388.5,6797.5
40,1250,80,10000,2708.5,6794.0
40,1250,85,7500,2055.5,6790.0
40,1250,90,5000,1372.5,6787.0
40,1250,95,2500,924.0,6778.0
40,1250,99,500,519.0,6737.5
40,2000,0,80000,21508.5,10637.0
40,2000,20,64000,16717.0,10626.0
40,2000,40,48000,12037.5,10664.0
40,2000,50,40000,10317.5,10649.5
40,2000,75,20000,5310.0,10659.5
40,2000,80,16000,4330.5,10647.0
40,2000,85,12000,3168.5,10669.0
40,2000,90,8000,2195.5,19711.0
40,2000,95,4000,1169.0,10817.0
40,2000,99,800,608.0,10650.0
40,2500,0,100000,28677.5,13389.5
40,2500,20,80000,20216.0,13169.0
40,2500,40,60000,16034.5,12755.0
40,2500,50,50000,12904.5,13243.0
40,2500,75,25000,6760.0,13376.0
40,2500,80,20000,5389.5,13213.0
40,2500,85,15000,4068.0,21365.5
40,2500,90,10000,2752.5,13344.0
40,2500,95,5000,1400.0,13202.5
40,2500,99,1000,673.0,13186.5
40,5000,0,200000,71706.5,29725.5
40,5000,20,160000,53694.0,29082.5
40,5000,40,120000,45033.5,29915.5
40,5000,50,100000,36680.5,30760.0
40,5000,75,50000,16691.5,29060.5
40,5000,80,40000,11731.0,29977.5
40,5000,85,30000,8710.0,29229.0
40,5000,90,20000,5935.0,27772.5
40,5000,95,10000,3064.0,28255.5
40,5000,99,2000,836.0,28023.0
50,1,0,50,70.0,36.0
50,1,20,40,78.0,35.5
50,1,40,30,70.0,35.0
50,1,50,25,67.0,33.0
50,1,75,12,61.0,164.0
50,1,80,10,51.0,38.0
50,1,85,7,50.0,38.0
50,1,90,5,44.0,35.0
50,1,95,2,38.0,33.0
50,1,99,0,35.0,34.5
50,2,0,100,78.0,45.0
50,2,20,80,94.0,46.0
50,2,40,60,95.0,44.0
50,2,50,50,87.5,102.0
50,2,75,25,68.0,45.0
50,2,80,20,69.0,45.0
50,2,85,15,60.0,46.0
50,2,90,10,50.5,45.0
50,2,95,5,46.0,165.0
50,2,99,1,33.0,44.0
50,4,0,200,95.0,63.5
50,4,20,160,149.0,115.5
50,4,40,120,143.0,63.0
50,4,50,100,140.0,64.0
50,4,75,50,98.0,109.5
50,4,80,40,89.0,185.0
50,4,85,30,77.0,103.0
50,4,90,20,64.0,65.0
50,4,95,10,52.0,112.0
50,4,99,2,34.0,193.0
50,5,0,250,115.0,175.0
50,5,20,200,195.0,192.0
50,5,40,150,172.0,76.0
50,5,50,125,152.0,203.5
50,5,75,62,97.0,72.0
50,5,80,50,93.0,74.0
50,5,85,37,76.0,103.0
50,5,90,25,71.0,74.0
50,5,95,12,54.0,74.0
50,5,99,2,39.0,72.0
50,8,0,400,167.0,142.0
50,8,20,320,264.0,144.0
50,8,40,240,215.0,252.5
50,8,50,200,192.0,102.5
50,8,75,100,125.0,101.0
50,8,80,80,122.0,180.0
50,8,85,60,91.0,252.0
50,8,90,40,85.0,208.0
50,8,95,20,62.0,104.0
50,8,99,4,39.5,103.5
50,10,0,500,177.5,275.0
50,10,20,400,372.0,246.0
50,10,40,300,265.0,274.5
50,10,50,250,233.0,281.0
50,10,75,125,150.0,235.5
50,10,80,100,137.0,233.5
50,10,85,75,113.0,274.5
50,10,90,50,93.0,274.0
50,10,95,25,71.0,230.5
50,10,99,5,44.0,272.0
50,16,0,800,226.0,282.0
50,16,20,640,767.0,281.0
50,16,40,480,476.0,322.5
50,16,50,400,391.0,283.0
50,16,75,200,248.0,283.0
50,16,80,160,177.0,283.0
50,16,85,120,149.0,282.0
50,16,90,80,136.0,329.0
50,16,95,40,79.0,283.0
50,16,99,8,45.0,320.0
50,20,0,1000,275.5,313.0
50,20,20,800,710.0,338.0
50,20,40,600,751.0,312.0
50,20,50,500,519.5,314.0
50,20,75,250,248.0,347.0
50,20,80,200,246.0,322.0
50,20,85,150,162.5,349.0
50,20,90,100,130.0,280.0
50,20,95,50,100.0,350.0
50,20,99,10,48.5,351.0
50,25,0,1250,317.0,422.0
50,25,20,1000,813.0,352.0
50,25,40,750,737.0,432.0
50,25,50,625,747.0,360.0
50,25,75,312,306.0,418.0
50,25,80,250,246.0,355.0
50,25,85,187,190.0,350.0
50,25,90,125,138.0,409.0
50,25,95,62,102.0,380.0
50,25,99,12,53.0,354.0
50,40,0,2000,734.0,462.0
50,40,20,1600,866.0,484.0
50,40,40,1200,829.0,491.0
50,40,50,1000,801.0,492.0
50,40,75,500,523.0,507.0
50,40,80,400,390.0,497.0
50,40,85,300,288.0,452.0
50,40,90,200,199.0,454.0
50,40,95,100,127.0,493.0
50,40,99,20,67.0,489.0
50,50,0,2500,938.0,609.0
50,50,20,2000,949.0,554.0
50,50,40,1500,860.0,612.5
50,50,50,1250,845.0,569.0
50,50,75,625,644.0,613.0
50,50,80,500,485.0,535.0
50,50,85,375,355.0,558.0
50,50,90,250,215.5,555.0
50,50,95,125,153.0,513.0
50,50,99,25,67.0,518.0
50,80,0,4000,1080.0,774.0
50,80,20,3200,1116.5,775.0
50,80,40,2400,1009.0,848.0
50,80,50,2000,966.0,735.0
50,80,75,1000,787.0,750.0
50,80,80,800,769.0,811.0
50,80,85,600,571.0,846.0
50,80,90,400,432.0,836.0
50,80,95,200,197.0,829.0
50,80,99,40,73.5,775.0
50,100,0,5000,1458.0,912.0
50,100,20,4000,1288.0,921.0
50,100,40,3000,1133.0,937.5
50,100,50,2500,1031.0,935.0
50,100,75,1250,811.0,899.0
50,100,80,1000,799.0,923.0
50,100,85,750,702.0,924.0
50,100,90,500,515.0,913.0
50,100,95,250,242.0,922.0
50,100,99,50,79.0,913.5
50,125,0,6250,1733.0,1067.0
50,125,20,5000,1441.0,1046.0
50,125,40,3750,1213.0,1056.0
50,125,50,3125,1126.5,1057.0
50,125,75,1562,832.0,1306.0
50,125,80,1250,820.0,1239.5
50,125,85,937,793.0,1273.0
50,125,90,625,599.0,1022.0
50,125,95,312,299.0,1069.5
50,125,99,62,108.0,1021.0
50,200,0,10000,2604.5,1384.5
50,200,20,8000,2228.5,1390.0
50,200,40,6000,1701.0,1924.0
50,200,50,5000,1470.0,1397.0
50,200,75,2500,1029.0,1388.0
50,200,80,2000,960.0,1388.5
50,200,85,1500,838.0,1398.0
50,200,90,1000,768.5,1389.0
50,200,95,500,531.0,1391.0
50,200,99,100,134.0,1878.5
50,250,0,12500,3367.5,1603.5
50,250,20,10000,2731.0,1618.0
50,250,40,7500,2092.5,2280.0
50,250,50,6250,1776.0,2266.0
50,250,75,3125,1158.0,1621.0
50,250,80,2500,1037.0,1573.0
50,250,85,1875,978.0,2205.0
50,250,90,1250,813.0,1607.5
50,250,95,625,668.0,1610.0
50,250,99,125,149.0,2200.5
50,400,0,20000,5089.0,2277.0
50,400,20,16000,4263.0,2277.5
50,400,40,12000,3141.0,2280.0
50,400,50,10000,2707.5,2289.0
50,400,75,5000,1441.0,2211.5
50,400,80,4000,1244.0,2289.0
50,400,85,3000,1104.0,2289.5
50,400,90,2000,967.0,2221.0
50,400,95,1000,785.0,2284.5
50,400,99,200,200.0,2292.0
50,500,0,25000,6562.0,2721.5
50,500,20,20000,5398.0,4315.5
50,500,40,15000,4069.5,2730.0
50,500,50,12500,3293.5,4255.5
50,500,75,6250,1752.0,2722.0
50,500,80,5000,1456.0,2733.0
50,500,85,3750,1205.0,2743.0
50,500,90,2500,1019.0,2720.5
50,500,95,1250,846.0,4258.5
50,500,99,250,222.0,2761.0
50,625,0,31250,8326.0,3309.0
50,625,20,25000,6667.5,3308.5
50,625,40,18750,5043.5,3316.0
50,625,50,15625,4241.0,4867.0
50,625,75,7812,2156.0,3222.0
50,625,80,6250,1759.5,4868.5
50,625,85,4687,1365.0,3317.5
50,625,90,3125,1142.0,4871.0
50,625,95,1562,881.0,3314.0
50,625,99,312,283.0,3318.5
50,1000,0,50000,13318.5,4958.5
50,1000,20,40000,10422.0,4937.0
50,1000,40,30000,8026.0,4967.0
50,1000,50,25000,6704.5,8258.5
50,1000,75,12500,3315.0,10441.5
50,1000,80,10000,2730.0,4968.5
50,1000,85,7500,2069.0,4930.5
50,1000,90,5000,1422.0,4975.5
50,1000,95,2500,964.0,8268.0
50,1000,99,500,506.5,8253.0
50,1250,0,62500,15816.0,9973.0
50,1250,20,50000,12875.0,6099.0
50,1250,40,37500,9743.5,10264.5
50,1250,50,31250,7931.0,10235.0
50,1250,75,15625,4189.0,10304.5
50,1250,80,12500,3334.5,5895.0
50,1250,85,9375,2580.0,6100.0
50,1250,90,6250,1704.0,5939.5
50,1250,95,3125,1082.5,10251.0
50,1250,99,625,627.0,6038.5
50,2000,0,100000,27301.5,16245.0
50,2000,20,80000,21017.5,9223.5
50,2000,40,60000,15516.0,9295.0
50,2000,50,50000,13041.0,16303.0
50,2000,75,25000,6711.0,9190.0
50,2000,80,20000,5349.5,9238.5
50,2000,85,15000,4061.0,9279.0
50,2000,90,10000,2729.5,9202.0
50,2000,95,5000,1449.0,9209.0
50,2000,99,1000,781.0,9201.5
50,2500,0,125000,38092.0,11405.5
50,2500,20,100000,26083.5,20244.0
50,2500,40,75000,19399.0,20476.0
50,2500,50,62500,16258.0,11411.0
50,2500,75,31250,8378.5,11373.5
50,2500,80,25000,6740.0,11444.0
50,2500,85,18750,4969.5,11472.5
50,2500,90,12500,3420.5,11335.0
50,2500,95,6250,1775.5,11452.5
50,2500,99,1250,858.0,20238.0
50,5000,0,250000,93834.5,34188.5
50,5000,20,200000,70321.5,32198.0
50,5000,40,150000,52507.5,36064.0
50,5000,50,125000,46784.5,33978.5
50,5000,75,62500,20763.0,34038.0
50,5000,80,50000,14282.5,32880.0
50,5000,85,37500,10961.0,33053.0
50,5000,90,25000,7328.5,35191.5
50,5000,95,12500,3736.0,33768.5
50,5000,99,2500,1029.5,45451.5
80,1,0,80,88.0,41.0
80,1,20,64,92.0,39.5
80,1,40,48,88.0,43.0
80,1,50,40,76.0,41.0
80,1,75,20,68.0,41.0
80,1,80,16,61.0,44.0
80,1,85,12,53.0,44.0
80,1,90,8,47.0,45.0
80,1,95,4,39.0,43.0
80,1,99,0,34.0,43.0
80,2,0,160,103.0,62.0
80,2,20,128,131.0,74.5
80,2,40,96,98.0,77.0
80,2,50,80,115.0,64.0
80,2,75,40,72.0,78.0
80,2,80,32,74.0,78.0
80,2,85,24,78.0,63.0
80,2,90,16,61.0,77.0
80,2,95,8,49.0,63.0
80,2,99,1,36.0,64.0
80,4,0,320,134.0,98.0
80,4,20,256,175.0,110.0
80,4,40,192,191.0,68.0
80,4,50,160,158.0,99.0
80,4,75,80,108.0,113.0
80,4,80,64,104.0,108.0
80,4,85,48,83.0,98.0
80,4,90,32,74.0,100.0
80,4,95,16,63.5,101.0
80,4,99,3,40.0,99.0
80,5,0,400,148.0,125.0
80,5,20,320,193.0,126.0
80,5,40,240,198.0,126.0
80,5,50,200,168.0,135.5
80,5,75,100,125.0,126.0
80,5,80,80,108.0,137.5
80,5,85,60,97.0,121.0
80,5,90,40,69.0,134.5
80,5,95,20,67.0,140.0
80,5,99,4,40.0,132.0
80,8,0,640,191.0,202.0
80,8,20,512,415.0,192.5
80,8,40,384,351.0,202.5
80,8,50,320,372.5,189.5
80,8,75,160,192.0,190.5
80,8,80,128,181.5,205.0
80,8,85,96,125.5,129.0
80,8,90,64,93.0,205.0
80,8,95,32,69.0,192.0
80,8,99,6,47.0,188.0
80,10,0,800,234.0,220.0
80,10,20,640,534.0,232.0
80,10,40,480,361.0,223.5
80,10,50,400,406.0,223.0
80,10,75,200,189.0,217.0
80,10,80,160,159.0,222.0
80,10,85,120,146.0,232.0
80,10,90,80,122.0,224.0
80,10,95,40,93.0,218.0
80,10,99,8,47.0,221.5
80,16,0,1280,316.0,350.0
80,16,20,1024,1255.0,360.0
80,16,40,768,724.0,349.0
80,16,50,640,638.0,347.0
80,16,75,320,263.0,355.0
80,16,80,256,224.0,349.0
80,16,85,192,234.0,346.0
80,16,90,128,161.0,347.0
80,16,95,64,101.0,348.0
80,16,99,12,54.0,359.0
80,20,0,1600,380.0,383.0
80,20,20,1280,925.0,389.5
80,20,40,960,1079.0,400.0
80,20,50,800,802.0,396.0
80,20,75,400,359.0,384.5
80,20,80,320,309.0,388.0
80,20,85,240,292.0,386.0
80,20,90,160,255.0,385.0
80,20,95,80,115.0,387.0
80,20,99,16,62.0,384.5
80,25,0,2000,463.0,466.0
80,25,20,1600,1316.0,453.0
80,25,40,1200,1188.0,450.5
80,25,50,1000,907.0,466.0
80,25,75,500,449.0,456.0
80,25,80,400,325.0,462.0
80,25,85,300,262.0,458.0
80,25,90,200,208.0,454.0
80,25,95,100,134.0,462.0
80,25,99,20,65.0,464.0
80,40,0,3200,1184.0,642.0
80,40,20,2560,1401.0,648.0
80,40,40,1920,1323.0,647.0
80,40,50,1600,1289.0,659.5
80,40,75,800,848.0,655.5
80,40,80,640,658.0,650.0
80,40,85,480,423.0,645.5
80,40,90,320,300.0,649.0
80,40,95,160,214.0,644.0
80,40,99,32,76.0,646.0
80,50,0,4000,1483.0,782.0
80,50,20,3200,1490.0,777.0
80,50,40,2400,1358.0,770.0
80,50,50,2000,1209.0,776.5
80,50,75,1000,1104.0,785.0
80,50,80,800,788.0,770.0
80,50,85,600,595.0,771.5
80,50,90,400,352.0,767.0
80,50,95,200,244.0,773.0
80,50,99,40,91.0,774.5
80,80,0,6400,1751.0,1089.5
80,80,20,5120,1816.0,1076.0
80,80,40,3840,1597.0,1085.0
80,80,50,3200,1465.0,1072.5
80,80,75,1600,1286.5,1069.0
80,80,80,1280,1149.0,1074.0
80,80,85,960,955.0,1082.5
80,80,90,640,652.0,1085.5
80,80,95,320,299.0,1078.5
80,80,99,64,116.0,1083.0
80,100,0,8000,2317.0,1196.5
80,100,20,6400,2013.0,1188.0
80,100,40,4800,1751.0,1194.0
80,100,50,4000,1638.0,1202.0
80,100,75,2000,1329.0,1211.0
80,100,80,1600,1198.0,1211.0
80,100,85,1200,1163.0,1200.5
80,100,90,800,765.0,1213.0
80,100,95,400,381.0,1197.5
80,100,99,80,126.0,1198.5
80,125,0,10000,2817.0,1518.5
80,125,20,8000,2244.0,1533.0
80,125,40,6000,1936.0,1517.0
80,125,50,5000,1823.0,1534.0
80,125,75,2500,1363.0,1530.0
80,125,80,2000,1320.0,1547.5
80,125,85,1500,1251.0,1490.0
80,125,90,1000,1121.0,1531.5
80,125,95,500,464.0,1524.0
80,125,99,100,125.0,1531.5
80,200,0,16000,4176.5,2144.0
80,200,20,12800,3506.5,2147.0
80,200,40,9600,2697.5,2134.5
80,200,50,8000,2301.0,2700.0
80,200,75,4000,1629.0,2155.0
80,200,80,3200,1501.0,2135.5
80,200,85,2400,1418.0,2138.0
80,200,90,1600,1203.0,2141.0
80,200,95,800,834.0,2149.0
80,200,99,160,192.0,2151.0
80,250,0,20000,5322.0,2573.0
80,250,20,16000,4389.0,2593.0
80,250,40,12000,3313.5,3206.5
80,250,50,10000,2804.0,2574.0
80,250,75,5000,1778.0,2567.5
80,250,80,4000,1591.0,3038.0
80,250,85,3000,1500.0,2555.0
80,250,90,2000,1297.0,2547.5
80,250,95,1000,983.0,2580.0
80,250,99,200,195.0,2550.0
80,400,0,32000,7966.0,4604.0
80,400,20,25600,6753.5,3824.5
80,400,40,19200,5233.0,3838.0
80,400,50,16000,4405.5,3841.5
80,400,75,8000,2306.0,4520.5
80,400,80,6400,2024.0,3824.5
80,400,85,4800,1778.0,3843.5
80,400,90,3200,1445.0,3824.0
80,400,95,1600,1283.0,3848.0
80,400,99,320,303.0,5022.5
80,500,0,40000,10230.0,4671.0
80,500,20,32000,8603.0,4671.5
80,500,40,24000,6423.0,4663.0
80,500,50,20000,5367.0,4657.0
80,500,75,10000,2793.5,4652.0
80,500,80,8000,2289.5,4660.0
80,500,85,6000,1919.0,4681.0
80,500,90,4000,1605.0,4668.5
80,500,95,2000,1305.0,6138.0
80,500,99,400,354.0,6372.0
80,625,0,50000,13029.0,5814.0
80,625,20,40000,10466.5,6835.0
80,625,40,30000,8033.5,5800.0
80,625,50,25000,6751.5,5822.0
80,625,75,12500,3329.5,5793.0
80,625,80,10000,2795.0,5789.0
80,625,85,7500,2196.0,5727.5
80,625,90,5000,1777.0,5626.0
80,625,95,2500,1350.0,5786.5
80,625,99,500,420.0,5813.5
80,1000,0,80000,21210.5,8891.5
80,1000,20,64000,16531.5,8925.0
80,1000,40,48000,12513.5,8886.0
80,1000,50,40000,10482.5,8896.0
80,1000,75,20000,5419.0,8902.0
80,1000,80,16000,4378.5,8894.0
80,1000,85,12000,3324.5,8914.5
80,1000,90,8000,2288.5,8905.5
80,1000,95,4000,1652.0,8889.5
80,1000,99,800,868.0,8976.5
80,1250,0,100000,25131.0,10994.0
80,1250,20,80000,20713.0,10654.0
80,1250,40,60000,15622.0,11026.0
80,1250,50,50000,12944.0,12225.0
80,1250,75,25000,6549.0,10812.0
80,1250,80,20000,5412.0,11009.5
80,1250,85,15000,4099.5,11008.5
80,1250,90,10000,2788.5,11001.5
80,1250,95,5000,1792.0,11035.5
80,1250,99,1000,984.0,11027.5
80,2000,0,160000,45203.5,19208.5
80,2000,20,128000,36831.0,18056.0
80,2000,40,96000,24558.5,19095.5
80,2000,50,80000,20784.0,18887.0
80,2000,75,40000,10436.0,18237.0
80,2000,80,32000,8450.0,17534.0
80,2000,85,24000,6529.0,19686.0
80,2000,90,16000,4393.5,17583.5
80,2000,95,8000,2302.0,17361.5
80,2000,99,1600,1209.0,22800.5
80,2500,0,200000,64899.5,22105.0
80,2500,20,160000,45508.5,25075.0
80,2500,40,120000,31100.0,23863.0
80,2500,50,100000,25045.0,23676.0
80,2500,75,50000,13111.5,24529.0
80,2500,80,40000,10488.5,25957.0
80,2500,85,30000,7916.0,24956.5
80,2500,90,20000,5402.5,22898.5
80,2500,95,10000,2813.0,23515.5
80,2500,99,2000,1320.0,31634.0
80,5000,0,400000,154427.5,91037.5
80,5000,20,320000,126026.5,91318.0
80,5000,40,240000,107370.0,88477.0
80,5000,50,200000,76698.0,89592.5
80,5000,75,100000,34563.0,87663.5
80,5000,80,80000,23507.5,91414.5
80,5000,85,60000,17348.0,90913.5
80,5000,90,40000,11620.0,89371.0
80,5000,95,20000,5981.5,88243.5
80,5000,99,4000,1618.0,91191.5
100,1,0,100,102.0,46.0
100,1,20,80,99.0,47.0
100,1,40,60,92.0,50.0
100,1,50,50,92.0,46.0
100,1,75,25,76.0,50.5
100,1,80,20,74.0,47.0
100,1,85,15,64.5,45.0
100,1,90,10,55.0,49.0
100,1,95,5,50.0,47.0
100,1,99,1,36.0,44.0
100,2,0,200,118.0,191.0
100,2,20,160,134.0,62.0
100,2,40,120,139.0,63.0
100,2,50,100,116.0,67.0
100,2,75,50,90.0,62.0
100,2,80,40,68.0,61.0
100,2,85,30,80.5,65.0
100,2,90,20,71.0,201.5
100,2,95,10,53.0,61.5
100,2,99,2,41.0,62.5
100,4,0,400,152.0,226.0
100,4,20,320,210.0,101.0
100,4,40,240,198.0,120.0
100,4,50,200,174.0,257.0
100,4,75,100,135.0,133.0
100,4,80,80,108.0,98.0
100,4,85,60,106.5,100.0
100,4,90,40,78.0,141.0
100,4,95,20,63.0,231.0
100,4,99,4,46.0,231.0
100,5,0,500,182.0,194.0
100,5,20,400,253.0,221.5
100,5,40,300,281.0,227.0
100,5,50,250,234.0,173.5
100,5,75,125,165.0,174.0
100,5,80,100,135.5,234.0
100,5,85,75,105.0,173.0
100,5,90,50,89.0,232.0
100,5,95,25,79.0,268.0
100,5,99,5,48.0,228.0
100,8,0,800,263.0,281.0
100,8,20,640,373.0,280.0
100,8,40,480,395.0,278.0
100,8,50,400,353.0,283.0
100,8,75,200,184.0,318.0
100,8,80,160,202.5,304.0
100,8,85,120,140.0,279.0
100,8,90,80,113.0,313.0
100,8,95,40,94.0,296.0
100,8,99,8,49.0,301.0
100,10,0,1000,311.0,312.0
100,10,20,800,546.0,300.0
100,10,40,600,355.0,311.0
100,10,50,500,339.0,310.5
100,10,75,250,252.0,326.0
100,10,80,200,249.0,345.0
100,10,85,150,199.0,310.5
100,10,90,100,142.0,311.0
100,10,95,50,92.0,351.0
100,10,99,10,54.0,312.5
100,16,0,1600,426.0,392.0
100,16,20,1280,928.0,397.0
100,16,40,960,928.0,390.0
100,16,50,800,827.0,408.5
100,16,75,400,348.0,405.5
100,16,80,320,282.5,424.0
100,16,85,240,210.0,402.0
100,16,90,160,170.0,407.0
100,16,95,80,114.0,397.0
100,16,99,16,62.0,400.5
100,20,0,2000,547.0,480.5
100,20,20,1600,1007.0,456.0
100,20,40,1200,1145.0,456.0
100,20,50,1000,1050.0,473.5
100,20,75,500,401.0,475.0
100,20,80,400,323.0,455.0
100,20,85,300,275.0,485.0
100,20,90,200,201.0,488.0
100,20,95,100,151.0,451.0
100,20,99,20,69.0,467.0
100,25,0,2500,618.0,584.5
100,25,20,2000,1116.0,539.0
100,25,40,1500,1358.0,536.0
100,25,50,1250,1412.0,536.0
100,25,75,625,524.0,543.0
100,25,80,500,434.5,534.0
100,25,85,375,305.0,534.0
100,25,90,250,241.0,543.0
100,25,95,125,176.0,604.0
100,25,99,25,70.0,538.0
100,40,0,4000,1492.0,770.0
100,40,20,3200,1625.0,781.0
100,40,40,2400,1591.0,769.0
100,40,50,2000,1584.0,776.0
100,40,75,1000,1064.5,788.0
100,40,80,800,859.0,764.0
100,40,85,600,566.0,788.5
100,40,90,400,309.0,779.5
100,40,95,200,211.0,792.0
100,40,99,40,91.5,746.5
100,50,0,5000,1854.0,918.0
100,50,20,4000,1846.0,928.0
100,50,40,3000,1610.0,923.5
100,50,50,2500,1482.0,931.0
100,50,75,1250,1233.0,928.0
100,50,80,1000,1066.0,932.0
100,50,85,750,791.0,927.0
100,50,90,500,458.0,918.5
100,50,95,250,260.0,918.0
100,50,99,50,102.0,918.5
100,80,0,8000,2118.0,1223.0
100,80,20,6400,2265.0,1234.0
100,80,40,4800,2016.0,1201.0
100,80,50,4000,1871.0,1227.5
100,80,75,2000,1521.0,1121.0
100,80,80,1600,1377.5,1207.0
100,80,85,1200,1165.0,1151.0
100,80,90,800,764.0,1226.0
100,80,95,400,337.0,1244.5
100,80,99,80,118.0,1241.0
100,100,0,10000,2883.0,1427.0
100,100,20,8000,2526.0,1395.0
100,100,40,6000,2181.0,1631.0
100,100,50,5000,2029.0,1392.0
100,100,75,2500,1634.0,1520.0
100,100,80,2000,1427.0,1536.0
100,100,85,1500,1463.0,1512.0
100,100,90,1000,1006.0,1555.5
100,100,95,500,448.0,1391.0
100,100,99,100,142.0,1404.0
100,125,0,12500,3530.5,1630.0
100,125,20,10000,2938.5,1628.0
100,125,40,7500,2411.0,1879.0
100,125,50,6250,2192.0,1614.0
100,125,75,3125,1708.0,1860.0
100,125,80,2500,1631.5,1618.5
100,125,85,1875,1531.0,1620.0
100,125,90,1250,1249.0,1974.5
100,125,95,625,592.5,1633.0
100,125,99,125,170.0,2017.0
100,200,0,20000,5159.0,2288.5
100,200,20,16000,4412.0,2213.0
100,200,40,12000,3379.5,2281.5
100,200,50,10000,2897.5,2276.5
100,200,75,5000,1982.0,2934.0
100,200,80,4000,1833.0,2292.0
100,200,85,3000,1642.0,2660.5
100,200,90,2000,1597.0,2276.0
100,200,95,1000,1035.0,2661.5
100,200,99,200,264.0,2640.0
100,250,0,25000,6638.5,3197.0
100,250,20,20000,5443.5,3309.5
100,250,40,15000,4153.5,3189.0
100,250,50,12500,3383.0,3315.0
100,250,75,6250,2238.0,3210.0
100,250,80,5000,1958.0,3197.5
100,250,85,3750,1814.0,3209.0
100,250,90,2500,1630.0,3240.5
100,250,95,1250,1336.0,3300.0
100,250,99,250,311.0,3206.5
100,400,0,40000,10752.0,3960.0
100,400,20,32000,8633.0,5558.0
100,400,40,24000,6434.0,4044.0
100,400,50,20000,5460.0,5338.0
100,400,75,10000,2887.5,4846.5
100,400,80,8000,2489.0,4860.0
100,400,85,6000,2157.0,4885.5
100,400,90,4000,1869.0,4893.0
100,400,95,2000,1562.0,4830.5
100,400,99,400,451.0,4853.0
100,500,0,50000,12806.5,4906.5
100,500,20,40000,10443.0,5953.0
100,500,40,30000,7904.5,4943.5
100,500,50,25000,6751.5,5944.5
100,500,75,12500,3459.0,5962.0
100,500,80,10000,2908.0,6042.5
100,500,85,7500,2454.0,4935.0
100,500,90,5000,2013.0,6037.5
100,500,95,2500,1642.0,5937.5
100,500,99,500,485.0,4945.5
100,625,0,62500,16314.5,6042.5
100,625,20,50000,13028.0,6026.0
100,625,40,37500,9908.0,7562.0
100,625,50,31250,8211.0,7734.0
100,625,75,15625,4294.5,6036.5
100,625,80,12500,3531.5,6017.5
100,625,85,9375,2760.0,7729.0
100,625,90,6250,2253.0,6028.5
100,625,95,3125,1760.0,6050.0
100,625,99,625,580.0,7667.0
100,1000,0,100000,26527.0,11491.0
100,1000,20,80000,20880.5,9136.0
100,1000,40,60000,15592.5,9135.0
100,1000,50,50000,13126.5,11482.0
100,1000,75,25000,6645.5,11467.5
100,1000,80,20000,5467.0,11666.0
100,1000,85,15000,4154.0,9111.0
100,1000,90,10000,2883.5,9100.5
100,1000,95,5000,2034.0,9126.0
100,1000,99,1000,1093.0,9131.5
100,1250,0,125000,33727.5,11261.5
100,1250,20,100000,27187.5,11223.5
100,1250,40,75000,19405.0,11282.0
100,1250,50,62500,16345.5,14459.0
100,1250,75,31250,8323.5,14214.5
100,1250,80,25000,6736.0,14210.0
100,1250,85,18750,5144.5,14233.0
100,1250,90,12500,3358.0,14209.5
100,1250,95,6250,2228.0,14466.0
100,1250,99,1250,1229.0,11230.0
100,2000,0,200000,61655.5,24616.0
100,2000,20,160000,44434.5,25162.0
100,2000,40,120000,34168.0,20911.5
100,2000,50,100000,26707.0,25913.5
100,2000,75,50000,13127.0,25281.5
100,2000,80,40000,10538.5,21121.5
100,2000,85,30000,8003.5,25318.5
100,2000,90,20000,5422.5,21930.0
100,2000,95,10000,2887.0,19831.0
100,2000,99,2000,1538.0,24373.5
100,2500,0,250000,114905.0,34819.0
100,2500,20,200000,60138.0,36335.5
100,2500,40,150000,40047.5,36908.5
100,2500,50,125000,33822.5,34214.0
100,2500,75,62500,16291.5,32342.0
100,2500,80,50000,13090.0,33120.5
100,2500,85,37500,9898.5,36353.0
100,2500,90,25000,6803.0,35354.5
100,2500,95,12500,3402.0,38388.0
100,2500,99,2500,1641.0,38978.0
100,5000,0,500000,190427.5,117524.5
100,5000,20,400000,153991.0,116771.0
100,5000,40,300000,120331.5,115911.5
100,5000,50,250000,122227.0,116806.5
100,5000,75,125000,42999.5,118563.0
100,5000,80,100000,30766.0,119146.5
100,5000,85,75000,21661.5,117469.5
100,5000,90,50000,14445.5,116043.0
100,5000,95,25000,7219.5,116936.0
100,5000,99,5000,2044.0,117750.0
125,1,0,125,119.0,55.0
125,1,20,100,113.0,54.0
125,1,40,75,109.0,60.0
125,1,50,62,104.0,54.0
125,1,75,31,70.0,169.0
125,1,80,25,77.0,58.0
125,1,85,18,72.0,187.5
125,1,90,12,61.0,52.0
125,1,95,6,50.0,52.0
125,1,99,1,41.0,62.0
125,2,0,250,141.0,106.0
125,2,20,200,167.0,198.5
125,2,40,150,154.0,118.0
125,2,50,125,149.0,122.0
125,2,75,62,102.0,127.0
125,2,80,50,89.0,74.0
125,2,85,37,73.0,199.0
125,2,90,25,78.0,200.0
125,2,95,12,58.0,76.0
125,2,99,2,46.0,190.0
125,4,0,500,195.0,112.0
125,4,20,400,275.0,118.0
125,4,40,300,247.5,230.0
125,4,50,250,261.0,216.0
125,4,75,125,136.0,150.0
125,4,80,100,123.0,142.0
125,4,85,75,105.0,254.0
125,4,90,50,89.0,238.0
125,4,95,25,76.0,118.0
125,4,99,5,49.0,228.5
125,5,0,625,220.0,268.5
125,5,20,500,266.0,256.5
125,5,40,375,277.5,266.0
125,5,50,312,263.0,291.0
125,5,75,156,156.0,261.0
125,5,80,125,145.0,257.0
125,5,85,93,126.0,250.0
125,5,90,62,105.0,260.0
125,5,95,31,70.0,279.5
125,5,99,6,50.5,261.5
125,8,0,1000,323.0,312.0
125,8,20,800,454.5,319.5
125,8,40,600,398.0,339.5
125,8,50,500,348.0,316.0
125,8,75,250,221.0,329.0
125,8,80,200,212.0,316.0
125,8,85,150,146.0,354.0
125,8,90,100,141.0,343.5
125,8,95,50,83.0,324.0
125,8,99,10,54.0,320.0
125,10,0,1250,373.0,366.0
125,10,20,1000,675.0,383.5
125,10,40,750,538.5,343.0
125,10,50,625,398.0,357.0
125,10,75,312,272.0,360.0
125,10,80,250,202.0,359.0
125,10,85,187,169.0,353.5
125,10,90,125,153.0,350.0
125,10,95,62,94.0,376.0
125,10,99,12,60.0,367.0
125,16,0,2000,546.5,470.5
125,16,20,1600,1310.0,476.5
125,16,40,1200,1130.0,467.5
125,16,50,1000,907.0,482.0
125,16,75,500,353.0,481.0
125,16,80,400,384.0,486.0
125,16,85,300,307.0,471.0
125,16,90,200,199.0,479.5
125,16,95,100,149.0,385.0
125,16,99,20,75.0,489.0
125,20,0,2500,645.0,582.5
125,20,20,2000,1389.0,589.5
125,20,40,1500,1486.0,567.0
125,20,50,1250,1265.0,558.0
125,20,75,625,568.5,577.5
125,20,80,500,536.0,558.0
125,20,85,375,301.0,564.0
125,20,90,250,216.0,537.0
125,20,95,125,153.0,555.0
125,20,99,25,78.0,531.0
125,25,0,3125,826.5,658.0
125,25,20,2500,1476.0,642.0
125,25,40,1875,1549.0,646.0
125,25,50,1562,1530.0,715.0
125,25,75,781,628.0,656.5
125,25,80,625,479.0,711.0
125,25,85,468,359.0,644.0
125,25,90,312,311.0,652.0
125,25,95,156,191.0,638.0
125,25,99,31,73.0,644.5
125,40,0,5000,1843.0,926.5
125,40,20,4000,2094.0,925.0
125,40,40,3000,1921.0,893.0
125,40,50,2500,1856.0,921.0
125,40,75,1250,1122.0,926.0
125,40,80,1000,943.5,929.0
125,40,85,750,570.0,920.0
125,40,90,500,515.5,925.0
125,40,95,250,285.0,947.0
125,40,99,50,90.0,912.0
125,50,0,6250,2305.0,1108.0
125,50,20,5000,2323.0,987.0
125,50,40,3750,2132.0,1102.0
125,50,50,3125,2073.0,1061.5
125,50,75,1562,1656.5,1062.0
125,50,80,1250,1194.0,1063.0
125,50,85,937,958.0,1066.0
125,50,90,625,493.0,1064.0
125,50,95,312,306.0,1057.0
125,50,99,62,92.0,1067.5
125,80,0,10000,2915.0,1419.0
125,80,20,8000,2818.0,1393.0
125,80,40,6000,2461.0,1398.5
125,80,50,5000,2301.0,1385.0
125,80,75,2500,1829.0,1357.0
125,80,80,2000,1685.5,1551.0
125,80,85,1500,1495.0,1385.0
125,80,90,1000,997.0,1385.0
125,80,95,500,395.0,1388.0
125,80,99,100,133.0,1358.0
125,100,0,12500,3595.0,1616.0
125,100,20,10000,3088.0,1826.5
125,100,40,7500,2770.0,1561.0
125,100,50,6250,2514.0,1635.0
125,100,75,3125,2014.0,1607.5
125,100,80,2500,1882.0,1617.0
125,100,85,1875,1823.0,1634.0
125,100,90,1250,1308.0,1626.0
125,100,95,625,600.0,1619.0
125,100,99,125,157.0,1601.5
125,125,0,15625,4412.0,1893.5
125,125,20,12500,3600.0,1825.5
125,125,40,9375,2985.0,1902.0
125,125,50,7812,2801.0,1896.0
125,125,75,3906,2151.0,1898.0
125,125,80,3125,2062.0,1890.5
125,125,85,2343,1963.0,1902.0
125,125,90,1562,1584.0,1896.5
125,125,95,781,789.0,1854.5
125,125,99,156,172.0,1892.0
125,200,0,25000,7011.0,2719.0
125,200,20,20000,5445.0,2730.0
125,200,40,15000,4210.0,2736.0
125,200,50,12500,3554.0,2712.5
125,200,75,6250,2559.5,2712.0
125,200,80,5000,2283.0,2713.0
125,200,85,3750,2149.0,2733.0
125,200,90,2500,1903.0,2704.0
125,200,95,1250,1322.0,2738.0
125,200,99,250,251.0,2738.0
125,250,0,31250,8274.5,3275.0
125,250,20,25000,6437.0,3172.5
125,250,40,18750,5119.0,3260.0
125,250,50,15625,4329.5,3316.5
125,250,75,7812,2862.0,3279.5
125,250,80,6250,2535.5,3282.5
125,250,85,4687,2228.0,3259.0
125,250,90,3125,2031.5,3263.0
125,250,95,1562,1576.0,3256.0
125,250,99,312,275.0,3276.0
125,400,0,50000,13456.0,4915.5
125,400,20,40000,10490.0,4959.0
125,400,40,30000,7931.0,4772.0
125,400,50,25000,6788.5,4929.0
125,400,75,12500,3610.0,4917.0
125,400,80,10000,3076.0,4901.0
125,400,85,7500,2703.0,4933.5
125,400,90,5000,2322.0,4952.0
125,400,95,2500,1936.0,6312.0
125,400,99,500,421.5,4785.5
125,500,0,62500,15941.5,6064.0
125,500,20,50000,13025.5,6014.0
125,500,40,37500,9900.5,5999.0
125,500,50,31250,8406.0,6002.5
125,500,75,15625,4329.5,6021.0
125,500,80,12500,3655.5,5917.5
125,500,85,9375,2979.0,6041.0
125,500,90,6250,2540.0,6011.5
125,500,95,3125,1883.0,6048.5
125,500,99,625,516.0,6023.0
125,625,0,78125,20321.5,8801.5
125,625,20,62500,16277.5,7389.0
125,625,40,46875,12244.0,7296.0
125,625,50,39062,10213.0,7264.0
125,625,75,19531,5188.5,7381.0
125,625,80,15625,4340.0,7337.5
125,625,85,11718,3418.5,7377.0
125,625,90,7812,2768.0,7426.5
125,625,95,3906,2128.0,7082.5
125,625,99,781,715.0,7340.0
125,1000,0,125000,33925.5,11232.0
125,1000,20,100000,26845.0,11356.5
125,1000,40,75000,19522.0,11232.5
125,1000,50,62500,16299.5,11337.5
125,1000,75,31250,8433.5,11359.5
125,1000,80,25000,6642.0,10910.0
125,1000,85,18750,5144.0,11355.0
125,1000,90,12500,3587.0,11372.0
125,1000,95,6250,2474.0,11371.5
125,1000,99,1250,1374.0,11255.5
125,1250,0,156250,41931.5,14616.5
125,1250,20,125000,33879.5,14030.5
125,1250,40,93750,25360.5,14436.5
125,1250,50,78125,20333.5,14080.5
125,1250,75,39062,10282.0,13973.5
125,1250,80,31250,8257.5,13916.0
125,1250,85,23437,6338.0,13899.0
125,1250,90,15625,4229.0,13906.5
125,1250,95,7812,2797.0,16157.0
125,1250,99,1562,1441.0,17194.5
125,2000,0,250000,110888.5,36559.0
125,2000,20,200000,61717.0,35466.5
125,2000,40,150000,40452.5,32837.5
125,2000,50,125000,32811.5,31329.0
125,2000,75,62500,15901.5,34006.0
125,2000,80,50000,13012.5,33385.0
125,2000,85,37500,9802.0,36658.5
125,2000,90,25000,6908.0,32368.0
125,2000,95,12500,3614.0,34895.0
125,2000,99,2500,1932.0,35403.0
125,2500,0,312500,113042.0,57216.5
125,2500,20,250000,105943.0,57597.0
125,2500,40,187500,55823.0,56096.0
125,2500,50,156250,42895.0,55827.5
125,2500,75,78125,20332.5,56180.0
125,2500,80,62500,16257.0,56650.0
125,2500,85,46875,12345.0,57659.5
125,2500,90,31250,8476.0,57270.5
125,2500,95,15625,4409.0,56741.0
125,2500,99,3125,2046.0,55307.0
125,5000,0,625000,216865.5,147760.0
125,5000,20,500000,181435.5,147724.5
125,5000,40,375000,183052.5,147831.0
125,5000,50,312500,124965.5,147722.5
125,5000,75,156250,53400.0,148251.5
125,5000,80,125000,40233.0,147121.0
125,5000,85,93750,26558.5,148201.5
125,5000,90,62500,17903.5,174917.0
125,5000,95,31250,9250.0,148013.5
125,5000,99,6250,2546.0,149740.5
200,1,0,200,159.0,108.0
200,1,20,160,150.0,73.5
200,1,40,120,122.0,77.0
200,1,50,100,118.0,74.0
200,1,75,50,92.0,159.0
200,1,80,40,70.0,109.0
200,1,85,30,67.5,90.0
200,1,90,20,70.0,75.5
200,1,95,10,50.0,91.0
200,1,99,2,35.0,75.0
200,2,0,400,187.0,138.5
200,2,20,320,209.0,175.0
200,2,40,240,162.0,140.5
200,2,50,200,181.0,173.5
200,2,75,100,112.0,134.0
200,2,80,80,103.0,173.0
200,2,85,60,95.0,166.0
200,2,90,40,90.0,138.0
200,2,95,20,68.0,173.5
200,2,99,4,40.0,172.5
200,4,0,800,275.0,233.0
200,4,20,640,319.0,239.0
200,4,40,480,259.0,270.0
200,4,50,400,273.0,234.0
200,4,75,200,179.5,270.0
200,4,80,160,148.0,237.5
200,4,85,120,140.0,232.0
200,4,90,80,108.0,231.0
200,4,95,40,73.0,269.0
200,4,99,8,48.0,223.5
200,5,0,1000,312.0,330.5
200,5,20,800,376.0,328.0
200,5,40,600,322.0,323.5
200,5,50,500,299.0,316.0
200,5,75,250,205.0,328.5
200,5,80,200,174.0,328.0
200,5,85,150,152.0,324.0
200,5,90,100,124.0,322.0
200,5,95,50,86.0,318.0
200,5,99,10,49.0,324.5
200,8,0,1600,422.0,423.0
200,8,20,1280,522.0,409.0
200,8,40,960,536.5,434.0
200,8,50,800,485.0,402.0
200,8,75,400,302.0,424.0
200,8,80,320,223.0,405.5
200,8,85,240,176.0,401.5
200,8,90,160,162.0,390.0
200,8,95,80,102.0,407.0
200,8,99,16,62.0,404.0
200,10,0,2000,509.5,455.0
200,10,20,1600,949.0,451.0
200,10,40,1200,596.0,448.0
200,10,50,1000,543.0,483.0
200,10,75,500,342.0,451.5
200,10,80,400,375.0,450.0
200,10,85,300,249.0,483.0
200,10,90,200,191.0,449.0
200,10,95,100,132.0,451.0
200,10,99,20,68.0,448.0
200,16,0,3200,776.5,657.0
200,16,20,2560,1839.0,678.0
200,16,40,1920,1494.0,664.0
200,16,50,1600,1209.0,686.5
200,16,75,800,426.0,689.0
200,16,80,640,504.0,654.0
200,16,85,480,377.0,689.5
200,16,90,320,258.0,637.5
200,16,95,160,153.0,655.0
200,16,99,32,66.0,658.0
200,20,0,4000,1039.0,783.0
200,20,20,3200,1910.0,773.0
200,20,40,2400,2003.0,809.0
200,20,50,2000,1476.0,794.5
200,20,75,1000,722.5,789.0
200,20,80,800,587.0,771.5
200,20,85,600,373.0,782.0
200,20,90,400,283.0,755.5
200,20,95,200,168.0,779.0
200,20,99,40,73.0,772.0
200,25,0,5000,1463.0,906.0
200,25,20,4000,2278.0,906.0
200,25,40,3000,2210.0,908.5
200,25,50,2500,1909.0,898.0
200,25,75,1250,842.5,913.5
200,25,80,1000,729.0,903.5
200,25,85,750,573.0,920.0
200,25,90,500,337.0,921.5
200,25,95,250,212.0,895.0
200,25,99,50,92.0,900.5
200,40,0,8000,2920.0,1216.0
200,40,20,6400,3056.0,1161.5
200,40,40,4800,2722.0,1187.5
200,40,50,4000,2687.0,1211.0
200,40,75,2000,1630.0,1208.0
200,40,80,1600,1405.0,1202.0
200,40,85,1200,988.5,1219.5
200,40,90,800,543.0,1181.0
200,40,95,400,299.0,1213.5
200,40,99,80,116.0,1171.0
200,50,0,10000,3667.0,1502.5
200,50,20,8000,3655.5,1409.0
200,50,40,6000,3089.0,1370.0
200,50,50,5000,2913.0,1539.0
200,50,75,2500,2134.0,1551.0
200,50,80,2000,1864.5,1516.0
200,50,85,1500,1231.5,1510.0
200,50,90,1000,788.0,1551.0
200,50,95,500,338.0,1415.5
200,50,99,100,118.0,1565.5
200,80,0,16000,4288.0,1939.5
200,80,20,12800,4458.0,1945.5
200,80,40,9600,3899.0,1948.5
200,80,50,8000,3587.0,2144.0
200,80,75,4000,2716.0,1943.5
200,80,80,3200,2587.5,2030.0
200,80,85,2400,1951.0,2150.0
200,80,90,1600,1326.0,2156.5
200,80,95,800,528.0,1949.0
200,80,99,160,159.0,2135.0
200,100,0,20000,5739.0,2333.0
200,100,20,16000,4988.5,2488.5
200,100,40,12000,4363.0,2323.0
200,100,50,10000,3940.5,2293.0
200,100,75,5000,2984.5,2517.5
200,100,80,4000,2577.0,2483.0
200,100,85,3000,2421.0,2342.0
200,100,90,2000,1971.0,2328.0
200,100,95,1000,695.5,2322.5
200,100,99,200,295.0,2307.0
200,125,0,25000,6799.5,2726.0
200,125,20,20000,5751.0,2762.0
200,125,40,15000,4788.0,2764.0
200,125,50,12500,4399.0,2718.0
200,125,75,6250,3267.0,2729.0
200,125,80,5000,2977.0,3117.5
200,125,85,3750,2715.0,2746.0
200,125,90,2500,2233.5,2747.0
200,125,95,1250,894.0,2625.5
200,125,99,250,234.0,2731.0
200,200,0,40000,10583.5,4494.5
200,200,20,32000,8556.5,4538.0
200,200,40,24000,6694.0,4055.0
200,200,50,20000,5729.5,4048.5
200,200,75,10000,4006.0,4693.5
200,200,80,8000,3581.0,4086.0
200,200,85,6000,3281.0,4049.0
200,200,90,4000,2731.0,3971.0
200,200,95,2000,1900.0,4053.5
200,200,99,400,378.0,4017.5
200,250,0,50000,12906.0,4955.0
200,250,20,40000,10546.5,5557.0
200,250,40,30000,8045.5,4978.0
200,250,50,25000,6905.0,4759.0
200,250,75,12500,4436.0,5450.0
200,250,80,10000,4037.0,5591.0
200,250,85,7500,3437.0,4930.5
200,250,90,5000,3213.0,4925.0
200,250,95,2500,2277.0,4926.0
200,250,99,500,458.0,5486.0
200,400,0,80000,21443.5,7548.0
200,400,20,64000,16769.0,7620.0
200,400,40,48000,12631.0,8345.5
200,400,50,40000,10620.0,7589.0
200,400,75,20000,5746.5,7583.5
200,400,80,16000,4945.5,8560.0
200,400,85,12000,4375.5,8679.5
200,400,90,8000,3649.0,7561.0
200,400,95,4000,2884.0,7590.0
200,400,99,800,544.0,7553.0
200,500,0,100000,25464.5,9711.0
200,500,20,80000,20797.0,9317.5
200,500,40,60000,15700.0,9339.0
200,500,50,50000,13106.0,10466.0
200,500,75,25000,6968.5,9359.0
200,500,80,20000,5739.5,10570.5
200,500,85,15000,4779.0,11721.5
200,500,90,10000,4002.0,9350.0
200,500,95,5000,3164.0,9307.5
200,500,99,1000,832.5,9293.5
200,625,0,125000,36441.5,13053.0
200,625,20,100000,26705.5,11503.5
200,625,40,75000,19596.5,11484.0
200,625,50,62500,16455.0,12761.0
200,625,75,31250,8351.0,12246.0
200,625,80,25000,6916.0,11914.0
200,625,85,18750,5446.5,12345.0
200,625,90,12500,4268.0,11485.5
200,625,95,6250,3373.0,11150.5
200,625,99,1250,872.5,11491.0
200,1000,0,200000,59917.5,21410.0
200,1000,20,160000,44375.5,22547.0
200,1000,40,120000,32012.5,21348.0
200,1000,50,100000,27167.5,23187.5
200,1000,75,50000,13157.5,22082.0
200,1000,80,40000,10652.5,20114.0
200,1000,85,30000,8244.5,20954.5
200,1000,90,20000,5702.0,22972.5
200,1000,95,10000,3887.0,23471.0
200,1000,99,2000,1714.0,22939.0
200,1250,0,250000,113472.0,35071.0
200,1250,20,200000,60698.5,34672.0
200,1250,40,150000,41580.0,33082.5
200,1250,50,125000,32516.0,36093.0
200,1250,75,62500,16423.5,33883.0
200,1250,80,50000,13142.5,34885.5
200,1250,85,37500,9934.5,35405.0
200,1250,90,25000,6926.0,34770.0
200,1250,95,12500,4406.0,32722.0
200,1250,99,2500,2319.0,34875.0
200,2000,0,400000,143549.0,92304.5
200,2000,20,320000,114098.0,89100.0
200,2000,40,240000,105066.5,93012.5
200,2000,50,200000,60543.5,91244.5
200,2000,75,100000,27652.0,92178.5
200,2000,80,80000,20775.0,90025.5
200,2000,85,60000,15799.5,90144.0
200,2000,90,40000,10654.0,89820.5
200,2000,95,20000,5802.0,90115.5
200,2000,99,4000,2854.0,91318.5
200,2500,0,500000,174572.5,122063.5
200,2500,20,400000,144007.0,119759.5
200,2500,40,300000,108778.5,124662.5
200,2500,50,250000,84876.0,124284.5
200,2500,75,125000,36656.5,125345.0
200,2500,80,100000,26104.5,123848.5
200,2500,85,75000,19547.0,120694.5
200,2500,90,50000,13191.5,125455.5
200,2500,95,25000,6942.0,121906.0
200,2500,99,5000,3105.0,121854.0
200,5000,40,600000,236064.0,247011.0
200,5000,50,500000,184319.0,233590.5
200,5000,75,250000,114269.5,232590.0
200,5000,80,200000,67512.0,239845.5
200,5000,85,150000,47636.5,247005.0
200,5000,90,100000,30209.5,247163.0
200,5000,95,50000,14497.5,247283.0
200,5000,99,10000,3860.0,246963.0
250,1,0,250,188.0,236.0
250,1,20,200,168.0,76.0
250,1,40,150,139.0,241.0
250,1,50,125,135.0,90.0
250,1,75,62,97.0,94.0
250,1,80,50,82.0,132.0
250,1,85,37,75.0,93.0
250,1,90,25,72.0,138.0
250,1,95,12,61.0,240.0
250,1,99,2,40.0,236.0
250,2,0,500,227.0,268.0
250,2,20,400,241.0,249.0
250,2,40,300,221.0,313.0
250,2,50,250,179.0,312.5
250,2,75,125,142.0,314.0
250,2,80,100,122.0,292.0
250,2,85,75,104.5,307.0
250,2,90,50,89.0,311.0
250,2,95,25,76.0,306.0
250,2,99,5,47.0,218.0
250,4,0,1000,317.0,337.0
250,4,20,800,365.0,398.5
250,4,40,600,366.0,330.0
250,4,50,500,305.0,335.0
250,4,75,250,190.0,393.5
250,4,80,200,175.0,333.0
250,4,85,150,159.0,392.0
250,4,90,100,118.0,321.0
250,4,95,50,89.0,368.0
250,4,99,10,52.0,322.0
250,5,0,1250,402.0,386.0
250,5,20,1000,428.0,434.0
250,5,40,750,464.0,411.5
250,5,50,625,392.0,230.0
250,5,75,312,247.0,407.0
250,5,80,250,215.0,453.0
250,5,85,187,164.0,384.0
250,5,90,125,151.0,429.0
250,5,95,62,98.5,460.0
250,5,99,12,57.0,421.5
250,8,0,2000,533.0,497.0
250,8,20,1600,767.0,478.0
250,8,40,1200,690.0,465.0
250,8,50,1000,537.5,534.0
250,8,75,500,313.0,539.0
250,8,80,400,303.0,456.5
250,8,85,300,238.5,510.0
250,8,90,200,181.0,487.0
250,8,95,100,132.0,479.0
250,8,99,20,69.0,461.5
250,10,0,2500,639.0,566.0
250,10,20,2000,1014.0,592.0
250,10,40,1500,949.0,604.0
250,10,50,1250,785.0,547.0
250,10,75,625,420.5,547.0
250,10,80,500,341.0,589.0
250,10,85,375,337.0,547.0
250,10,90,250,226.0,547.0
250,10,95,125,152.0,610.0
250,10,99,25,75.0,587.5
250,16,0,4000,1102.0,834.5
250,16,20,3200,1811.0,819.0
250,16,40,2400,1610.0,778.0
250,16,50,2000,1331.0,843.0
250,16,75,1000,623.0,774.0
250,16,80,800,476.0,766.5
250,16,85,600,353.5,843.0
250,16,90,400,286.0,835.5
250,16,95,200,195.0,792.0
250,16,99,40,74.0,797.0
250,20,0,5000,1410.0,914.0
250,20,20,4000,2157.0,941.0
250,20,40,3000,2163.0,900.0
250,20,50,2500,1700.0,936.0
250,20,75,1250,772.0,938.0
250,20,80,1000,597.0,884.5
250,20,85,750,449.0,896.0
250,20,90,500,306.5,940.5
250,20,95,250,239.0,914.5
250,20,99,50,79.0,922.5
250,25,0,6250,1783.0,1047.0
250,25,20,5000,2389.5,1066.0
250,25,40,3750,2447.0,1068.0
250,25,50,3125,2095.0,1092.0
250,25,75,1562,994.0,1040.0
250,25,80,1250,864.0,1103.5
250,25,85,937,583.5,1054.0
250,25,90,625,363.0,1023.0
250,25,95,312,260.0,1087.0
250,25,99,62,103.0,1038.0
250,40,0,10000,3535.0,1474.0
250,40,20,8000,3389.0,1431.5
250,40,40,6000,3121.0,1396.0
250,40,50,5000,3212.0,1492.0
250,40,75,2500,2028.0,1508.5
250,40,80,2000,1582.0,1452.0
250,40,85,1500,1050.5,1441.0
250,40,90,1000,669.0,1477.5
250,40,95,500,413.0,1486.0
250,40,99,100,124.0,1430.5
250,50,0,12500,4572.5,1734.0
250,50,20,10000,4390.0,1781.0
250,50,40,7500,3779.0,1760.0
250,50,50,6250,3437.0,1734.0
250,50,75,3125,2177.5,1721.5
250,50,80,2500,2041.0,1756.0
250,50,85,1875,1337.5,1827.5
250,50,90,1250,813.0,1763.0
250,50,95,625,422.0,1729.0
250,50,99,125,151.5,1730.0
250,80,0,20000,5312.5,2557.5
250,80,20,16000,5489.0,2560.0
250,80,40,12000,4926.5,2591.0
250,80,50,10000,4571.0,2605.5
250,80,75,5000,3615.0,2597.0
250,80,80,4000,2885.5,2554.0
250,80,85,3000,2355.0,2536.0
250,80,90,2000,1755.5,2591.0
250,80,95,1000,753.0,2559.0
250,80,99,200,179.0,2607.0
250,100,0,25000,7159.0,3120.0
250,100,20,20000,6286.5,3110.5
250,100,40,15000,5472.0,3028.5
250,100,50,12500,5081.0,3188.5
250,100,75,6250,3597.0,3085.0
250,100,80,5000,3687.0,3074.5
250,100,85,3750,2544.0,3112.0
250,100,90,2500,2123.0,3167.0
250,100,95,1250,825.0,3172.0
250,100,99,250,213.0,3103.0
250,125,0,31250,8678.0,3912.0
250,125,20,25000,7188.5,3509.5
250,125,40,18750,5899.5,3502.5
250,125,50,15625,5483.5,3902.0
250,125,75,7812,4141.0,3818.5
250,125,80,6250,3969.0,3872.5
250,125,85,4687,3099.0,3883.5
250,125,90,3125,2523.0,3807.0
250,125,95,1562,1109.0,3909.5
250,125,99,312,299.0,3817.0
250,200,0,50000,13582.5,5916.0
250,200,20,40000,10991.0,5858.0
250,200,40,30000,8331.0,5702.5
250,200,50,25000,7004.0,5887.0
250,200,75,12500,5034.0,6040.5
250,200,80,10000,4567.0,5875.0
250,200,85,7500,4094.0,5823.0
250,200,90,5000,3322.0,5822.0
250,200,95,2500,2095.0,5505.5
250,200,99,500,344.0,5912.0
250,250,0,62500,16176.0,7379.5
250,250,20,50000,13239.5,7218.0
250,250,40,37500,10034.5,7208.5
250,250,50,31250,8621.0,7022.0
250,250,75,15625,5502.5,7060.5
250,250,80,12500,4974.0,7495.0
250,250,85,9375,4533.0,7225.0
250,250,90,6250,3858.0,7256.0
250,250,95,3125,2572.5,7375.5
250,250,99,625,446.0,7110.0
250,400,0,100000,26868.0,11148.0
250,400,20,80000,20928.5,11106.5
250,400,40,60000,15790.0,10926.0
250,400,50,50000,13117.5,11070.5
250,400,75,25000,7116.0,11269.5
250,400,80,20000,6185.5,10944.0
250,400,85,15000,5440.0,10942.0
250,400,90,10000,4522.0,11261.0
250,400,95,5000,3598.0,11183.5
250,400,99,1000,560.0,10959.0
250,500,0,125000,33204.5,13852.5
250,500,20,100000,25240.5,14170.5
250,500,40,75000,19653.5,13566.0
250,500,50,62500,16432.5,13851.0
250,500,75,31250,8405.5,14636.0
250,500,80,25000,7171.0,14814.5
250,500,85,18750,5920.0,14671.0
250,500,90,12500,5050.0,14021.5
250,500,95,6250,3597.0,14695.0
250,500,99,1250,894.0,14105.5
250,625,0,156250,43714.5,18699.5
250,625,20,125000,33425.0,18322.5
250,625,40,93750,25486.5,18391.5
250,625,50,78125,20650.0,18240.0
250,625,75,39062,10445.5,17972.5
250,625,80,31250,8456.0,18334.0
250,625,85,23437,6818.5,17233.5
250,625,90,15625,5515.0,18823.5
250,625,95,7812,4077.0,16547.0
250,625,99,1562,1149.5,20766.0
250,1000,0,250000,108316.0,38333.5
250,1000,20,200000,61145.0,37783.0
250,1000,40,150000,40639.0,36640.0
250,1000,50,125000,32468.5,39367.5
250,1000,75,62500,16532.5,34997.0
250,1000,80,50000,13246.0,37862.0
250,1000,85,37500,10069.0,38303.0
250,1000,90,25000,7143.0,37219.0
250,1000,95,12500,4946.0,38475.5
250,1000,99,2500,1967.0,39057.5
250,1250,0,312500,109890.0,56825.0
250,1250,20,250000,104342.5,59420.5
250,1250,40,187500,55935.5,59377.0
250,1250,50,156250,43370.0,60102.5
250,1250,75,78125,19822.5,58615.5
250,1250,80,62500,16413.0,60514.5
250,1250,85,46875,12510.5,58621.0
250,1250,90,31250,8488.5,59633.5
250,1250,95,15625,5472.0,56876.5
250,1250,99,3125,2690.0,58666.5
250,2000,0,500000,173298.0,119603.0
250,2000,20,400000,143451.5,118555.5
250,2000,40,300000,105955.0,118265.0
250,2000,50,250000,107214.0,118505.0
250,2000,75,125000,34795.5,118679.5
250,2000,80,100000,26261.5,118456.5
250,2000,85,75000,19715.0,119409.0
250,2000,90,50000,13666.5,120258.0
250,2000,95,25000,7132.5,120867.0
250,2000,99,5000,3235.0,121033.0
250,2500,0,625000,218052.5,149683.0
250,2500,20,500000,173531.0,150055.5
250,2500,40,375000,137252.5,149824.5
250,2500,50,312500,110183.5,150037.0
250,2500,75,156250,44265.5,149893.0
250,2500,80,125000,35545.0,149905.5
250,2500,85,93750,24518.0,150945.5
250,2500,90,62500,16426.5,149963.5
250,2500,95,31250,8703.0,149923.5
250,2500,99,6250,3695.0,149703.0
400,1,0,400,297.5,210.0
400,1,20,320,243.0,207.0
400,1,40,240,192.5,152.0
400,1,50,200,172.0,141.0
400,1,75,100,117.0,205.5
400,1,80,80,108.0,205.0
400,1,85,60,91.0,208.5
400,1,90,40,76.5,209.0
400,1,95,20,71.0,198.5
400,1,99,4,40.0,210.0
400,2,0,800,340.0,269.0
400,2,20,640,345.0,268.0
400,2,40,480,283.0,256.0
400,2,50,400,267.0,296.0
400,2,75,200,166.0,271.0
400,2,80,160,155.0,275.0
400,2,85,120,136.0,273.0
400,2,90,80,101.0,336.0
400,2,95,40,73.0,335.5
400,2,99,8,46.0,269.0
400,4,0,1600,509.0,442.0
400,4,20,1280,506.0,401.0
400,4,40,960,439.0,393.0
400,4,50,800,415.0,458.0
400,4,75,400,270.0,458.0
400,4,80,320,252.0,389.0
400,4,85,240,203.0,393.0
400,4,90,160,150.0,394.5
400,4,95,80,105.0,453.0
400,4,99,16,61.0,392.5
400,5,0,2000,564.5,471.0
400,5,20,1600,597.0,517.0
400,5,40,1200,515.0,377.0
400,5,50,1000,482.0,516.0
400,5,75,500,306.0,452.5
400,5,80,400,275.5,449.0
400,5,85,300,222.5,450.0
400,5,90,200,171.0,455.0
400,5,95,100,126.0,514.0
400,5,99,20,67.5,452.0
400,8,0,3200,839.0,662.0
400,8,20,2560,1009.0,661.0
400,8,40,1920,813.0,657.0
400,8,50,1600,804.5,694.0
400,8,75,800,448.0,722.0
400,8,80,640,370.0,726.0
400,8,85,480,320.0,658.5
400,8,90,320,256.0,661.0
400,8,95,160,160.0,660.5
400,8,99,32,66.0,718.0
400,10,0,4000,1219.0,776.0
400,10,20,3200,1308.5,781.0
400,10,40,2400,1095.5,797.0
400,10,50,2000,883.5,782.0
400,10,75,1000,529.0,771.0
400,10,80,800,471.0,767.5
400,10,85,600,389.0,839.0
400,10,90,400,272.0,790.0
400,10,95,200,170.0,780.0
400,10,99,40,73.5,782.0
400,16,0,6400,1730.0,1047.5
400,16,20,5120,2707.5,1065.0
400,16,40,3840,2254.0,1045.5
400,16,50,3200,1776.0,983.0
400,16,75,1600,825.0,988.5
400,16,80,1280,725.0,955.0
400,16,85,960,586.5,986.5
400,16,90,640,419.0,985.0
400,16,95,320,236.0,988.0
400,16,99,64,100.0,963.0
400,20,0,8000,2205.0,1149.5
400,20,20,6400,2829.0,1127.5
400,20,40,4800,2793.5,1119.0
400,20,50,4000,2261.5,1187.0
400,20,75,2000,1060.0,1131.0
400,20,80,1600,790.5,1110.0
400,20,85,1200,601.0,1122.5
400,20,90,800,474.0,1190.0
400,20,95,400,299.0,1188.0
400,20,99,80,110.0,1188.5
400,25,0,10000,2900.0,1473.0
400,25,20,8000,3262.0,1426.0
400,25,40,6000,3083.0,1506.5
400,25,50,5000,3028.0,1325.0
400,25,75,2500,1515.0,1426.0
400,25,80,2000,1133.0,1362.0
400,25,85,1500,790.0,1490.0
400,25,90,1000,492.5,1524.0
400,25,95,500,316.0,1475.5
400,25,99,100,120.0,1394.0
400,40,0,16000,5803.5,1898.5
400,40,20,12800,5326.0,2016.0
400,40,40,9600,4356.0,2099.0
400,40,50,8000,3852.0,2094.0
400,40,75,4000,2525.5,1894.0
400,40,80,3200,1828.5,2052.5
400,40,85,2400,1324.0,2117.5
400,40,90,1600,842.0,2099.0
400,40,95,800,466.0,2046.0
400,40,99,160,165.0,1955.5
400,50,0,20000,7090.5,2445.0
400,50,20,16000,7064.5,2497.0
400,50,40,12000,4731.5,2377.0
400,50,50,10000,4718.0,2441.5
400,50,75,5000,3119.5,2389.0
400,50,80,4000,2517.0,2395.5
400,50,85,3000,1887.0,2266.5
400,50,90,2000,1140.5,2419.0
400,50,95,1000,552.0,2440.0
400,50,99,200,221.0,2434.0
400,80,0,32000,8494.0,3478.5
400,80,20,25600,8760.5,3630.5
400,80,40,19200,7605.5,3509.0
400,80,50,16000,7277.0,3613.0
400,80,75,8000,4438.0,3562.0
400,80,80,6400,3913.5,3576.0
400,80,85,4800,2619.5,3530.5
400,80,90,3200,2181.0,3354.0
400,80,95,1600,879.0,3472.0
400,80,99,320,258.0,3486.5
400,100,0,40000,11116.0,4318.0
400,100,20,32000,9660.5,4256.0
400,100,40,24000,8387.0,4014.0
400,100,50,20000,7836.0,4283.5
400,100,75,10000,4995.0,4326.0
400,100,80,8000,4333.0,4314.0
400,100,85,6000,3788.5,4307.0
400,100,90,4000,2778.0,4582.5
400,100,95,2000,1041.5,4180.5
400,100,99,400,283.0,4322.0
400,125,0,50000,13472.5,5261.0
400,125,20,40000,11183.0,4852.0
400,125,40,30000,9307.5,5210.5
400,125,50,25000,8682.0,4887.5
400,125,75,12500,5965.0,5247.5
400,125,80,10000,4800.5,5177.0
400,125,85,7500,4239.0,5214.0
400,125,90,5000,2877.5,5305.5
400,125,95,2500,1556.0,5346.5
400,125,99,500,331.0,5208.0
400,200,0,80000,21700.0,8018.0
400,200,20,64000,17076.0,8223.0
400,200,40,48000,13023.5,7545.0
400,200,50,40000,11202.0,8020.5
400,200,75,20000,7867.5,8064.0
400,200,80,16000,7383.0,7476.0
400,200,85,12000,5557.0,7514.5
400,200,90,8000,4451.5,7875.5
400,200,95,4000,2588.0,7507.5
400,200,99,800,455.5,7952.0
400,250,0,100000,25694.5,9242.0
400,250,20,80000,20971.0,9793.5
400,250,40,60000,15992.0,10013.5
400,250,50,50000,13449.0,10051.5
400,250,75,25000,8573.0,9868.0
400,250,80,20000,7802.0,9925.0
400,250,85,15000,6979.0,10288.5
400,250,90,10000,4895.5,9241.0
400,250,95,5000,3091.0,10018.5
400,250,99,1000,643.0,10105.0
400,400,0,160000,44605.5,15177.5
400,400,20,128000,34888.0,15728.0
400,400,40,96000,25150.5,15856.0
400,400,50,80000,21012.0,16826.0
400,400,75,40000,11192.5,15508.5
400,400,80,32000,9455.0,15561.5
400,400,85,24000,8650.0,14573.5
400,400,90,16000,7094.5,16796.5
400,400,95,8000,4715.0,15393.0
400,400,99,1600,962.0,15660.0
400,500,0,200000,60091.5,21735.5
400,500,20,160000,45146.5,21850.5
400,500,40,120000,35550.5,21852.5
400,500,50,100000,26062.0,20106.5
400,500,75,50000,13463.0,20680.5
400,500,80,40000,11242.5,19898.0
400,500,85,30000,9532.0,22821.0
400,500,90,20000,7960.5,21712.0
400,500,95,10000,4965.5,21062.5
400,500,99,2000,1300.0,21275.0
400,625,0,250000,109589.0,30689.0
400,625,20,200000,61415.0,35885.0
400,625,40,150000,40361.0,33526.0
400,625,50,125000,35525.5,34363.0
400,625,75,62500,16673.0,33732.5
400,625,80,50000,13503.0,33231.0
400,625,85,37500,10685.0,34065.0
400,625,90,25000,8816.0,34608.0
400,625,95,12500,6103.0,32959.5
400,625,99,2500,1584.0,32972.5
400,1000,0,400000,143304.5,91549.5
400,1000,20,320000,113460.5,93393.5
400,1000,40,240000,110836.5,93401.0
400,1000,50,200000,60570.0,95782.5
400,1000,75,100000,26299.5,94489.0
400,1000,80,80000,21055.0,94152.0
400,1000,85,60000,15981.0,94522.0
400,1000,90,40000,11196.0,91743.0
400,1000,95,20000,7901.0,94215.5
400,1000,99,4000,2713.0,93847.0
400,1250,0,500000,173977.0,125219.5
400,1250,20,400000,143537.0,122422.5
400,1250,40,300000,104121.5,122553.0
400,1250,50,250000,106311.5,122537.5
400,1250,75,125000,34297.0,125394.0
400,1250,80,100000,26168.5,124419.0
400,1250,85,75000,19843.0,124673.0
400,1250,90,50000,13501.0,123058.0
400,1250,95,25000,8772.0,120624.0
400,1250,99,5000,3127.0,122407.0
400,2000,20,640000,230758.0,196546.5
400,2000,40,480000,166631.5,197495.0
400,2000,50,400000,144062.0,197267.5
400,2000,75,200000,62378.0,191275.0
400,2000,80,160000,44811.0,197303.5
400,2000,85,120000,31554.5,197140.5
400,2000,90,80000,21158.5,187766.0
400,2000,95,40000,11523.0,196946.5
400,2000,99,8000,4576.0,196923.5
400,2500,40,600000,208360.5,246452.5
400,2500,50,500000,181011.5,246407.5
400,2500,75,250000,104739.0,246269.0
400,2500,80,200000,60835.5,246305.5
400,2500,85,150000,41764.5,245887.0
400,2500,90,100000,26351.5,246691.0
400,2500,95,50000,13565.0,246559.5
400,2500,99,10000,5206.0,246874.0
500,1,0,500,339.5,259.0
500,1,20,400,294.0,327.0
500,1,40,300,229.0,173.5
500,1,50,250,214.0,252.0
500,1,75,125,137.0,175.0
500,1,80,100,118.0,257.5
500,1,85,75,105.0,176.5
500,1,90,50,90.0,254.0
500,1,95,25,83.0,344.0
500,1,99,5,50.0,263.0
500,2,0,1000,397.0,324.0
500,2,20,800,382.0,345.5
500,2,40,600,329.0,328.0
500,2,50,500,317.5,369.0
500,2,75,250,194.0,347.5
500,2,80,200,191.0,435.0
500,2,85,150,159.0,332.0
500,2,90,100,125.0,348.0
500,2,95,50,88.0,355.0
500,2,99,10,53.5,446.5
500,4,0,2000,645.0,513.5
500,4,20,1600,619.0,451.0
500,4,40,1200,531.0,511.5
500,4,50,1000,504.0,560.0
500,4,75,500,349.0,476.0
500,4,80,400,257.0,494.0
500,4,85,300,225.5,550.5
500,4,90,200,193.0,442.5
500,4,95,100,127.0,566.0
500,4,99,20,71.0,470.0
500,5,0,2500,789.5,552.0
500,5,20,2000,736.0,573.0
500,5,40,1500,670.0,488.0
500,5,50,1250,631.0,597.0
500,5,75,625,349.0,442.0
500,5,80,500,366.0,633.0
500,5,85,375,276.0,617.5
500,5,90,250,226.0,635.0
500,5,95,125,149.0,597.0
500,5,99,25,83.0,636.0
500,8,0,4000,1199.0,795.5
500,8,20,3200,1168.0,793.0
500,8,40,2400,1078.0,794.0
500,8,50,2000,933.0,843.5
500,8,75,1000,554.0,862.0
500,8,80,800,537.0,778.0
500,8,85,600,384.0,801.0
500,8,90,400,304.0,765.0
500,8,95,200,192.0,900.0
500,8,99,40,76.0,859.0
500,10,0,5000,1525.5,900.0
500,10,20,4000,1614.5,1007.0
500,10,40,3000,1449.0,970.0
500,10,50,2500,1086.0,886.5
500,10,75,1250,659.0,980.0
500,10,80,1000,632.0,993.0
500,10,85,750,418.0,983.5
500,10,90,500,330.0,987.0
500,10,95,250,201.0,970.0
500,10,99,50,89.0,952.0
500,16,0,8000,2192.0,1177.0
500,16,20,6400,2893.0,1186.0
500,16,40,4800,2288.0,1254.0
500,16,50,4000,2056.0,1253.0
500,16,75,2000,970.5,1188.5
500,16,80,1600,806.0,1258.0
500,16,85,1200,651.0,1304.0
500,16,90,800,456.0,1193.5
500,16,95,400,286.0,1258.0
500,16,99,80,105.0,1337.0
500,20,0,10000,2978.0,1573.0
500,20,20,8000,3431.5,1557.0
500,20,40,6000,3082.5,1579.0
500,20,50,5000,2676.0,1453.5
500,20,75,2500,1226.0,1559.5
500,20,80,2000,854.0,1506.5
500,20,85,1500,706.0,1544.0
500,20,90,1000,528.0,1649.0
500,20,95,500,306.0,1527.5
500,20,99,100,115.0,1643.0
500,25,0,12500,3260.0,1737.0
500,25,20,10000,4101.0,1757.5
500,25,40,7500,3601.5,1756.0
500,25,50,6250,3389.0,1802.5
500,25,75,3125,1560.0,1742.0
500,25,80,2500,1212.0,1802.0
500,25,85,1875,876.0,1840.0
500,25,90,1250,605.0,1729.5
500,25,95,625,385.0,1757.0
500,25,99,125,142.0,1790.5
500,40,0,20000,7068.0,2532.0
500,40,20,16000,6633.0,2565.0
500,40,40,12000,5039.0,2544.5
500,40,50,10000,4575.5,2814.0
500,40,75,5000,2927.0,2761.0
500,40,80,4000,2185.0,2841.0
500,40,85,3000,1607.0,2507.0
500,40,90,2000,958.0,2794.0
500,40,95,1000,608.5,2790.0
500,40,99,200,182.0,2695.0
500,50,0,25000,8852.5,3323.0
500,50,20,20000,8880.5,3327.0
500,50,40,15000,6123.0,3265.0
500,50,50,12500,5292.0,3424.5
500,50,75,6250,3176.5,3070.0
500,50,80,5000,2898.0,3063.5
500,50,85,3750,2190.0,3115.0
500,50,90,2500,1396.0,3278.0
500,50,95,1250,649.0,3137.0
500,50,99,250,203.0,3394.5
500,80,0,40000,11353.5,5191.5
500,80,20,32000,10910.0,4548.0
500,80,40,24000,9775.0,4582.5
500,80,50,20000,9007.0,5055.0
500,80,75,10000,4989.5,4571.0
500,80,80,8000,4275.0,5041.5
500,80,85,6000,3366.5,5026.0
500,80,90,4000,2440.0,5054.0
500,80,95,2000,1051.0,4600.5
500,80,99,400,302.0,5169.5
500,100,0,50000,13850.0,5716.0
500,100,20,40000,12040.0,6209.5
500,100,40,30000,10527.0,6209.0
500,100,50,25000,9575.0,5657.5
500,100,75,12500,5643.5,5609.5
500,100,80,10000,5277.0,5620.5
500,100,85,7500,4493.0,5624.0
500,100,90,5000,3025.0,5662.0
500,100,95,2500,1390.0,6312.5
500,100,99,500,320.0,5722.0
500,125,0,62500,16819.0,7674.0
500,125,20,50000,14003.5,7554.5
500,125,40,37500,11730.5,7642.0
500,125,50,31250,10719.5,7675.5
500,125,75,15625,7208.5,7304.5
500,125,80,12500,5905.0,7021.5
500,125,85,9375,5260.0,7597.0
500,125,90,6250,3881.5,7076.5
500,125,95,3125,1693.0,7725.5
500,125,99,625,405.0,7041.0
500,200,0,100000,26681.0,11741.0
500,200,20,80000,21267.0,12060.5
500,200,40,60000,16226.5,10777.5
500,200,50,50000,14039.0,11948.5
500,200,75,25000,9688.5,10834.5
500,200,80,20000,9147.0,11955.5
500,200,85,15000,7125.5,10851.0
500,200,90,10000,5029.5,10804.0
500,200,95,5000,2941.5,12078.0
500,200,99,1000,522.0,12020.5
500,250,0,125000,33252.0,15246.0
500,250,20,100000,26292.0,13344.5
500,250,40,75000,19922.0,14647.0
500,250,50,62500,16837.5,13500.5
500,250,75,31250,10621.0,14927.0
500,250,80,25000,9639.0,13473.0
500,250,85,18750,8920.0,14729.5
500,250,90,12500,5654.5,13416.0
500,250,95,6250,3503.0,14850.0
500,250,99,1250,628.0,14842.5
500,400,0,200000,61098.0,25774.5
500,400,20,160000,44718.0,22837.0
500,400,40,120000,34912.5,25350.0
500,400,50,100000,26263.5,25416.0
500,400,75,50000,13997.0,27127.0
500,400,80,40000,12070.0,24916.5
500,400,85,30000,10512.0,23360.5
500,400,90,20000,9151.5,24850.5
500,400,95,10000,5376.5,24125.0
500,400,99,2000,1052.0,24625.5
500,500,0,250000,108645.0,35822.0
500,500,20,200000,62770.5,37375.0
500,500,40,150000,40789.5,35541.0
500,500,50,125000,36614.5,36684.5
500,500,75,62500,16828.0,36831.0
500,500,80,50000,13988.0,34927.5
500,500,85,37500,11703.0,34252.0
500,500,90,25000,9959.0,35571.5
500,500,95,12500,5838.0,31716.5
500,500,99,2500,1414.5,35702.0
500,625,0,312500,110528.5,57804.5
500,625,20,250000,106981.5,57861.0
500,625,40,187500,55306.5,56759.0
500,625,50,156250,44739.5,57660.5
500,625,75,78125,20816.0,57424.5
500,625,80,62500,16912.5,58276.0
500,625,85,46875,13273.5,56862.0
500,625,90,31250,10617.5,58220.5
500,625,95,15625,7152.5,57054.0
500,625,99,3125,1638.5,55979.0
500,1000,0,500000,179542.0,116792.0
500,1000,20,400000,143725.0,125263.5
500,1000,40,300000,104563.0,117247.0
500,1000,50,250000,113714.5,116296.0
500,1000,75,125000,36171.5,119367.5
500,1000,80,100000,26468.0,118742.5
500,1000,85,75000,19495.0,126045.0
500,1000,90,50000,14056.5,116668.5
500,1000,95,25000,9691.0,126154.0
500,1000,99,5000,2979.0,116692.5
500,1250,0,625000,216253.5,154238.5
500,1250,20,500000,179986.5,146955.5
500,1250,40,375000,134652.0,146983.5
500,1250,50,312500,111240.5,146996.0
500,1250,75,156250,44321.5,147057.5
500,1250,80,125000,33097.5,154399.5
500,1250,85,93750,24776.0,154456.0
500,1250,90,62500,16873.0,154285.5
500,1250,95,31250,10641.0,146783.0
500,1250,99,6250,3719.0,146973.5
500,2000,40,600000,203831.0,226626.5
500,2000,50,500000,180688.0,246985.0
500,2000,75,250000,85124.0,246793.5
500,2000,80,200000,62446.5,247161.0
500,2000,85,150000,41898.5,247410.5
500,2000,90,100000,27661.5,235341.0
500,2000,95,50000,14003.0,226408.5
500,2000,99,10000,5092.0,226544.5
625,1,0,625,406.0,322.0
625,1,20,500,393.0,272.0
625,1,40,375,263.0,298.0
625,1,50,312,277.0,270.0
625,1,75,156,151.0,311.0
625,1,80,125,140.0,375.0
625,1,85,93,116.0,287.5
625,1,90,62,88.0,301.0
625,1,95,31,63.0,268.0
625,1,99,6,46.0,286.0
625,2,0,1250,529.0,455.0
625,2,20,1000,632.0,511.0
625,2,40,750,405.5,389.0
625,2,50,625,343.0,357.5
625,2,75,312,220.5,408.0
625,2,80,250,212.0,491.0
625,2,85,187,188.0,377.0
625,2,90,125,145.0,422.0
625,2,95,62,81.0,362.0
625,2,99,12,55.0,501.0
625,4,0,2500,843.5,562.0
625,4,20,2000,746.0,595.0
625,4,40,1500,595.0,556.0
625,4,50,1250,541.5,575.0
625,4,75,625,364.0,573.5
625,4,80,500,302.0,558.5
625,4,85,375,277.0,570.0
625,4,90,250,193.0,566.0
625,4,95,125,143.0,674.0
625,4,99,25,72.0,633.0
625,5,0,3125,969.5,675.0
625,5,20,2500,994.5,686.0
625,5,40,1875,745.0,757.5
625,5,50,1562,715.0,666.0
625,5,75,781,443.0,635.0
625,5,80,625,384.0,777.0
625,5,85,468,310.0,684.0
625,5,90,312,236.0,637.0
625,5,95,156,163.0,762.0
625,5,99,31,74.0,712.0
625,8,0,5000,1574.0,914.0
625,8,20,4000,1458.5,969.5
625,8,40,3000,1216.5,1047.0
625,8,50,2500,1064.0,1035.0
625,8,75,1250,580.5,1001.0
625,8,80,1000,583.0,983.5
625,8,85,750,437.0,944.0
625,8,90,500,318.0,918.5
625,8,95,250,212.0,928.5
625,8,99,50,86.0,880.5
625,10,0,6250,1953.0,1131.5
625,10,20,5000,1853.0,1196.0
625,10,40,3750,1681.5,1156.5
625,10,50,3125,1366.5,1180.0
625,10,75,1562,741.0,1089.5
625,10,80,1250,641.0,1095.0
625,10,85,937,517.0,1095.0
625,10,90,625,368.0,1098.5
625,10,95,312,219.5,1195.0
625,10,99,62,105.0,1179.0
625,16,0,10000,2792.0,1506.5
625,16,20,8000,3233.0,1599.0
625,16,40,6000,2679.0,1500.5
625,16,50,5000,2252.5,1426.0
625,16,75,2500,1101.0,1592.0
625,16,80,2000,888.0,1539.0
625,16,85,1500,729.0,1539.0
625,16,90,1000,521.0,1500.0
625,16,95,500,343.5,1506.0
625,16,99,100,132.0,1587.0
625,20,0,12500,3668.5,1730.5
625,20,20,10000,4095.0,1778.5
625,20,40,7500,3532.0,1806.0
625,20,50,6250,3155.0,1880.5
625,20,75,3125,1650.0,1902.5
625,20,80,2500,1189.0,1827.5
625,20,85,1875,861.0,1784.5
625,20,90,1250,706.0,1801.0
625,20,95,625,461.5,1789.0
625,20,99,125,133.0,1791.0
625,25,0,15625,4028.0,2122.0
625,25,20,12500,5161.5,2015.0
625,25,40,9375,4184.0,1978.5
625,25,50,7812,3791.0,2193.5
625,25,75,3906,2128.5,2180.0
625,25,80,3125,1543.0,2254.5
625,25,85,2343,1138.0,2142.0
625,25,90,1562,843.0,2125.5
625,25,95,781,516.5,2160.5
625,25,99,156,155.0,2196.0
625,40,0,25000,8805.5,3101.0
625,40,20,20000,8231.0,3193.5
625,40,40,15000,6012.0,3245.0
625,40,50,12500,5399.0,3228.0
625,40,75,6250,3181.5,2948.5
625,40,80,5000,2665.0,3243.0
625,40,85,3750,1862.0,3256.5
625,40,90,2500,1221.0,3342.5
625,40,95,1250,629.0,3301.5
625,40,99,250,209.5,3332.5
625,50,0,31250,10732.0,4014.5
625,50,20,25000,11040.0,3456.5
625,50,40,18750,7303.5,3918.5
625,50,50,15625,6594.0,3974.0
625,50,75,7812,4014.5,4047.0
625,50,80,6250,3402.5,3940.5
625,50,85,4687,2448.0,4060.0
625,50,90,3125,1588.0,3865.5
625,50,95,1562,809.0,3920.0
625,50,99,312,234.0,3931.5
625,80,0,50000,14240.0,6127.0
625,80,20,40000,13466.0,6190.0
625,80,40,30000,11886.0,6183.0
625,80,50,25000,11036.5,6176.0
625,80,75,12500,6048.5,5926.0
625,80,80,10000,4941.0,6017.0
625,80,85,7500,4084.0,5451.5
625,80,90,5000,2618.0,6165.0
625,80,95,2500,1154.0,5864.0
625,80,99,500,317.0,6069.5
625,100,0,62500,17277.0,7434.0
625,100,20,50000,15105.5,6782.0
625,100,40,37500,13100.0,6800.5
625,100,50,31250,12103.5,7434.0
625,100,75,15625,6509.5,7420.5
625,100,80,12500,5985.5,6800.5
625,100,85,9375,4703.0,7300.5
625,100,90,6250,3107.0,6702.5
625,100,95,3125,1554.0,7472.0
625,100,99,625,368.0,7625.5
625,125,0,78125,20969.0,9146.5
625,125,20,62500,17431.5,9081.5
625,125,40,46875,14723.5,9196.5
625,125,50,39062,13350.0,9203.0
625,125,75,19531,8426.5,9026.5
625,125,80,15625,7014.0,8431.0
625,125,85,11718,5707.5,9145.0
625,125,90,7812,4079.5,9102.5
625,125,95,3906,2203.0,9113.0
625,125,99,781,439.0,9139.5
625,200,0,125000,35506.0,12944.0
625,200,20,100000,26656.5,14655.0
625,200,40,75000,20234.5,14681.0
625,200,50,62500,17446.5,14316.5
625,200,75,31250,12070.0,14253.0
625,200,80,25000,11127.0,14305.0
625,200,85,18750,8386.0,13939.5
625,200,90,12500,5760.5,14387.0
625,200,95,6250,3424.0,14438.5
625,200,99,1250,600.0,13518.0
625,250,0,156250,42261.0,18913.0
625,250,20,125000,33958.0,17889.5
625,250,40,93750,27357.0,17853.5
625,250,50,78125,21030.0,18273.0
625,250,75,39062,13269.0,17752.0
625,250,80,31250,12061.0,18057.0
625,250,85,23437,10917.5,17875.5
625,250,90,15625,6734.0,18348.5
625,250,95,7812,4449.0,17748.0
625,250,99,1562,760.0,16232.5
625,400,0,250000,106821.5,32964.0
625,400,20,200000,61461.5,34803.0
625,400,40,150000,42724.5,35662.0
625,400,50,125000,35725.0,36599.0
625,400,75,62500,17547.5,35866.5
625,400,80,50000,15093.0,35417.5
625,400,85,37500,13117.5,35598.5
625,400,90,25000,11213.0,34871.5
625,400,95,12500,5923.0,33620.0
625,400,99,2500,1203.0,34553.5
625,500,0,312500,113169.5,55963.0
625,500,20,250000,83565.5,56895.0
625,500,40,187500,56901.5,53216.5
625,500,50,156250,43232.0,55412.0
625,500,75,78125,21094.5,55930.0
625,500,80,62500,17462.5,55455.5
625,500,85,46875,14579.5,54910.5
625,500,90,31250,12130.0,53698.5
625,500,95,15625,6802.5,54833.0
625,500,99,3125,1630.0,56013.0
625,625,0,390625,140771.0,85198.0
625,625,20,312500,110530.5,82617.5
625,625,40,234375,76245.5,82467.0
625,625,50,195312,59158.5,83564.0
625,625,75,97656,26946.5,84070.5
625,625,80,78125,21135.0,84485.5
625,625,85,58593,16718.5,86708.0
625,625,90,39062,13319.0,84396.0
625,625,95,19531,8568.5,82335.5
625,625,99,3906,2215.0,84480.0
625,1000,0,625000,216587.5,140409.5
625,1000,20,500000,179972.5,146154.5
625,1000,40,375000,133430.5,154780.0
625,1000,50,312500,142147.0,145959.5
625,1000,75,156250,43501.5,154897.0
625,1000,80,125000,35713.0,146132.5
625,1000,85,93750,24997.0,148822.0
625,1000,90,62500,17523.0,148975.0
625,1000,95,31250,12054.0,148657.5
625,1000,99,6250,3168.0,145984.0
625,1250,20,625000,216406.0,182896.5
625,1250,40,468750,168743.0,184281.5
625,1250,50,390625,140392.5,182980.5
625,1250,75,195312,58220.5,178247.5
625,1250,80,156250,45365.5,180705.5
625,1250,85,117187,34400.5,193883.0
625,1250,90,78125,20538.0,182841.0
625,1250,95,39062,13358.5,182948.5
625,1250,99,7812,4303.5,175969.0
1000,1,0,1000,615.0,284.0
1000,1,20,800,513.5,306.0
1000,1,40,600,393.0,292.0
1000,1,50,500,350.0,448.0
1000,1,75,250,221.0,447.5
1000,1,80,200,171.0,436.5
1000,1,85,150,149.0,450.0
1000,1,90,100,113.0,446.0
1000,1,95,50,92.0,451.5
1000,1,99,10,52.0,293.0
1000,2,0,2000,788.0,610.0
1000,2,20,1600,717.0,453.0
1000,2,40,1200,632.0,464.0
1000,2,50,1000,511.0,612.5
1000,2,75,500,328.0,613.0
1000,2,80,400,289.0,456.0
1000,2,85,300,247.0,613.0
1000,2,90,200,182.5,607.0
1000,2,95,100,102.0,440.0
1000,2,99,20,67.0,536.0
1000,4,0,4000,1377.0,791.5
1000,4,20,3200,1336.5,798.0
1000,4,40,2400,1014.0,786.0
1000,4,50,2000,896.0,841.5
1000,4,75,1000,542.5,785.5
1000,4,80,800,517.0,843.5
1000,4,85,600,388.0,894.0
1000,4,90,400,282.0,896.0
1000,4,95,200,189.5,767.0
1000,4,99,40,70.0,767.0
1000,5,0,5000,1611.0,865.0
1000,5,20,4000,1488.0,856.5
1000,5,40,3000,1210.0,932.5
1000,5,50,2500,1054.0,1001.5
1000,5,75,1250,631.0,928.0
1000,5,80,1000,546.0,994.0
1000,5,85,750,429.0,856.5
1000,5,90,500,333.5,865.0
1000,5,95,250,217.0,881.0
1000,5,99,50,82.0,994.5
1000,8,0,8000,2490.0,1260.5
1000,8,20,6400,2226.0,1107.0
1000,8,40,4800,1876.0,1267.0
1000,8,50,4000,1618.0,1128.0
1000,8,75,2000,924.0,1263.0
1000,8,80,1600,764.0,1260.5
1000,8,85,1200,590.0,1100.0
1000,8,90,800,453.0,1224.0
1000,8,95,400,411.0,1132.0
1000,8,99,80,101.0,1124.0
1000,10,0,10000,2825.0,1490.0
1000,10,20,8000,2892.0,1591.0
1000,10,40,6000,2379.5,1496.0
1000,10,50,5000,2081.0,1534.0
1000,10,75,2500,1105.5,1626.0
1000,10,80,2000,1015.5,1529.0
1000,10,85,1500,773.0,1604.0
1000,10,90,1000,543.0,1478.5
1000,10,95,500,328.0,1448.5
1000,10,99,100,122.0,1493.5
1000,16,0,16000,4327.0,2047.5
1000,16,20,12800,4854.0,2168.5
1000,16,40,9600,3770.5,2048.5
1000,16,50,8000,3399.0,2037.0
1000,16,75,4000,1912.0,2052.0
1000,16,80,3200,1493.5,2023.5
1000,16,85,2400,1111.0,2055.0
1000,16,90,1600,822.0,2038.0
1000,16,95,800,467.0,2041.0
1000,16,99,160,155.0,2164.5
1000,20,0,20000,5469.5,2427.0
1000,20,20,16000,5743.5,2425.0
1000,20,40,12000,4999.5,2543.5
1000,20,50,10000,4288.0,2416.5
1000,20,75,5000,2234.5,2451.5
1000,20,80,4000,1650.5,2435.0
1000,20,85,3000,1311.0,2412.0
1000,20,90,2000,924.0,2351.5
1000,20,95,1000,514.0,2428.5
1000,20,99,200,180.0,2543.0
1000,25,0,25000,7201.5,2972.0
1000,25,20,20000,6875.5,2877.5
1000,25,40,15000,6009.5,2825.5
1000,25,50,12500,5114.0,2848.0
1000,25,75,6250,2827.0,2979.5
1000,25,80,5000,2324.0,2958.0
1000,25,85,3750,1709.0,2975.0
1000,25,90,2500,1161.5,2802.0
1000,25,95,1250,625.0,2834.0
1000,25,99,250,247.5,2809.0
1000,40,0,40000,14107.0,4401.0
1000,40,20,32000,12116.0,4402.0
1000,40,40,24000,8626.5,4273.5
1000,40,50,20000,7614.5,4434.5
1000,40,75,10000,4350.0,4369.0
1000,40,80,8000,3579.0,4394.0
1000,40,85,6000,2942.0,4425.5
1000,40,90,4000,1868.0,4296.0
1000,40,95,2000,980.5,4289.5
1000,40,99,400,292.5,4327.0
1000,50,0,50000,17667.0,5359.0
1000,50,20,40000,17761.0,5176.0
1000,50,40,30000,10922.0,5342.5
1000,50,50,25000,9368.5,5175.0
1000,50,75,12500,5690.5,5302.5
1000,50,80,10000,4349.0,5262.0
1000,50,85,7500,3507.0,5379.5
1000,50,90,5000,2461.0,5215.0
1000,50,95,2500,1130.5,5219.0
1000,50,99,500,331.0,5065.0
1000,80,0,80000,22666.0,8015.0
1000,80,20,64000,21727.5,8149.0
1000,80,40,48000,19079.0,8058.0
1000,80,50,40000,17874.0,8101.0
1000,80,75,20000,8429.0,8143.0
1000,80,80,16000,6951.0,7955.5
1000,80,85,12000,5152.0,8197.5
1000,80,90,8000,3452.0,8057.0
1000,80,95,4000,1813.0,8066.5
1000,80,99,800,462.0,8068.5
1000,100,0,100000,27555.5,10015.0
1000,100,20,80000,24077.0,9589.0
1000,100,40,60000,21051.0,9822.5
1000,100,50,50000,19178.5,9864.5
1000,100,75,25000,8780.5,9881.5
1000,100,80,20000,8347.5,9881.0
1000,100,85,15000,6769.0,9904.5
1000,100,90,10000,4391.0,9793.5
1000,100,95,5000,2465.0,9871.5
1000,100,99,1000,541.0,9983.5
1000,125,0,125000,37789.0,12198.0
1000,125,20,100000,28117.5,12189.5
1000,125,40,75000,23272.0,12249.0
1000,125,50,62500,21429.5,12277.0
1000,125,75,31250,12651.0,12365.5
1000,125,80,25000,9329.5,12158.5
1000,125,85,18750,7441.5,11738.0
1000,125,90,12500,5450.5,12067.0
1000,125,95,6250,3044.0,12593.0
1000,125,99,1250,677.0,11805.5
1000,200,0,200000,61517.0,21888.5
1000,200,20,160000,44923.5,20169.0
1000,200,40,120000,33650.5,21475.5
1000,200,50,100000,29694.0,19991.5
1000,200,75,50000,19265.5,21595.0
1000,200,80,40000,17711.5,21654.5
1000,200,85,30000,11408.0,20603.0
1000,200,90,20000,8549.5,20649.0
1000,200,95,10000,4384.0,21502.5
1000,200,99,2000,1029.0,20226.5
1000,250,0,250000,83126.5,42981.5
1000,250,20,200000,63376.5,31917.5
1000,250,40,150000,42926.0,28333.5
1000,250,50,125000,36364.0,32590.5
1000,250,75,62500,20816.0,32229.5
1000,250,80,50000,19296.0,32877.5
1000,250,85,37500,16753.0,29882.5
1000,250,90,25000,9472.0,30873.5
1000,250,95,12500,5340.0,31018.0
1000,250,99,2500,1330.0,32556.5
1000,400,0,400000,143793.0,93660.5
1000,400,20,320000,114005.5,93642.5
1000,400,40,240000,106749.5,92183.0
1000,400,50,200000,62343.5,94874.0
1000,400,75,100000,28496.0,91985.0
1000,400,80,80000,24178.0,93293.5
1000,400,85,60000,20940.5,95202.5
1000,400,90,40000,17778.5,88715.0
1000,400,95,20000,7841.0,91684.0
1000,400,99,4000,1879.5,90266.0
1000,500,0,500000,173518.0,122111.0
1000,500,20,400000,145091.5,124573.0
1000,500,40,300000,105647.5,120129.5
1000,500,50,250000,113048.5,122449.0
1000,500,75,125000,34078.5,125287.0
1000,500,80,100000,31427.5,121016.0
1000,500,85,75000,23426.0,125505.5
1000,500,90,50000,19441.0,119519.0
1000,500,95,25000,9820.0,122428.0
1000,500,99,5000,2391.5,121049.5
1000,625,0,625000,216640.5,154084.0
1000,625,20,500000,174033.0,153841.0
1000,625,40,375000,130527.0,154196.0
1000,625,50,312500,111115.5,158768.5
1000,625,75,156250,43971.0,153936.5
1000,625,80,125000,34492.5,153973.0
1000,625,85,93750,27520.5,154036.0
1000,625,90,62500,21479.0,154284.5
1000,625,95,31250,12826.5,153988.5
1000,625,99,6250,2923.5,153794.5
1000,1000,40,600000,203774.5,246458.0
1000,1000,50,500000,180703.5,246329.0
1000,1000,75,250000,109538.0,236409.0
1000,1000,80,200000,63818.0,246278.0
1000,1000,85,150000,43831.0,246554.0
1000,1000,90,100000,27999.0,246305.0
1000,1000,95,50000,19927.5,246265.5
1000,1000,99,10000,4784.0,246592.0
1250,1,0,1250,804.0,380.0
1250,1,20,1000,627.0,529.0
1250,1,40,750,493.0,334.0
1250,1,50,625,388.0,528.0
1250,1,75,312,232.0,333.0
1250,1,80,250,206.0,384.0
1250,1,85,187,172.0,528.0
1250,1,90,125,132.0,474.0
1250,1,95,62,83.0,482.5
1250,1,99,12,57.0,381.5
1250,2,0,2500,1077.0,552.0
1250,2,20,2000,923.0,775.5
1250,2,40,1500,754.0,585.0
1250,2,50,1250,656.0,561.5
1250,2,75,625,421.0,624.0
1250,2,80,500,421.0,588.0
1250,2,85,375,255.0,555.0
1250,2,90,250,221.5,587.0
1250,2,95,125,136.0,543.0
1250,2,99,25,77.0,544.0
1250,4,0,5000,1722.5,928.0
1250,4,20,4000,1662.0,942.0
1250,4,40,3000,1319.0,1085.5
1250,4,50,2500,1147.5,1046.5
1250,4,75,1250,674.5,952.5
1250,4,80,1000,538.0,1088.5
1250,4,85,750,462.0,1117.0
1250,4,90,500,310.0,1112.0
1250,4,95,250,203.0,1091.0
1250,4,99,50,85.0,1059.0
1250,5,0,6250,2105.0,1077.5
1250,5,20,5000,1994.0,1228.0
1250,5,40,3750,1614.5,1266.0
1250,5,50,3125,1321.0,1104.0
1250,5,75,1562,758.0,1188.0
1250,5,80,1250,645.0,1269.5
1250,5,85,937,534.0,1291.0
1250,5,90,625,386.0,1068.0
1250,5,95,312,234.0,1056.0
1250,5,99,62,90.0,1194.0
1250,8,0,10000,3302.5,1675.0
1250,8,20,8000,2942.0,1692.0
1250,8,40,6000,2368.0,1488.0
1250,8,50,5000,2110.0,1691.5
1250,8,75,2500,1207.0,1640.0
1250,8,80,2000,1050.5,1548.5
1250,8,85,1500,811.0,1646.0
1250,8,90,1000,544.0,1552.0
1250,8,95,500,339.0,1635.0
1250,8,99,100,114.0,1662.0
1250,10,0,12500,3963.0,1958.0
1250,10,20,10000,3691.5,1800.0
1250,10,40,7500,2938.0,1783.5
1250,10,50,6250,2680.0,1863.0
1250,10,75,3125,1534.0,1797.0
1250,10,80,2500,1224.0,1895.0
1250,10,85,1875,983.0,1856.5
1250,10,90,1250,692.0,1953.0
1250,10,95,625,417.0,1912.0
1250,10,99,125,137.0,1908.0
1250,16,0,20000,5383.0,2643.0
1250,16,20,16000,5923.5,2771.0
1250,16,40,12000,4885.0,2731.0
1250,16,50,10000,3996.0,2636.0
1250,16,75,5000,2087.0,2554.0
1250,16,80,4000,1836.5,2656.0
1250,16,85,3000,1403.0,2620.5
1250,16,90,2000,963.0,2610.0
1250,16,95,1000,555.0,2745.0
1250,16,99,200,185.0,2715.5
1250,20,0,25000,7247.0,3174.0
1250,20,20,20000,7004.0,3286.0
1250,20,40,15000,5752.5,3140.5
1250,20,50,12500,4986.0,3141.0
1250,20,75,6250,2852.0,3162.5
1250,20,80,5000,2201.5,3143.5
1250,20,85,3750,1656.0,3296.0
1250,20,90,2500,1227.5,3358.5
1250,20,95,1250,652.0,3370.5
1250,20,99,250,210.0,3161.5
1250,25,0,31250,8817.5,3467.0
1250,25,20,25000,8491.0,4007.5
1250,25,40,18750,6926.5,3708.5
1250,25,50,15625,6037.5,3957.0
1250,25,75,7812,3336.0,3939.0
1250,25,80,6250,2562.0,3842.0
1250,25,85,4687,2087.0,4020.5
1250,25,90,3125,1392.0,3819.5
1250,25,95,1562,805.0,4015.0
1250,25,99,312,237.0,3555.0
1250,40,0,50000,17620.0,5692.0
1250,40,20,40000,15136.0,6073.0
1250,40,40,30000,10503.5,6073.5
1250,40,50,25000,9252.0,6011.0
1250,40,75,12500,5426.5,5922.5
1250,40,80,10000,4405.0,5806.5
1250,40,85,7500,3124.5,5855.0
1250,40,90,5000,2259.0,5876.0
1250,40,95,2500,1229.0,6067.5
1250,40,99,500,346.5,5895.0
1250,50,0,62500,22040.0,7315.0
1250,50,20,50000,22013.0,7077.0
1250,50,40,37500,13703.0,7058.5
1250,50,50,31250,10714.0,7458.5
1250,50,75,15625,6461.5,7142.5
1250,50,80,12500,5220.0,7091.5
1250,50,85,9375,4343.0,7143.5
1250,50,90,6250,2833.5,6934.0
1250,50,95,3125,1502.5,6990.0
1250,50,99,625,413.0,6884.0
1250,80,0,100000,27422.0,10798.5
1250,80,20,80000,27030.0,11279.0
1250,80,40,60000,23739.0,11008.5
1250,80,50,50000,22283.0,11019.0
1250,80,75,25000,9779.0,11248.5
1250,80,80,20000,8282.0,10824.0
1250,80,85,15000,6488.0,11123.0
1250,80,90,10000,4349.5,11336.0
1250,80,95,5000,2347.0,11328.0
1250,80,99,1000,599.0,11263.0
1250,100,0,125000,36102.0,14350.0
1250,100,20,100000,30015.0,14513.0
1250,100,40,75000,26198.0,13464.0
1250,100,50,62500,24182.5,14247.5
1250,100,75,31250,10898.5,14092.0
1250,100,80,25000,8945.0,14495.5
1250,100,85,18750,7795.0,14232.0
1250,100,90,12500,5721.5,13850.0
1250,100,95,6250,2898.0,14326.0
1250,100,99,1250,677.0,14275.5
1250,125,0,156250,43706.0,17947.0
1250,125,20,125000,36264.0,17170.0
1250,125,40,93750,30448.0,17910.5
1250,125,50,78125,25926.0,17573.5
1250,125,75,39062,15707.5,18303.5
1250,125,80,31250,11080.5,18597.0
1250,125,85,23437,9053.5,18174.0
1250,125,90,15625,6323.5,18112.0
1250,125,95,7812,3639.0,19568.0
1250,125,99,1562,864.0,15828.5
1250,200,0,250000,113600.5,33388.0
1250,200,20,200000,63210.0,33619.5
1250,200,40,150000,44739.5,34807.0
1250,200,50,125000,39173.5,35939.5
1250,200,75,62500,23473.0,34034.5
1250,200,80,50000,21954.0,32982.5
1250,200,85,37500,14211.5,33223.5
1250,200,90,25000,9764.5,34676.0
1250,200,95,12500,5547.5,32668.5
1250,200,99,2500,1157.0,33766.0
1250,250,0,312500,111218.5,54502.5
1250,250,20,250000,110845.0,56897.0
1250,250,40,187500,56821.0,55942.5
1250,250,50,156250,45387.0,57162.5
1250,250,75,78125,26849.5,53814.0
1250,250,80,62500,24042.0,56135.0
1250,250,85,46875,20389.0,53134.0
1250,250,90,31250,11261.0,56809.5
1250,250,95,15625,6989.0,53344.5
1250,250,99,3125,1445.0,53814.0
1250,400,0,500000,169680.5,126975.0
1250,400,20,400000,144896.5,117055.5
1250,400,40,300000,106734.0,114292.0
1250,400,50,250000,110518.0,110626.5
1250,400,75,125000,36349.5,114631.0
1250,400,80,100000,32400.0,114537.0
1250,400,85,75000,26210.5,114596.5
1250,400,90,50000,21864.0,114566.0
1250,400,95,25000,9871.5,115231.0
1250,400,99,5000,2258.5,109480.0
1250,500,0,625000,211807.0,148238.0
1250,500,20,500000,175309.0,140312.5
1250,500,40,375000,133679.0,145013.0
1250,500,50,312500,110003.5,145135.5
1250,500,75,156250,46172.5,156450.5
1250,500,80,125000,39319.5,144949.5
1250,500,85,93750,30297.0,156430.0
1250,500,90,62500,24185.0,145491.0
1250,500,95,31250,11313.0,145248.5
1250,500,99,6250,2841.0,145026.5
1250,625,20,625000,214827.5,180411.5
1250,625,40,468750,163580.0,170294.0
1250,625,50,390625,136467.0,181701.5
1250,625,75,195312,62909.5,174698.5
1250,625,80,156250,43119.0,182046.0
1250,625,85,117187,36422.5,181748.5
1250,625,90,78125,26686.5,181299.0
1250,625,95,39062,15750.0,195104.0
1250,625,99,7812,3618.5,182033.0
2000,1,0,2000,1233.0,452.0
2000,1,20,1600,1028.5,453.0
2000,1,40,1200,769.5,779.0
2000,1,50,1000,661.0,478.5
2000,1,75,500,346.5,777.0
2000,1,80,400,290.0,668.5
2000,1,85,300,230.5,790.0
2000,1,90,200,163.0,450.0
2000,1,95,100,109.0,779.5
2000,1,99,20,69.0,779.0
2000,2,0,4000,1881.5,711.0
2000,2,20,3200,1581.0,997.0
2000,2,40,2400,1308.0,971.5
2000,2,50,2000,1167.0,902.0
2000,2,75,1000,612.0,995.5
2000,2,80,800,526.0,994.0
2000,2,85,600,405.0,997.5
2000,2,90,400,300.0,1004.0
2000,2,95,200,167.5,1005.0
2000,2,99,40,74.0,721.0
2000,4,0,8000,2743.0,1385.5
2000,4,20,6400,2504.0,1333.5
2000,4,40,4800,2100.5,1088.0
2000,4,50,4000,1889.0,1215.0
2000,4,75,2000,1139.5,1393.0
2000,4,80,1600,896.0,1332.0
2000,4,85,1200,692.0,1346.0
2000,4,90,800,525.0,1189.5
2000,4,95,400,277.5,1382.5
2000,4,99,80,102.0,1388.0
2000,5,0,10000,3446.0,1675.5
2000,5,20,8000,3024.0,1493.0
2000,5,40,6000,2504.0,1551.0
2000,5,50,5000,2199.0,1493.0
2000,5,75,2500,1334.0,1622.0
2000,5,80,2000,1076.0,1726.5
2000,5,85,1500,841.0,1462.5
2000,5,90,1000,545.0,1669.0
2000,5,95,500,373.0,1722.5
2000,5,99,100,107.0,1668.5
2000,8,0,16000,4960.0,2137.0
2000,8,20,12800,4609.0,2360.0
2000,8,40,9600,3563.0,2177.5
2000,8,50,8000,3159.5,2360.0
2000,8,75,4000,1899.0,2155.0
2000,8,80,3200,1571.0,2305.0
2000,8,85,2400,1287.0,2228.0
2000,8,90,1600,873.5,2359.5
2000,8,95,800,473.0,2347.5
2000,8,99,160,149.0,2345.0
2000,10,0,20000,5850.0,2656.0
2000,10,20,16000,5366.5,2413.0
2000,10,40,12000,4413.0,2499.0
2000,10,50,10000,3862.5,2620.5
2000,10,75,5000,2230.0,2494.0
2000,10,80,4000,1905.0,2417.0
2000,10,85,3000,1530.0,2549.0
2000,10,90,2000,1111.0,2667.0
2000,10,95,1000,591.0,2459.0
2000,10,99,200,172.0,2545.0
2000,16,0,32000,8816.0,3882.5
2000,16,20,25600,8787.5,3721.0
2000,16,40,19200,6710.5,3883.0
2000,16,50,16000,6195.5,3843.0
2000,16,75,8000,3470.0,3674.0
2000,16,80,6400,2700.0,3615.0
2000,16,85,4800,2245.0,3830.5
2000,16,90,3200,1601.0,3853.5
2000,16,95,1600,857.0,3603.0
2000,16,99,320,263.0,3861.0
2000,20,0,40000,11294.0,4412.0
2000,20,20,32000,10169.5,4551.5
2000,20,40,24000,8803.0,4660.0
2000,20,50,20000,7355.5,4616.0
2000,20,75,10000,3849.0,4388.0
2000,20,80,8000,3319.5,4400.5
2000,20,85,6000,2621.0,4375.0
2000,20,90,4000,1920.5,4431.0
2000,20,95,2000,1033.0,4560.5
2000,20,99,400,281.0,4377.5
2000,25,0,50000,13957.0,5476.0
2000,25,20,40000,12573.0,5192.0
2000,25,40,30000,10429.5,5197.5
2000,25,50,25000,8654.5,5540.5
2000,25,75,12500,4941.5,5298.0
2000,25,80,10000,3943.0,5440.5
2000,25,85,7500,3219.5,5253.5
2000,25,90,5000,2283.5,5184.5
2000,25,95,2500,1291.5,5543.5
2000,25,99,500,326.0,5143.5
2000,40,0,80000,28788.5,8353.5
2000,40,20,64000,23879.0,8334.5
2000,40,40,48000,15601.5,8323.5
2000,40,50,40000,13079.0,8324.0
2000,40,75,20000,7542.5,8115.0
2000,40,80,16000,6650.0,8082.0
2000,40,85,12000,4978.5,8394.0
2000,40,90,8000,3388.0,8231.0
2000,40,95,4000,1846.0,8460.0
2000,40,99,800,492.0,8376.5
2000,50,0,100000,35899.0,10121.0
2000,50,20,80000,34030.5,10088.0
2000,50,40,60000,20733.0,9921.5
2000,50,50,50000,16187.5,10023.5
2000,50,75,25000,9053.0,10368.5
2000,50,80,20000,7612.5,9989.0
2000,50,85,15000,5999.0,10486.0
2000,50,90,10000,4354.5,10574.0
2000,50,95,5000,2282.0,10150.0
2000,50,99,1000,577.5,10043.0
2000,80,0,160000,46982.0,16665.0
2000,80,20,128000,44783.5,16021.0
2000,80,40,96000,37658.0,16405.0
2000,80,50,80000,35265.5,15845.0
2000,80,75,40000,13557.5,15848.0
2000,80,80,32000,11356.0,16972.0
2000,80,85,24000,8748.5,15571.5
2000,80,90,16000,6253.5,15698.0
2000,80,95,8000,3455.5,16050.0
2000,80,99,1600,860.0,16077.5
2000,100,0,200000,64171.0,21379.0
2000,100,20,160000,49737.5,20477.5
2000,100,40,120000,43481.0,22979.0
2000,100,50,100000,38661.0,20782.0
2000,100,75,50000,16500.0,20369.0
2000,100,80,40000,14048.5,21517.0
2000,100,85,30000,11194.5,22871.0
2000,100,90,20000,7536.5,22334.0
2000,100,95,10000,4416.0,21697.5
2000,100,99,2000,1179.0,21154.5
2000,125,0,250000,85992.5,33753.0
2000,125,20,200000,65196.0,34680.0
2000,125,40,150000,48264.5,33359.0
2000,125,50,125000,46813.0,32356.5
2000,125,75,62500,23921.5,34184.0
2000,125,80,50000,17096.0,34451.5
2000,125,85,37500,13183.0,31745.0
2000,125,90,25000,8904.0,36349.5
2000,125,95,12500,5302.0,32552.0
2000,125,99,2500,1249.5,31119.5
2000,200,0,400000,138772.5,94961.0
2000,200,20,320000,110652.5,89282.0
2000,200,40,240000,105538.0,94239.5
2000,200,50,200000,65179.5,88266.5
2000,200,75,100000,38461.0,97835.5
2000,200,80,80000,34625.5,89649.5
2000,200,85,60000,22726.5,96674.5
2000,200,90,40000,13797.0,92839.5
2000,200,95,20000,8283.0,89058.0
2000,200,99,4000,1882.0,91462.5
2000,250,0,500000,170036.5,124627.5
2000,250,20,400000,135939.0,128707.5
2000,250,40,300000,107806.5,124882.5
2000,250,50,250000,104705.0,129333.0
2000,250,75,125000,43629.5,122262.0
2000,250,80,100000,39886.0,125096.5
2000,250,85,75000,32730.5,125112.5
2000,250,90,50000,16978.5,121000.0
2000,250,95,25000,9167.5,127662.0
2000,250,99,5000,2318.5,123156.5
2000,400,20,640000,218664.5,182266.0
2000,400,40,480000,168036.5,187386.0
2000,400,50,400000,138785.5,190483.5
2000,400,75,200000,65063.5,202179.5
2000,400,80,160000,49901.0,187832.0
2000,400,85,120000,43103.5,202225.0
2000,400,90,80000,34563.5,189388.0
2000,400,95,40000,14191.0,202877.0
2000,400,99,8000,3450.5,202467.0
2000,500,40,600000,204570.0,253765.0
2000,500,50,500000,175328.0,252937.0
2000,500,75,250000,101050.0,234712.0
2000,500,80,200000,64828.0,227943.0
2000,500,85,150000,47557.5,227684.0
2000,500,90,100000,37371.5,253448.5
2000,500,95,50000,17670.5,227630.0
2000,500,99,10000,4134.5,253732.5
2500,1,0,2500,1591.0,699.5
2500,1,20,2000,1361.0,569.0
2500,1,40,1500,960.0,916.0
2500,1,50,1250,779.0,698.5
2500,1,75,625,464.0,930.0
2500,1,80,500,344.0,545.0
2500,1,85,375,295.5,918.0
2500,1,90,250,202.0,901.0
2500,1,95,125,135.0,925.5
2500,1,99,25,81.0,924.0
2500,2,0,5000,2373.0,1284.0
2500,2,20,4000,2099.0,1044.0
2500,2,40,3000,1642.0,978.0
2500,2,50,2500,1431.0,1292.5
2500,2,75,1250,737.0,1257.0
2500,2,80,1000,615.0,1282.0
2500,2,85,750,500.0,1009.5
2500,2,90,500,358.0,1303.0
2500,2,95,250,198.0,1282.5
2500,2,99,50,92.0,1285.0
2500,4,0,10000,3784.5,1799.0
2500,4,20,8000,3229.5,1624.0
2500,4,40,6000,2606.0,1611.5
2500,4,50,5000,2289.0,1627.0
2500,4,75,2500,1416.0,1691.0
2500,4,80,2000,1127.0,1807.0
2500,4,85,1500,879.0,1917.0
2500,4,90,1000,654.5,1760.0
2500,4,95,500,341.0,1760.0
2500,4,99,100,122.0,1647.5
2500,5,0,12500,4546.5,2053.5
2500,5,20,10000,3872.5,2288.0
2500,5,40,7500,3031.5,2080.0
2500,5,50,6250,2739.0,2000.0
2500,5,75,3125,1666.0,2090.0
2500,5,80,2500,1386.0,2014.5
2500,5,85,1875,1041.0,2014.0
2500,5,90,1250,686.0,2314.0
2500,5,95,625,385.5,1991.0
2500,5,99,125,138.0,2069.0
2500,8,0,20000,6186.5,3054.0
2500,8,20,16000,5455.5,2997.0
2500,8,40,12000,4631.5,3042.5
2500,8,50,10000,3955.5,3289.0
2500,8,75,5000,2335.0,3308.0
2500,8,80,4000,2038.5,3131.5
2500,8,85,3000,1697.0,3036.5
2500,8,90,2000,1166.0,3164.5
2500,8,95,1000,606.0,3029.5
2500,8,99,200,168.0,3004.0
2500,10,0,25000,7344.0,3662.0
2500,10,20,20000,6692.5,4103.5
2500,10,40,15000,5533.5,3981.5
2500,10,50,12500,4837.5,4097.0
2500,10,75,6250,2718.0,4064.5
2500,10,80,5000,2348.0,3624.5
2500,10,85,3750,1953.5,3789.0
2500,10,90,2500,1385.0,4066.0
2500,10,95,1250,844.5,4101.0
2500,10,99,250,197.0,3978.0
2500,16,0,40000,11482.5,5356.0
2500,16,20,32000,10573.0,5646.5
2500,16,40,24000,8693.5,6155.5
2500,16,50,20000,7138.0,5670.0
2500,16,75,10000,3939.5,5881.5
2500,16,80,8000,3331.5,5875.0
2500,16,85,6000,2649.0,5877.0
2500,16,90,4000,1916.0,5884.0
2500,16,95,2000,1141.0,5485.5
2500,16,99,400,283.0,5717.5
2500,20,0,50000,14174.5,6709.5
2500,20,20,40000,12543.5,7250.5
2500,20,40,30000,10084.5,7386.0
2500,20,50,25000,8947.0,7552.0
2500,20,75,12500,5121.0,7369.5
2500,20,80,10000,4208.0,7087.5
2500,20,85,7500,3139.0,7507.5
2500,20,90,5000,2332.0,7547.0
2500,20,95,2500,1360.0,6641.5
2500,20,99,500,330.0,6923.5
2500,25,0,62500,17470.0,8283.5
2500,25,20,50000,15178.5,8734.0
2500,25,40,37500,12535.5,8286.0
2500,25,50,31250,10394.0,8232.0
2500,25,75,15625,5974.0,8754.5
2500,25,80,12500,5013.0,8158.5
2500,25,85,9375,3876.0,8199.5
2500,25,90,6250,2741.0,8713.5
2500,25,95,3125,1686.0,8273.5
2500,25,99,625,408.0,8929.0
2500,40,0,100000,35751.0,12817.5
2500,40,20,80000,29026.5,12420.0
2500,40,40,60000,17976.5,12703.5
2500,40,50,50000,16133.5,12809.5
2500,40,75,25000,9288.5,12717.0
2500,40,80,20000,7456.0,13785.5
2500,40,85,15000,5888.5,14091.0
2500,40,90,10000,4354.0,13804.5
2500,40,95,5000,2485.0,14060.0
2500,40,99,1000,629.5,13041.0
2500,50,0,125000,44630.0,15860.5
2500,50,20,100000,44745.0,16504.5
2500,50,40,75000,26299.5,15821.0
2500,50,50,62500,19344.5,15724.0
2500,50,75,31250,10973.0,16115.5
2500,50,80,25000,9540.5,17130.0
2500,50,85,18750,7393.5,15735.0
2500,50,90,12500,4978.5,17148.0
2500,50,95,6250,2955.0,15615.0
2500,50,99,1250,727.0,16887.5
2500,80,0,200000,63281.5,30216.5
2500,80,20,160000,54763.5,27901.0
2500,80,40,120000,46793.5,25535.5
2500,80,50,100000,44509.5,29676.0
2500,80,75,50000,16763.0,29514.0
2500,80,80,40000,13824.0,26229.0
2500,80,85,30000,10864.0,26997.5
2500,80,90,20000,7691.0,26734.5
2500,80,95,10000,4128.0,28414.0
2500,80,99,2000,1146.0,30322.0
2500,100,0,250000,109565.0,41112.5
2500,100,20,200000,67529.5,39859.0
2500,100,40,150000,52142.0,41830.0
2500,100,50,125000,50457.5,41794.0
2500,100,75,62500,19907.5,41804.0
2500,100,80,50000,16429.0,43221.5
2500,100,85,37500,13186.0,41617.0
2500,100,90,25000,9283.0,41321.5
2500,100,95,12500,5130.5,41445.0
2500,100,99,2500,1391.0,41577.0
2500,125,0,312500,112000.5,62965.0
2500,125,20,250000,86296.0,64257.0
2500,125,40,187500,63310.5,62034.5
2500,125,50,156250,54103.5,61327.0
2500,125,75,78125,30000.0,64205.0
2500,125,80,62500,20128.0,60807.5
2500,125,85,46875,14867.5,63915.0
2500,125,90,31250,11205.0,63740.5
2500,125,95,15625,6173.5,63418.0
2500,125,99,3125,1671.5,62142.0
2500,200,0,500000,174113.0,129972.0
2500,200,20,400000,145182.0,123365.5
2500,200,40,300000,103957.0,130602.5
2500,200,50,250000,105325.5,131969.0
2500,200,75,125000,47236.5,129205.5
2500,200,80,100000,42469.5,131343.5
2500,200,85,75000,27419.0,132841.0
2500,200,90,50000,16790.0,132335.5
2500,200,95,25000,9352.0,134688.5
2500,200,99,5000,2294.5,130997.5
2500,250,0,625000,212246.5,153033.0
2500,250,20,500000,182529.5,164474.0
2500,250,40,375000,136591.0,167070.0
2500,250,50,312500,113223.0,166466.0
2500,250,75,156250,53472.0,167093.0
2500,250,80,125000,48589.0,166368.5
2500,250,85,93750,40554.5,166384.0
2500,250,90,62500,20437.5,166900.0
2500,250,95,31250,11009.0,166496.0
2500,250,99,6250,2825.5,167118.0
2500,400,40,600000,218325.5,264915.0
2500,400,50,500000,182527.5,266722.5
2500,400,75,250000,120721.5,229551.0
2500,400,80,200000,69499.0,244890.5
2500,400,85,150000,54115.5,245283.0
2500,400,90,100000,43856.0,244842.0
2500,400,95,50000,16588.0,268144.0
2500,400,99,10000,4093.0,265790.0
5000,1,0,5000,3208.5,1233.0
5000,1,20,4000,2663.5,1232.0
5000,1,40,3000,2095.5,1231.0
5000,1,50,2500,1712.0,1228.0
5000,1,75,1250,918.0,1229.0
5000,1,80,1000,742.5,1230.0
5000,1,85,750,520.0,1477.0
5000,1,90,500,371.0,1479.0
5000,1,95,250,208.0,1479.5
5000,1,99,50,92.0,1221.5
5000,2,0,10000,5492.0,2328.0
5000,2,20,8000,4157.0,2344.0
5000,2,40,6000,3271.0,2145.0
5000,2,50,5000,2872.0,2133.0
5000,2,75,2500,1594.0,2326.0
5000,2,80,2000,1327.5,2056.5
5000,2,85,1500,1077.5,2252.0
5000,2,90,1000,766.0,2324.5
5000,2,95,500,373.0,2302.0
5000,2,99,100,101.0,2195.0
5000,4,0,20000,7428.5,3303.0
5000,4,20,16000,6399.0,3321.5
5000,4,40,12000,5224.0,3451.0
5000,4,50,10000,4419.0,3340.0
5000,4,75,5000,2724.0,3439.5
5000,4,80,4000,2261.5,3435.0
5000,4,85,3000,1850.0,3324.5
5000,4,90,2000,1348.0,3436.0
5000,4,95,1000,748.0,3311.5
5000,4,99,200,177.0,3432.5
5000,5,0,25000,8415.5,3590.5
5000,5,20,20000,7720.0,3596.5
5000,5,40,15000,6014.5,3727.0
5000,5,50,12500,5412.5,3614.5
5000,5,75,6250,3233.5,3625.0
5000,5,80,5000,2803.0,3700.5
5000,5,85,3750,2218.0,3600.5
5000,5,90,2500,1636.0,3611.0
5000,5,95,1250,893.0,3610.0
5000,5,99,250,205.0,3633.5
5000,8,0,40000,12599.0,5670.0
5000,8,20,32000,10893.5,5657.0
5000,8,40,24000,8618.0,5742.5
5000,8,50,20000,7551.5,5502.5
5000,8,75,10000,4586.0,5686.0
5000,8,80,8000,3917.5,5644.5
5000,8,85,6000,3081.5,5784.0
5000,8,90,4000,2210.0,5850.5
5000,8,95,2000,1358.0,5334.5
5000,8,99,400,306.0,5489.5
5000,10,0,50000,15102.5,6780.0
5000,10,20,40000,13016.5,6880.5
5000,10,40,30000,10281.0,6711.5
5000,10,50,25000,8970.0,6888.0
5000,10,75,12500,5288.0,6873.5
5000,10,80,10000,4482.5,6796.0
5000,10,85,7500,3740.5,6499.5
5000,10,90,5000,2731.0,6439.0
5000,10,95,2500,1582.0,6667.0
5000,10,99,500,366.0,6657.5
5000,16,0,80000,22825.0,9788.5
5000,16,20,64000,19429.5,10086.5
5000,16,40,48000,15911.0,9730.5
5000,16,50,40000,13619.5,10061.0
5000,16,75,20000,7818.0,9840.5
5000,16,80,16000,6391.0,10157.0
5000,16,85,12000,5231.0,10019.0
5000,16,90,8000,3933.0,9811.0
5000,16,95,4000,2265.5,10081.0
5000,16,99,800,526.5,9846.0
5000,20,0,100000,30316.0,11619.5
5000,20,20,80000,24216.5,12247.0
5000,20,40,60000,19444.5,11994.5
5000,20,50,50000,16588.0,11966.0
5000,20,75,25000,9059.0,12011.5
5000,20,80,20000,7752.0,12001.0
5000,20,85,15000,6210.0,11974.5
5000,20,90,10000,4417.0,12261.0
5000,20,95,5000,2724.0,11992.0
5000,20,99,1000,711.5,11876.5
5000,25,0,125000,35663.5,15326.5
5000,25,20,100000,29810.0,15301.0
5000,25,40,75000,23422.0,15262.0
5000,25,50,62500,20004.0,14882.0
5000,25,75,31250,11071.5,14220.0
5000,25,80,25000,9324.5,14603.0
5000,25,85,18750,7442.0,15478.5
5000,25,90,12500,5289.5,15070.0
5000,25,95,6250,3161.5,14444.0
5000,25,99,1250,886.5,15434.5
5000,40,0,200000,70974.0,26248.5
5000,40,20,160000,59166.0,26307.0
5000,40,40,120000,36971.0,26417.0
5000,40,50,100000,30789.0,24923.0
5000,40,75,50000,16324.0,24490.0
5000,40,80,40000,13984.5,25446.5
5000,40,85,30000,10852.0,24840.5
5000,40,90,20000,7742.0,25320.5
5000,40,95,10000,4326.0,26393.5
5000,40,99,2000,1324.0,25350.0
5000,50,0,250000,123470.5,36099.0
5000,50,20,200000,86186.0,38316.0
5000,50,40,150000,52389.0,37018.0
5000,50,50,125000,38225.5,39635.0
5000,50,75,62500,19814.0,38966.0
5000,50,80,50000,16596.0,37379.5
5000,50,85,37500,13445.0,38428.0
5000,50,90,25000,9292.0,36651.5
5000,50,95,12500,5341.0,38859.5
5000,50,99,2500,1553.0,38106.5
5000,80,0,400000,140819.5,97796.5
5000,80,20,320000,112996.0,98062.5
5000,80,40,240000,96176.0,98960.0
5000,80,50,200000,88306.0,95900.5
5000,80,75,100000,31393.0,98184.5
5000,80,80,80000,24603.5,99266.5
5000,80,85,60000,19752.0,100575.5
5000,80,90,40000,13610.0,98133.5
5000,80,95,20000,7725.5,101751.5
5000,80,99,4000,2291.5,98668.0
5000,100,0,500000,177593.5,129900.0
5000,100,20,400000,138242.0,129717.0
5000,100,40,300000,113667.0,129283.5
5000,100,50,250000,119851.0,119966.0
5000,100,75,125000,38827.0,133959.5
5000,100,80,100000,29419.5,133330.5
5000,100,85,75000,24074.0,133111.0
5000,100,90,50000,16883.5,130569.5
5000,100,95,25000,9365.5,133562.5
5000,100,99,5000,2741.0,129433.5
5000,125,0,625000,214649.5,162969.5
5000,125,20,500000,177309.0,163423.0
5000,125,40,375000,134501.0,163207.5
5000,125,50,312500,117682.5,163145.0
5000,125,75,156250,58071.0,162981.0
5000,125,80,125000,38078.0,163341.0
5000,125,85,93750,29670.5,162975.0
5000,125,90,62500,19830.0,162823.0
5000,125,95,31250,11265.5,163168.5
5000,125,99,6250,3293.0,162861.5
5000,200,40,600000,220343.5,260934.5
5000,200,50,500000,177778.5,240858.0
5000,200,75,250000,125269.0,243082.0
5000,200,80,200000,88632.0,240855.0
5000,200,85,150000,55736.0,240785.5
5000,200,90,100000,30569.5,260769.5
5000,200,95,50000,16666.5,240952.0
5000,200,99,10000,4543.0,240613.5
