dim1,dim2,perc_zeros,nnz,CSR_time,sable_time
5000,5000,0,25000000,24604985.0,15843044.0
5000,5000,20,20000000,19632871.5,16245141.5
5000,5000,40,15000000,14666261.5,16179680.5
5000,5000,50,12500000,11928980.0,16167218.0
5000,5000,75,6250000,5033400.0,16085875.0
5000,5000,80,5000000,3631132.0,16479112.0
5000,5000,85,3750000,2314805.0,16570067.5
5000,5000,90,2500000,1287978.5,16504005.5
5000,5000,95,1250000,613100.0,16857077.0
5000,5000,99,250000,131486.0,16004756.0
5000,2500,0,12500000,11459144.0,7073654.5
5000,2500,20,10000000,8889210.5,7077177.0
5000,2500,40,7500000,6193675.5,7070950.0
5000,2500,50,6250000,4852597.0,7078500.0
5000,2500,75,3125000,1648459.0,7070580.0
5000,2500,80,2500000,1208479.5,7081191.0
5000,2500,85,1875000,912042.5,7082079.0
5000,2500,90,1250000,576863.0,7101238.5
5000,2500,95,625000,282327.5,7078296.0
5000,2500,99,125000,79331.0,7134388.5
5000,2000,0,10000000,8939735.5,5279337.5
5000,2000,20,8000000,7048753.5,5270862.5
5000,2000,40,6000000,4835919.5,5568224.0
5000,2000,50,5000000,3598783.0,5543333.5
5000,2000,75,2500000,1254133.5,5490136.5
5000,2000,80,2000000,986678.0,5424426.5
5000,2000,85,1500000,720320.0,5470214.0
5000,2000,90,1000000,480999.0,5245425.5
5000,2000,95,500000,229731.0,5254582.0
5000,2000,99,100000,70042.5,5251540.0
5000,1250,0,6250000,4872941.0,2491872.5
5000,1250,20,5000000,3545241.5,2508948.0
5000,1250,40,3750000,2212827.5,2506148.0
5000,1250,50,3125000,1677656.0,2515480.0
5000,1250,75,1562500,870355.0,2505253.5
5000,1250,80,1250000,601057.5,2504506.0
5000,1250,85,937500,447466.0,2511805.0
5000,1250,90,625000,288094.5,2505552.0
5000,1250,95,312500,149824.0,2507529.5
5000,1250,99,62500,53286.0,2510988.0
5000,1000,0,5000000,3527977.0,1633610.5
5000,1000,20,4000000,2443844.0,1623065.0
5000,1000,40,3000000,1520208.5,1621819.5
5000,1000,50,2500000,1241534.5,1612421.0
5000,1000,75,1250000,588969.0,1618867.5
5000,1000,80,1000000,475230.5,1638613.0
5000,1000,85,750000,343127.0,1646916.0
5000,1000,90,500000,233954.0,1633638.5
5000,1000,95,250000,122803.5,1618819.0
5000,1000,99,50000,45917.0,1664217.0
5000,625,0,3125000,1637545.0,836442.5
5000,625,20,2500000,1206239.5,844906.0
5000,625,40,1875000,955776.5,853368.0
5000,625,50,1562500,805922.5,897469.0
5000,625,75,781250,357274.0,843639.5
5000,625,80,625000,292902.0,832534.0
5000,625,85,468750,253567.0,825872.5
5000,625,90,312500,145124.5,839624.5
5000,625,95,156250,92247.0,832912.5
5000,625,99,31250,38874.0,844617.5
5000,500,0,2500000,1213237.0,674444.0
5000,500,20,2000000,959260.5,706637.0
5000,500,40,1500000,699466.5,670798.0
5000,500,50,1250000,606928.5,672374.5
5000,500,75,625000,297496.5,666782.5
5000,500,80,500000,234980.5,663523.0
5000,500,85,375000,179850.0,672319.0
5000,500,90,250000,127408.0,703800.5
5000,500,95,125000,77876.0,671588.5
5000,500,99,25000,30690.5,764506.5
5000,400,0,2000000,931861.5,537819.0
5000,400,20,1600000,767349.0,530792.5
5000,400,40,1200000,566051.5,538244.0
5000,400,50,1000000,479579.0,547997.0
5000,400,75,500000,241069.5,537722.0
5000,400,80,400000,191405.5,528071.5
5000,400,85,300000,172199.0,538350.5
5000,400,90,200000,108586.5,527293.0
5000,400,95,100000,68215.5,538824.0
5000,400,99,20000,26070.0,529525.5
5000,250,0,1250000,593619.5,337486.0
5000,250,20,1000000,474517.5,330413.0
5000,250,40,750000,364405.5,338230.5
5000,250,50,625000,301800.0,336470.0
5000,250,75,312500,155545.0,335846.0
5000,250,80,250000,127386.5,336812.5
5000,250,85,187500,104172.0,337627.0
5000,250,90,125000,76100.5,337231.5
5000,250,95,62500,50327.0,335878.0
5000,250,99,12500,7998.5,340430.0
5000,200,0,1000000,446394.0,270760.5
5000,200,20,800000,436650.0,300080.0
5000,200,40,600000,295702.0,300097.5
5000,200,50,500000,245811.5,282402.5
5000,200,75,250000,130420.0,270273.0
5000,200,80,200000,108057.5,284540.0
5000,200,85,150000,91512.5,270393.5
5000,200,90,100000,69818.0,271014.0
5000,200,95,50000,45293.0,271205.5
5000,200,99,10000,8427.0,269091.5
5000,125,0,625000,287579.5,170657.5
5000,125,20,500000,244199.5,170785.5
5000,125,40,375000,191306.5,170183.0
5000,125,50,312500,157571.0,170186.0
5000,125,75,156250,95181.5,170555.5
5000,125,80,125000,79231.0,169961.0
5000,125,85,93750,64687.0,166379.0
5000,125,90,62500,60371.5,188943.5
5000,125,95,31250,37777.5,170311.5
5000,125,99,6250,7230.5,166966.0
5000,100,0,500000,223327.5,136516.0
5000,100,20,400000,212621.0,142722.0
5000,100,40,300000,174800.0,141993.5
5000,100,50,250000,135466.5,136320.5
5000,100,75,125000,95654.5,136937.5
5000,100,80,100000,70656.5,142230.5
5000,100,85,75000,53957.5,136592.5
5000,100,90,50000,49937.5,136289.0
5000,100,95,25000,30793.5,136971.5
5000,100,99,5000,6094.0,133575.5
5000,80,0,400000,181114.0,107349.0
5000,80,20,320000,161506.0,119143.5
5000,80,40,240000,126529.0,108194.5
5000,80,50,200000,128715.0,107726.0
5000,80,75,100000,69937.5,106825.0
5000,80,80,80000,61406.0,107979.0
5000,80,85,60000,49155.0,107047.5
5000,80,90,40000,42002.0,107350.0
5000,80,95,20000,24384.5,105673.5
5000,80,99,4000,6141.0,113415.5
5000,50,0,250000,114680.5,68185.0
5000,50,20,200000,112127.5,57027.5
5000,50,40,150000,86805.0,60722.0
5000,50,50,125000,85326.5,57479.5
5000,50,75,62500,49314.5,57403.0
5000,50,80,50000,45130.0,57896.0
5000,50,85,37500,35221.0,58206.5
5000,50,90,25000,30892.5,57644.5
5000,50,95,12500,7913.0,58694.0
5000,50,99,2500,4788.0,65254.0
5000,40,0,200000,90049.5,43616.5
5000,40,20,160000,83571.0,43418.0
5000,40,40,120000,75951.0,43481.0
5000,40,50,100000,74109.5,48650.5
5000,40,75,50000,42890.5,42115.5
5000,40,80,40000,37505.5,41692.5
5000,40,85,30000,34661.5,40549.0
5000,40,90,20000,23114.0,39705.5
5000,40,95,10000,8355.5,47434.5
5000,40,99,2000,4812.0,53253.5
5000,25,0,125000,50281.0,23946.0
5000,25,20,100000,60904.5,25858.5
5000,25,40,75000,53017.5,25863.0
5000,25,50,62500,52539.0,23923.0
5000,25,75,31250,32344.0,30028.5
5000,25,80,25000,26858.5,25815.5
5000,25,85,18750,20813.0,25821.0
5000,25,90,12500,7387.0,24103.5
5000,25,95,6250,6450.5,25782.0
5000,25,99,1250,4383.0,23942.5
5000,20,0,100000,41681.5,19719.0
5000,20,20,80000,49373.0,21091.5
5000,20,40,60000,42568.5,20683.0
5000,20,50,50000,40977.5,21214.5
5000,20,75,25000,26786.0,19972.5
5000,20,80,20000,23402.0,19801.0
5000,20,85,15000,9534.5,19697.5
5000,20,90,10000,7059.0,21985.5
5000,20,95,5000,6260.5,19650.5
5000,20,99,1000,3406.0,19691.5
5000,16,0,80000,34938.5,17967.5
5000,16,20,64000,41502.5,16326.0
5000,16,40,48000,35426.5,16136.0
5000,16,50,40000,36175.0,16606.5
5000,16,75,20000,21280.0,16194.5
5000,16,80,16000,9181.0,16046.0
5000,16,85,12000,7634.0,20190.5
5000,16,90,8000,6818.0,17200.0
5000,16,95,4000,5729.0,16417.0
5000,16,99,800,3350.0,15941.5
5000,10,0,50000,21116.5,12032.0
5000,10,20,40000,26321.0,11163.5
5000,10,40,30000,24024.5,12706.0
5000,10,50,25000,25976.0,10447.5
5000,10,75,12500,7766.0,11221.5
5000,10,80,10000,7582.5,12742.5
5000,10,85,7500,7501.5,12575.0
5000,10,90,5000,5978.0,12689.0
5000,10,95,2500,5602.0,11871.0
5000,10,99,500,2846.0,10846.5
5000,8,0,40000,20255.5,8947.5
5000,8,20,32000,18776.5,9669.5
5000,8,40,24000,20138.5,8722.5
5000,8,50,20000,16154.0,9956.5
5000,8,75,10000,7123.0,9640.5
5000,8,80,8000,7350.0,8702.0
5000,8,85,6000,6961.0,9911.0
5000,8,90,4000,6104.5,10442.5
5000,8,95,2000,4531.5,8877.0
5000,8,99,400,2907.5,8763.5
5000,5,0,25000,13428.0,6012.0
5000,5,20,20000,10303.5,6989.0
5000,5,40,15000,8817.0,5841.0
5000,5,50,12500,8451.0,7173.0
5000,5,75,6250,6089.0,5857.0
5000,5,80,5000,6485.5,5981.0
5000,5,85,3750,5378.0,5815.0
5000,5,90,2500,5235.5,6022.0
5000,5,95,1250,4015.0,7016.0
5000,5,99,250,2689.0,5879.5
5000,4,0,20000,10541.0,5896.5
5000,4,20,16000,8863.0,5066.5
5000,4,40,12000,7239.0,4960.5
5000,4,50,10000,6754.5,4899.0
5000,4,75,5000,5506.0,5901.0
5000,4,80,4000,5465.5,4977.0
5000,4,85,3000,5711.5,4990.5
5000,4,90,2000,5132.0,5111.5
5000,4,95,1000,3967.5,4985.0
5000,4,99,200,3104.0,5913.0
5000,2,0,10000,6849.0,3362.0
5000,2,20,8000,6152.5,3296.5
5000,2,40,6000,6473.5,3205.5
5000,2,50,5000,5452.0,2965.0
5000,2,75,2500,4886.0,3296.0
5000,2,80,2000,4274.0,3469.0
5000,2,85,1500,3826.0,2990.0
5000,2,90,1000,3345.0,2955.0
5000,2,95,500,3551.0,3201.0
5000,2,99,100,4380.0,3807.0
5000,1,0,5000,7094.0,2623.0
5000,1,20,4000,7906.5,2573.5
5000,1,40,3000,7013.0,2514.0
5000,1,50,2500,6848.5,2434.5
5000,1,75,1250,4767.0,2577.0
5000,1,80,1000,4307.0,2526.0
5000,1,85,750,3930.0,2486.5
5000,1,90,500,2947.5,2352.5
5000,1,95,250,3202.5,2054.0
5000,1,99,50,2681.0,2145.0
2500,5000,0,12500000,11562906.0,7038576.5
2500,5000,20,10000000,8893596.0,6977739.5
2500,5000,40,7500000,6363699.0,7547856.0
2500,5000,50,6250000,4962331.5,7045498.5
2500,5000,75,3125000,1687999.5,7009034.0
2500,5000,80,2500000,1273205.5,6995844.5
2500,5000,85,1875000,929575.5,7574769.0
2500,5000,90,1250000,594734.0,7111079.0
2500,5000,95,625000,352644.0,7130423.0
2500,5000,99,125000,74231.0,7166999.5
2500,2500,0,6250000,5163029.0,2548115.0
2500,2500,20,5000000,3798361.0,2564695.0
2500,2500,40,3750000,2475572.0,2567904.0
2500,2500,50,3125000,2028104.0,2600407.5
2500,2500,75,1562500,899069.0,2954734.0
2500,2500,80,1250000,711235.0,2658060.0
2500,2500,85,937500,527278.5,2557711.5
2500,2500,90,625000,345806.5,2554313.0
2500,2500,95,312500,166506.0,2544545.0
2500,2500,99,62500,42258.5,2571025.5
2500,2000,0,5000000,3784796.5,1677395.5
2500,2000,20,4000000,2697187.0,1658804.5
2500,2000,40,3000000,1806953.5,1665795.0
2500,2000,50,2500000,1406430.5,1677689.5
2500,2000,75,1250000,608437.0,1662253.5
2500,2000,80,1000000,474989.5,1587986.5
2500,2000,85,750000,354487.0,1591357.5
2500,2000,90,500000,274103.0,1678202.0
2500,2000,95,250000,116897.5,1570764.5
2500,2000,99,50000,29893.5,1613205.0
2500,1250,0,3125000,1778323.5,821888.5
2500,1250,20,2500000,1278837.0,821435.5
2500,1250,40,1875000,917930.5,820817.0
2500,1250,50,1562500,819734.0,845317.0
2500,1250,75,781250,384267.0,806273.0
2500,1250,80,625000,302023.5,815279.0
2500,1250,85,468750,221227.0,813520.0
2500,1250,90,312500,146961.5,859463.0
2500,1250,95,156250,73558.5,829502.5
2500,1250,99,31250,24119.5,812198.0
2500,1000,0,2500000,1264324.5,636463.5
2500,1000,20,2000000,982036.0,684263.5
2500,1000,40,1500000,763010.0,632189.0
2500,1000,50,1250000,613331.5,637072.0
2500,1000,75,625000,301090.0,635467.5
2500,1000,80,500000,238094.0,692791.0
2500,1000,85,375000,178208.5,632324.0
2500,1000,90,250000,118479.0,635458.5
2500,1000,95,125000,61958.5,650401.0
2500,1000,99,25000,15940.5,631713.5
2500,625,0,1562500,758356.5,394673.5
2500,625,20,1250000,609890.5,396714.0
2500,625,40,937500,488623.5,394615.5
2500,625,50,781250,382223.0,394240.0
2500,625,75,390625,187802.0,395235.5
2500,625,80,312500,148956.0,393362.0
2500,625,85,234375,114219.5,399549.5
2500,625,90,156250,73708.5,395705.5
2500,625,95,78125,43999.0,396002.5
2500,625,99,15625,8745.5,395584.5
2500,500,0,1250000,603614.0,317176.5
2500,500,20,1000000,482316.5,317179.5
2500,500,40,750000,361918.0,340760.0
2500,500,50,625000,306025.0,316661.0
2500,500,75,312500,162408.0,327212.5
2500,500,80,250000,124610.5,327157.0
2500,500,85,187500,94582.5,317621.0
2500,500,90,125000,64401.5,317594.0
2500,500,95,62500,40134.5,316918.0
2500,500,99,12500,7033.0,316429.0
2500,400,0,1000000,516737.0,253386.0
2500,400,20,800000,384429.0,253762.0
2500,400,40,600000,293628.0,253053.5
2500,400,50,500000,244059.0,254354.5
2500,400,75,250000,122818.0,253207.0
2500,400,80,200000,103659.5,253611.0
2500,400,85,150000,73358.5,252891.5
2500,400,90,100000,53440.5,253567.0
2500,400,95,50000,29769.5,252775.5
2500,400,99,10000,7033.0,254349.5
2500,250,0,625000,294003.5,162423.5
2500,250,20,500000,240139.5,163305.5
2500,250,40,375000,184659.0,158395.5
2500,250,50,312500,155494.0,158430.5
2500,250,75,156250,80683.5,158033.0
2500,250,80,125000,62024.5,158872.0
2500,250,85,93750,49731.5,158982.0
2500,250,90,62500,38142.0,159090.0
2500,250,95,31250,21293.0,159235.5
2500,250,99,6250,4490.5,159074.5
2500,200,0,500000,221047.0,126793.0
2500,200,20,400000,189545.5,126510.0
2500,200,40,300000,148644.0,126653.0
2500,200,50,250000,121510.0,126376.0
2500,200,75,125000,63609.0,125669.0
2500,200,80,100000,52482.5,131006.0
2500,200,85,75000,40378.0,126903.0
2500,200,90,50000,30995.0,131080.0
2500,200,95,25000,18391.0,131118.0
2500,200,99,5000,4222.5,127079.0
2500,125,0,312500,142718.5,75429.5
2500,125,20,250000,123363.0,75693.0
2500,125,40,187500,98977.0,75263.5
2500,125,50,156250,83597.5,75798.0
2500,125,75,78125,43677.5,72758.0
2500,125,80,62500,36098.5,76330.5
2500,125,85,46875,30225.0,72575.5
2500,125,90,31250,22408.0,75653.0
2500,125,95,15625,8953.5,72296.0
2500,125,99,3125,4468.0,71706.0
2500,100,0,250000,114668.0,53951.0
2500,100,20,200000,104545.5,55820.0
2500,100,40,150000,78777.5,54825.0
2500,100,50,125000,63802.5,64649.5
2500,100,75,62500,38895.5,58217.5
2500,100,80,50000,33566.5,54625.0
2500,100,85,37500,25991.5,53687.5
2500,100,90,25000,15268.0,55853.0
2500,100,95,12500,6946.0,52416.0
2500,100,99,2500,3644.0,54595.5
2500,80,0,200000,91925.5,35674.5
2500,80,20,160000,76274.5,39643.5
2500,80,40,120000,65271.5,36146.5
2500,80,50,100000,55528.5,38997.5
2500,80,75,50000,29998.5,38640.0
2500,80,80,40000,24327.0,38305.0
2500,80,85,30000,19845.0,37309.0
2500,80,90,20000,12732.0,37226.5
2500,80,95,10000,6048.0,38927.5
2500,80,99,2000,3486.0,36894.5
2500,50,0,125000,52190.0,21749.5
2500,50,20,100000,54880.0,24382.0
2500,50,40,75000,42277.0,22855.5
2500,50,50,62500,40138.0,21387.5
2500,50,75,31250,20187.0,20289.5
2500,50,80,25000,15787.0,23729.5
2500,50,85,18750,10660.5,21445.0
2500,50,90,12500,6920.5,23901.0
2500,50,95,6250,4332.0,18816.0
2500,50,99,1250,2816.0,22181.5
2500,40,0,100000,40496.0,17418.0
2500,40,20,80000,41297.0,15291.0
2500,40,40,60000,33555.5,17583.0
2500,40,50,50000,31137.5,17746.0
2500,40,75,25000,14732.5,16410.5
2500,40,80,20000,10275.0,17383.0
2500,40,85,15000,7820.0,15242.5
2500,40,90,10000,5939.0,15238.0
2500,40,95,5000,4252.0,15268.5
2500,40,99,1000,3011.5,20727.0
2500,25,0,62500,27790.5,11425.0
2500,25,20,50000,28907.5,10814.5
2500,25,40,37500,25012.0,9984.0
2500,25,50,31250,18760.5,10757.0
2500,25,75,15625,9252.5,12108.0
2500,25,80,12500,7022.5,9986.0
2500,25,85,9375,5814.0,9977.5
2500,25,90,6250,5299.5,10254.0
2500,25,95,3125,4448.5,10823.5
2500,25,99,625,2348.0,10037.0
2500,20,0,50000,20832.0,9066.0
2500,20,20,40000,19691.0,10269.5
2500,20,40,30000,18459.5,11288.0
2500,20,50,25000,13413.5,11380.5
2500,20,75,12500,8525.0,10271.0
2500,20,80,10000,6985.5,10195.0
2500,20,85,7500,5065.5,9762.0
2500,20,90,5000,4454.5,9626.0
2500,20,95,2500,3396.5,10208.0
2500,20,99,500,2220.0,10138.0
2500,16,0,40000,18123.5,8375.5
2500,16,20,32000,18210.0,7407.5
2500,16,40,24000,11261.0,7995.0
2500,16,50,20000,10547.0,9656.0
2500,16,75,10000,6625.0,9296.0
2500,16,80,8000,5411.0,8482.5
2500,16,85,6000,5160.5,8118.0
2500,16,90,4000,4236.5,7457.0
2500,16,95,2000,3694.0,8014.0
2500,16,99,400,2182.0,7607.0
2500,10,0,25000,11122.0,5035.5
2500,10,20,20000,9550.5,5763.0
2500,10,40,15000,8230.5,5543.0
2500,10,50,12500,7057.0,5744.5
2500,10,75,6250,4498.0,5447.0
2500,10,80,5000,3948.5,5319.5
2500,10,85,3750,3791.5,5417.5
2500,10,90,2500,3816.5,5383.0
2500,10,95,1250,3320.5,5542.0
2500,10,99,250,1996.5,6273.0
2500,8,0,20000,10233.0,4535.0
2500,8,20,16000,8206.5,5053.5
2500,8,40,12000,6676.0,4541.5
2500,8,50,10000,5948.0,4380.5
2500,8,75,5000,4209.0,4601.0
2500,8,80,4000,4342.0,5272.0
2500,8,85,3000,3621.0,4679.5
2500,8,90,2000,3450.0,4983.0
2500,8,95,1000,2771.0,4229.0
2500,8,99,200,2093.0,4879.0
2500,5,0,12500,6441.5,3914.0
2500,5,20,10000,6411.0,3317.5
2500,5,40,7500,4915.0,3313.5
2500,5,50,6250,4307.5,3759.0
2500,5,75,3125,3680.0,3268.5
2500,5,80,2500,3517.0,3571.5
2500,5,85,1875,3682.0,3454.5
2500,5,90,1250,3210.0,3199.0
2500,5,95,625,2407.5,3996.5
2500,5,99,125,2600.0,3602.0
2500,4,0,10000,6293.5,2842.0
2500,4,20,8000,5554.0,2748.0
2500,4,40,6000,4632.0,2912.5
2500,4,50,5000,4345.0,2821.0
2500,4,75,2500,4256.0,2896.0
2500,4,80,2000,3389.0,2802.0
2500,4,85,1500,3316.0,2817.0
2500,4,90,1000,2702.5,2904.0
2500,4,95,500,2206.5,2834.5
2500,4,99,100,2334.5,2774.0
2500,2,0,5000,3786.5,2306.5
2500,2,20,4000,3570.0,2219.0
2500,2,40,3000,3548.5,2074.0
2500,2,50,2500,3277.0,2180.0
2500,2,75,1250,2852.5,2006.0
2500,2,80,1000,3139.0,2083.5
2500,2,85,750,2747.5,1966.0
2500,2,90,500,2151.0,1968.0
2500,2,95,250,1952.0,2094.5
2500,2,99,50,2110.0,2438.0
2500,1,0,2500,3371.0,1494.0
2500,1,20,2000,3862.5,1694.0
2500,1,40,1500,3322.0,1892.0
2500,1,50,1250,4068.0,1721.5
2500,1,75,625,2441.5,1494.0
2500,1,80,500,2601.0,1856.0
2500,1,85,375,2354.5,1642.0
2500,1,90,250,2264.0,1500.0
2500,1,95,125,1773.5,1593.0
2500,1,99,25,1993.5,1879.5
2000,5000,0,10000000,9082443.0,5958830.0
2000,5000,20,8000000,7406882.0,5309396.0
2000,5000,40,6000000,4878597.0,5743714.0
2000,5000,50,5000000,3797519.5,5571810.0
2000,5000,75,2500000,1289291.0,5398708.0
2000,5000,80,2000000,997106.5,6962430.5
2000,5000,85,1500000,739371.5,5259376.5
2000,5000,90,1000000,526969.0,5525914.0
2000,5000,95,500000,246640.5,5372392.0
2000,5000,99,100000,49165.0,5346845.5
2000,2500,0,5000000,3735863.0,1622967.5
2000,2500,20,4000000,2692847.0,1638263.5
2000,2500,40,3000000,1598500.0,1644664.5
2000,2500,50,2500000,1288243.5,1604325.0
2000,2500,75,1250000,618341.5,1609281.5
2000,2500,80,1000000,491198.5,1615443.0
2000,2500,85,750000,365868.5,1622364.5
2000,2500,90,500000,244581.5,1593860.5
2000,2500,95,250000,116547.0,1608570.0
2000,2500,99,50000,28995.0,1601151.5
2000,2000,0,4000000,2608177.5,1114678.0
2000,2000,20,3200000,1782842.0,1191990.0
2000,2000,40,2400000,1287085.5,1176623.5
2000,2000,50,2000000,995451.5,1117501.0
2000,2000,75,1000000,498267.5,1079133.0
2000,2000,80,800000,394542.0,1093132.0
2000,2000,85,600000,297338.0,1101202.0
2000,2000,90,400000,194146.0,1107203.0
2000,2000,95,200000,91382.5,1103505.0
2000,2000,99,40000,24027.0,1102121.0
2000,1250,0,2500000,1370617.5,651975.0
2000,1250,20,2000000,1143109.0,947798.5
2000,1250,40,1500000,736798.5,629173.0
2000,1250,50,1250000,658209.0,632951.0
2000,1250,75,625000,299222.0,654396.0
2000,1250,80,500000,231988.5,630520.5
2000,1250,85,375000,192987.5,630654.0
2000,1250,90,250000,116774.0,946033.0
2000,1250,95,125000,57205.5,627858.5
2000,1250,99,25000,15166.0,645080.0
2000,1000,0,2000000,996892.0,520309.0
2000,1000,20,1600000,842540.5,522560.0
2000,1000,40,1200000,588829.5,499250.0
2000,1000,50,1000000,493291.5,518667.0
2000,1000,75,500000,234343.0,520481.5
2000,1000,80,400000,191812.5,562817.0
2000,1000,85,300000,140755.0,502045.5
2000,1000,90,200000,105324.5,520652.0
2000,1000,95,100000,51633.0,503148.0
2000,1000,99,20000,9739.5,511025.5
2000,625,0,1250000,605362.0,314508.0
2000,625,20,1000000,485272.0,344413.5
2000,625,40,750000,389957.5,315297.5
2000,625,50,625000,303144.0,327469.5
2000,625,75,312500,170464.5,312983.5
2000,625,80,250000,135100.0,316986.5
2000,625,85,187500,86802.5,315583.0
2000,625,90,125000,59273.5,344704.0
2000,625,95,62500,38513.0,315234.5
2000,625,99,12500,6473.0,327402.0
2000,500,0,1000000,482648.5,253201.0
2000,500,20,800000,411638.0,252161.0
2000,500,40,600000,293827.5,263230.5
2000,500,50,500000,244832.0,262456.5
2000,500,75,250000,120902.0,262802.0
2000,500,80,200000,95365.5,276331.0
2000,500,85,150000,69926.0,272414.0
2000,500,90,100000,51934.0,261626.0
2000,500,95,50000,30106.5,257677.5
2000,500,99,10000,5653.5,254626.5
2000,400,0,800000,415857.0,203711.0
2000,400,20,640000,330051.5,220662.0
2000,400,40,480000,249367.0,210153.5
2000,400,50,400000,209778.5,216722.0
2000,400,75,200000,95322.5,209926.0
2000,400,80,160000,76245.5,209801.0
2000,400,85,120000,64389.0,203362.0
2000,400,90,80000,47884.0,201997.0
2000,400,95,40000,24360.0,220923.5
2000,400,99,8000,5799.0,211435.5
2000,250,0,500000,252899.5,138954.5
2000,250,20,400000,191003.0,138773.5
2000,250,40,300000,169195.0,138322.5
2000,250,50,250000,125705.0,137792.5
2000,250,75,125000,67904.0,126982.0
2000,250,80,100000,59044.5,139180.0
2000,250,85,75000,41990.0,126726.0
2000,250,90,50000,34634.5,137700.0
2000,250,95,25000,15437.5,141055.0
2000,250,99,5000,3982.0,129857.0
2000,200,0,400000,202500.5,108114.0
2000,200,20,320000,174114.0,109048.0
2000,200,40,240000,125440.5,103037.0
2000,200,50,200000,115440.0,108590.0
2000,200,75,100000,56647.0,104402.5
2000,200,80,80000,48495.5,110845.0
2000,200,85,60000,41499.5,110026.0
2000,200,90,40000,29766.0,103211.0
2000,200,95,20000,12577.0,104193.0
2000,200,99,4000,4139.0,103639.5
2000,125,0,250000,127406.5,58952.5
2000,125,20,200000,109167.0,58831.0
2000,125,40,150000,74374.5,53201.5
2000,125,50,125000,61367.5,53729.5
2000,125,75,62500,35218.0,53734.0
2000,125,80,50000,28621.0,53162.0
2000,125,85,37500,22986.0,53203.0
2000,125,90,25000,15542.0,52103.5
2000,125,95,12500,6499.0,52148.0
2000,125,99,2500,3907.0,52418.0
2000,100,0,200000,92286.0,36194.0
2000,100,20,160000,74821.0,35769.0
2000,100,40,120000,58086.0,38583.0
2000,100,50,100000,50188.5,37001.5
2000,100,75,50000,29855.5,34630.5
2000,100,80,40000,22988.5,36540.5
2000,100,85,30000,17990.0,37371.0
2000,100,90,20000,10882.5,41580.0
2000,100,95,10000,5402.0,37644.0
2000,100,99,2000,3154.0,36080.5
2000,80,0,160000,73022.5,26251.0
2000,80,20,128000,56510.0,28349.0
2000,80,40,96000,48072.5,26578.5
2000,80,50,80000,39181.5,24659.0
2000,80,75,40000,23056.0,28396.0
2000,80,80,32000,20070.5,27346.0
2000,80,85,24000,14294.5,25786.0
2000,80,90,16000,9831.5,27739.0
2000,80,95,8000,4898.5,25771.0
2000,80,99,1600,3137.0,28137.0
2000,50,0,100000,39880.5,15234.0
2000,50,20,80000,40582.0,15225.0
2000,50,40,60000,32296.0,15120.0
2000,50,50,50000,27104.0,16546.0
2000,50,75,25000,14043.0,18243.0
2000,50,80,20000,10993.0,15182.0
2000,50,85,15000,7687.5,15344.0
2000,50,90,10000,5683.5,17472.0
2000,50,95,5000,4001.0,15247.5
2000,50,99,1000,2453.0,15206.0
2000,40,0,80000,32441.0,14277.0
2000,40,20,64000,31015.5,13402.0
2000,40,40,48000,26856.0,12457.5
2000,40,50,40000,23149.5,13450.5
2000,40,75,20000,9862.0,14277.0
2000,40,80,16000,8922.5,14378.5
2000,40,85,12000,6979.5,12526.0
2000,40,90,8000,4619.0,12411.0
2000,40,95,4000,3873.0,12424.0
2000,40,99,800,2368.5,13116.5
2000,25,0,50000,22057.0,8265.0
2000,25,20,40000,22473.0,9512.0
2000,25,40,30000,15660.0,8228.0
2000,25,50,25000,12754.0,8950.5
2000,25,75,12500,6634.5,10286.5
2000,25,80,10000,5951.5,8889.0
2000,25,85,7500,5600.0,9074.0
2000,25,90,5000,3675.0,8198.5
2000,25,95,2500,3106.0,8187.0
2000,25,99,500,2367.0,8187.5
2000,20,0,40000,16745.0,7892.5
2000,20,20,32000,15659.0,8199.0
2000,20,40,24000,12054.0,7559.0
2000,20,50,20000,10406.5,7504.0
2000,20,75,10000,6934.0,8409.0
2000,20,80,8000,4781.0,8037.5
2000,20,85,6000,4105.0,7392.5
2000,20,90,4000,3495.0,7417.5
2000,20,95,2000,3583.0,7752.0
2000,20,99,400,1885.0,7374.0
2000,16,0,32000,16210.5,6728.5
2000,16,20,25600,12746.0,6255.0
2000,16,40,19200,9143.0,6166.5
2000,16,50,16000,9138.0,7299.5
2000,16,75,8000,5900.5,6954.5
2000,16,80,6400,4511.0,6734.0
2000,16,85,4800,3677.5,7089.0
2000,16,90,3200,3655.5,6216.5
2000,16,95,1600,3262.0,6279.5
2000,16,99,320,1928.0,7158.0
2000,10,0,20000,11240.0,4929.5
2000,10,20,16000,8304.5,5017.0
2000,10,40,12000,6707.0,4611.0
2000,10,50,10000,5829.5,4889.0
2000,10,75,5000,4463.0,4955.5
2000,10,80,4000,3555.5,4456.0
2000,10,85,3000,3375.0,4617.5
2000,10,90,2000,3091.5,4727.5
2000,10,95,1000,2749.0,4480.5
2000,10,99,200,1681.0,4951.0
2000,8,0,16000,8592.0,3874.0
2000,8,20,12800,8241.5,3831.0
2000,8,40,9600,5406.5,3859.0
2000,8,50,8000,6027.5,3896.5
2000,8,75,4000,3490.0,4072.0
2000,8,80,3200,3452.0,4607.0
2000,8,85,2400,3438.0,3857.0
2000,8,90,1600,2966.0,4597.0
2000,8,95,800,2823.0,3874.0
2000,8,99,160,1978.0,3813.0
2000,5,0,10000,5462.0,2935.0
2000,5,20,8000,4796.5,3134.0
2000,5,40,6000,4136.5,3168.0
2000,5,50,5000,3782.0,3038.0
2000,5,75,2500,3135.5,2854.0
2000,5,80,2000,2881.5,3441.0
2000,5,85,1500,3456.0,3093.0
2000,5,90,1000,2614.0,3369.0
2000,5,95,500,2261.0,2882.0
2000,5,99,100,1844.0,2899.0
2000,4,0,8000,5542.5,2497.0
2000,4,20,6400,4366.5,2720.0
2000,4,40,4800,3581.0,3164.5
2000,4,50,4000,3731.0,3048.0
2000,4,75,2000,3359.0,2714.0
2000,4,80,1600,3351.5,2628.0
2000,4,85,1200,2720.5,2892.0
2000,4,90,800,2298.0,2502.0
2000,4,95,400,1953.0,2491.0
2000,4,99,80,2066.0,2515.0
2000,2,0,4000,3246.0,1762.0
2000,2,20,3200,3146.0,1837.0
2000,2,40,2400,3360.5,1882.0
2000,2,50,2000,3211.5,2024.0
2000,2,75,1000,3059.0,1868.0
2000,2,80,800,2417.0,1777.0
2000,2,85,600,2219.0,2001.0
2000,2,90,400,1996.0,1764.0
2000,2,95,200,1721.0,1781.0
2000,2,99,40,2030.0,2252.0
2000,1,0,2000,3130.0,1702.0
2000,1,20,1600,2941.5,1693.0
2000,1,40,1200,2855.0,1463.0
2000,1,50,1000,3465.0,1422.0
2000,1,75,500,2626.0,1562.0
2000,1,80,400,2069.0,1410.0
2000,1,85,300,1901.0,1429.0
2000,1,90,200,1759.0,1418.0
2000,1,95,100,1912.0,1354.0
2000,1,99,20,1847.5,1636.5
1250,5000,0,6250000,5133652.0,2565478.5
1250,5000,20,5000000,3945030.0,3955009.5
1250,5000,40,3750000,2371012.0,2582336.5
1250,5000,50,3125000,1724297.5,2561046.5
1250,5000,75,1562500,778320.0,2479746.0
1250,5000,80,1250000,665697.0,2463863.5
1250,5000,85,937500,464368.5,2529409.5
1250,5000,90,625000,310274.5,2574074.0
1250,5000,95,312500,178026.5,2559891.0
1250,5000,99,62500,29626.5,2510942.5
1250,2500,0,3125000,1904342.0,788754.5
1250,2500,20,2500000,1298210.0,795189.0
1250,2500,40,1875000,911545.5,857561.0
1250,2500,50,1562500,851568.0,822988.0
1250,2500,75,781250,393826.0,806940.0
1250,2500,80,625000,310553.0,821489.5
1250,2500,85,468750,231812.0,817681.5
1250,2500,90,312500,163122.0,795417.5
1250,2500,95,156250,76663.5,859537.0
1250,2500,99,31250,17583.5,809644.5
1250,2000,0,2500000,1357061.5,626886.5
1250,2000,20,2000000,1063979.0,625460.5
1250,2000,40,1500000,812790.5,624612.5
1250,2000,50,1250000,702518.5,625128.5
1250,2000,75,625000,297798.5,640814.5
1250,2000,80,500000,248583.0,664347.5
1250,2000,85,375000,183508.5,663595.0
1250,2000,90,250000,117302.5,634407.5
1250,2000,95,125000,53498.5,633746.0
1250,2000,99,25000,15622.0,646086.5
1250,1250,0,1562500,827428.0,405919.0
1250,1250,20,1250000,667685.0,423707.5
1250,1250,40,937500,480176.5,403790.0
1250,1250,50,781250,413510.5,417628.0
1250,1250,75,390625,220124.5,403682.5
1250,1250,80,312500,175481.0,410723.0
1250,1250,85,234375,118295.0,408279.0
1250,1250,90,156250,82957.5,404075.0
1250,1250,95,78125,34211.0,425322.0
1250,1250,99,15625,7603.5,411471.0
1250,1000,0,1250000,661712.5,323528.0
1250,1000,20,1000000,559595.5,323614.5
1250,1000,40,750000,426615.5,341313.5
1250,1000,50,625000,355401.0,341699.5
1250,1000,75,312500,149754.0,341154.5
1250,1000,80,250000,121964.5,340732.5
1250,1000,85,187500,88743.0,341320.0
1250,1000,90,125000,55442.5,338223.5
1250,1000,95,62500,33269.0,320813.0
1250,1000,99,12500,8006.5,325030.5
1250,625,0,781250,441006.5,214702.5
1250,625,20,625000,354658.5,197469.0
1250,625,40,468750,264080.0,202998.5
1250,625,50,390625,219109.0,203365.5
1250,625,75,195312,93785.5,202956.5
1250,625,80,156250,77842.5,196816.0
1250,625,85,117187,60149.0,197832.5
1250,625,90,78125,40276.0,213301.5
1250,625,95,39062,24582.0,214650.0
1250,625,99,7812,4640.5,213459.5
1250,500,0,625000,351070.5,162788.5
1250,500,20,500000,282788.0,171289.5
1250,500,40,375000,182788.5,157274.0
1250,500,50,312500,154765.0,156928.5
1250,500,75,156250,71788.5,171954.0
1250,500,80,125000,56504.5,157208.0
1250,500,85,93750,40311.0,157961.0
1250,500,90,62500,31265.5,157651.5
1250,500,95,31250,17309.5,155240.0
1250,500,99,6250,3807.0,156034.5
1250,400,0,500000,241007.0,125674.0
1250,400,20,400000,196275.0,129506.5
1250,400,40,300000,153622.5,139238.5
1250,400,50,250000,123743.0,120131.5
1250,400,75,125000,66884.0,125364.0
1250,400,80,100000,45004.5,125493.5
1250,400,85,75000,32566.5,125386.5
1250,400,90,50000,26956.5,126165.0
1250,400,95,25000,13547.5,124001.0
1250,400,99,5000,3491.5,125840.0
1250,250,0,312500,149192.5,73610.0
1250,250,20,250000,117166.0,72057.5
1250,250,40,187500,89114.0,73596.5
1250,250,50,156250,77007.0,70700.0
1250,250,75,78125,34814.0,75548.5
1250,250,80,62500,27787.0,72836.5
1250,250,85,46875,22441.0,73854.0
1250,250,90,31250,16175.5,71871.0
1250,250,95,15625,8948.0,72808.5
1250,250,99,3125,2726.0,72337.5
1250,200,0,250000,114146.0,53163.0
1250,200,20,200000,94488.0,53077.0
1250,200,40,150000,73044.0,51926.0
1250,200,50,125000,64205.5,53283.5
1250,200,75,62500,29632.0,52858.0
1250,200,80,50000,25318.0,51780.5
1250,200,85,37500,20269.5,51718.5
1250,200,90,25000,14037.0,54813.0
1250,200,95,12500,7551.0,57901.5
1250,200,99,2500,3148.0,52011.5
1250,125,0,156250,65642.5,28652.0
1250,125,20,125000,55245.0,24499.5
1250,125,40,93750,47007.0,27398.5
1250,125,50,78125,38593.5,24716.0
1250,125,75,39062,20274.5,25871.0
1250,125,80,31250,17023.5,24859.0
1250,125,85,23437,14601.0,27289.5
1250,125,90,15625,8106.5,26399.5
1250,125,95,7812,4770.0,28668.0
1250,125,99,1562,2595.5,24807.5
1250,100,0,125000,50956.5,18669.5
1250,100,20,100000,52949.5,21612.5
1250,100,40,75000,34889.0,19098.0
1250,100,50,62500,30097.0,20354.5
1250,100,75,31250,16641.0,20327.5
1250,100,80,25000,13884.5,21132.5
1250,100,85,18750,10013.0,20689.5
1250,100,90,12500,7570.0,20449.5
1250,100,95,6250,4624.5,19198.0
1250,100,99,1250,2199.0,20318.5
1250,80,0,100000,40327.0,17153.0
1250,80,20,80000,35827.0,15348.5
1250,80,40,60000,28847.0,16400.0
1250,80,50,50000,25797.5,19079.5
1250,80,75,25000,13484.5,15363.5
1250,80,80,20000,10074.0,17250.5
1250,80,85,15000,8126.0,19652.5
1250,80,90,10000,5317.0,15114.0
1250,80,95,5000,4102.0,15138.5
1250,80,99,1000,2135.0,19003.5
1250,50,0,62500,27664.0,12496.5
1250,50,20,50000,24586.0,12354.5
1250,50,40,37500,19233.5,12449.0
1250,50,50,31250,16930.0,9991.0
1250,50,75,15625,7421.5,12517.0
1250,50,80,12500,7276.0,9987.0
1250,50,85,9375,5326.0,12496.0
1250,50,90,6250,3989.0,12517.0
1250,50,95,3125,2828.5,9946.0
1250,50,99,625,1893.5,10664.0
1250,40,0,50000,22078.0,10333.0
1250,40,20,40000,20389.0,10226.5
1250,40,40,30000,15244.0,10227.5
1250,40,50,25000,15184.5,9345.5
1250,40,75,12500,6440.0,9781.0
1250,40,80,10000,6400.0,8784.5
1250,40,85,7500,5100.0,9369.0
1250,40,90,5000,3463.0,9379.0
1250,40,95,2500,2885.5,8613.5
1250,40,99,500,2175.0,10627.5
1250,25,0,31250,13484.5,6441.0
1250,25,20,25000,14932.0,5980.5
1250,25,40,18750,11549.0,6068.0
1250,25,50,15625,7871.0,6126.0
1250,25,75,7812,4808.0,6383.0
1250,25,80,6250,4814.5,6994.0
1250,25,85,4687,3292.5,6043.0
1250,25,90,3125,3188.0,6296.0
1250,25,95,1562,2326.5,6084.5
1250,25,99,312,1762.5,6484.5
1250,20,0,25000,11871.5,5723.0
1250,20,20,20000,10942.5,6041.5
1250,20,40,15000,7739.0,5894.0
1250,20,50,12500,6364.5,5200.0
1250,20,75,6250,4072.0,5496.0
1250,20,80,5000,3622.5,5288.0
1250,20,85,3750,3304.5,6359.0
1250,20,90,2500,2925.0,5238.0
1250,20,95,1250,2244.0,5522.0
1250,20,99,250,1705.5,5190.0
1250,16,0,20000,9896.5,4543.0
1250,16,20,16000,8695.5,5078.0
1250,16,40,12000,6782.5,5460.0
1250,16,50,10000,5785.0,4735.0
1250,16,75,5000,3388.0,4521.0
1250,16,80,4000,3718.0,4547.0
1250,16,85,3000,3158.0,4535.0
1250,16,90,2000,2556.0,4939.0
1250,16,95,1000,2158.0,5093.5
1250,16,99,200,1819.0,5494.0
1250,10,0,12500,6924.0,3234.5
1250,10,20,10000,6094.0,3216.0
1250,10,40,7500,4593.0,3431.0
1250,10,50,6250,4445.0,3388.0
1250,10,75,3125,2758.0,3119.0
1250,10,80,2500,2548.0,3200.0
1250,10,85,1875,2501.5,3160.0
1250,10,90,1250,2204.0,3441.5
1250,10,95,625,2201.0,3136.5
1250,10,99,125,1864.0,3196.0
1250,8,0,10000,5787.5,3436.0
1250,8,20,8000,4925.0,3245.5
1250,8,40,6000,4698.5,2784.0
1250,8,50,5000,3831.5,2814.0
1250,8,75,2500,2498.0,3015.5
1250,8,80,2000,2500.5,3166.0
1250,8,85,1500,2602.5,3098.0
1250,8,90,1000,2684.0,2845.5
1250,8,95,500,1934.0,3350.0
1250,8,99,100,1677.5,3008.0
1250,5,0,6250,3934.0,2193.0
1250,5,20,5000,4232.5,2152.0
1250,5,40,3750,3073.0,2118.0
1250,5,50,3125,2956.5,2472.5
1250,5,75,1562,2805.5,2670.5
1250,5,80,1250,2717.0,2414.0
1250,5,85,937,2600.0,2225.5
1250,5,90,625,2215.0,2447.0
1250,5,95,312,1893.0,2206.0
1250,5,99,62,1936.5,2242.5
1250,4,0,5000,4109.0,2338.0
1250,4,20,4000,3611.0,2369.0
1250,4,40,3000,2952.5,2298.5
1250,4,50,2500,2600.0,2370.0
1250,4,75,1250,2644.5,2021.0
1250,4,80,1000,2303.0,2005.0
1250,4,85,750,2075.5,2379.0
1250,4,90,500,2180.0,2360.0
1250,4,95,250,1659.0,2189.0
1250,4,99,50,1701.0,1910.0
1250,2,0,2500,2472.0,1665.0
1250,2,20,2000,2463.0,1456.0
1250,2,40,1500,2807.0,1632.0
1250,2,50,1250,2212.0,1482.0
1250,2,75,625,2470.0,1578.0
1250,2,80,500,2235.0,1520.0
1250,2,85,375,1789.0,1623.0
1250,2,90,250,1805.0,1619.0
1250,2,95,125,2047.0,1585.5
1250,2,99,25,1975.5,1558.0
1250,1,0,1250,2704.5,1515.0
1250,1,20,1000,2487.0,1251.0
1250,1,40,750,2214.0,1253.0
1250,1,50,625,2560.0,1282.0
1250,1,75,312,2079.0,1256.5
1250,1,80,250,1672.0,1459.0
1250,1,85,187,1574.0,1345.0
1250,1,90,125,1641.0,1493.0
1250,1,95,62,1454.0,1200.0
1250,1,99,12,1526.0,1256.0
1000,5000,0,5000000,3783919.0,1685732.0
1000,5000,20,4000000,2715474.5,1685811.5
1000,5000,40,3000000,1774098.5,1674592.5
1000,5000,50,2500000,1384423.5,1696393.0
1000,5000,75,1250000,723840.0,1697217.0
1000,5000,80,1000000,577075.5,1679382.0
1000,5000,85,750000,431796.5,1664282.0
1000,5000,90,500000,265282.5,1702929.5
1000,5000,95,250000,142151.5,1727516.5
1000,5000,99,50000,27189.5,1707333.5
1000,2500,0,2500000,1413708.5,655833.5
1000,2500,20,2000000,1151924.0,659479.0
1000,2500,40,1500000,865064.0,658347.5
1000,2500,50,1250000,671291.0,655493.5
1000,2500,75,625000,359988.5,653390.5
1000,2500,80,500000,264283.5,653584.5
1000,2500,85,375000,184846.5,687691.5
1000,2500,90,250000,121745.0,653167.0
1000,2500,95,125000,55779.0,630009.5
1000,2500,99,25000,13067.5,631272.0
1000,2000,0,2000000,997883.0,550269.0
1000,2000,20,1600000,797694.0,505054.0
1000,2000,40,1200000,597123.0,551201.0
1000,2000,50,1000000,501426.0,505962.5
1000,2000,75,500000,249932.5,505119.5
1000,2000,80,400000,194973.0,506080.0
1000,2000,85,300000,146785.5,506021.0
1000,2000,90,200000,102839.0,522915.5
1000,2000,95,100000,42227.5,524495.0
1000,2000,99,20000,12928.0,527003.0
1000,1250,0,1250000,614638.0,316117.5
1000,1250,20,1000000,499858.5,316429.0
1000,1250,40,750000,368745.5,327829.5
1000,1250,50,625000,309777.0,316119.5
1000,1250,75,312500,162956.5,336211.5
1000,1250,80,250000,122033.0,316101.0
1000,1250,85,187500,95624.5,317076.0
1000,1250,90,125000,66783.0,317713.0
1000,1250,95,62500,27388.5,316954.5
1000,1250,99,12500,6226.0,345312.0
1000,1000,0,1000000,490947.5,253235.5
1000,1000,20,800000,398326.5,253949.5
1000,1000,40,600000,294766.5,253559.0
1000,1000,50,500000,246501.0,259603.0
1000,1000,75,250000,118701.0,253390.5
1000,1000,80,200000,95899.0,249803.5
1000,1000,85,150000,69429.5,253266.0
1000,1000,90,100000,42910.5,253010.5
1000,1000,95,50000,22590.0,252767.5
1000,1000,99,10000,5589.0,253126.5
1000,625,0,625000,304082.5,173104.0
1000,625,20,500000,253266.0,158944.5
1000,625,40,375000,183990.5,158615.0
1000,625,50,312500,164335.0,158587.5
1000,625,75,156250,72974.0,160288.0
1000,625,80,125000,54812.0,157881.5
1000,625,85,93750,42222.0,164972.0
1000,625,90,62500,28995.0,159385.0
1000,625,95,31250,15082.0,158055.5
1000,625,99,6250,3801.0,159064.5
1000,500,0,500000,242267.5,138491.0
1000,500,20,400000,212599.0,126266.0
1000,500,40,300000,147076.5,127593.5
1000,500,50,250000,131318.0,131702.0
1000,500,75,125000,61616.0,126365.5
1000,500,80,100000,46224.0,131240.0
1000,500,85,75000,35385.0,127113.5
1000,500,90,50000,22102.0,124539.0
1000,500,95,25000,15399.5,132623.5
1000,500,99,5000,3277.0,126989.5
1000,400,0,400000,208034.5,100741.5
1000,400,20,320000,157357.5,103855.5
1000,400,40,240000,117562.0,99870.5
1000,400,50,200000,97378.0,99152.0
1000,400,75,100000,45346.5,99184.0
1000,400,80,80000,35826.0,99648.0
1000,400,85,60000,28471.0,97889.5
1000,400,90,40000,20055.5,98769.5
1000,400,95,20000,13059.5,99977.0
1000,400,99,4000,3544.0,103336.5
1000,250,0,250000,119828.0,52910.5
1000,250,20,200000,95761.0,53205.0
1000,250,40,150000,81830.0,52803.0
1000,250,50,125000,60312.0,52876.5
1000,250,75,62500,27213.5,52731.5
1000,250,80,50000,25150.5,52954.0
1000,250,85,37500,19080.5,59618.0
1000,250,90,25000,13220.0,55687.5
1000,250,95,12500,6331.5,52920.0
1000,250,99,2500,2596.5,53989.5
1000,200,0,200000,89082.5,42687.0
1000,200,20,160000,73193.5,38387.0
1000,200,40,120000,57119.0,38148.5
1000,200,50,100000,45994.0,40293.0
1000,200,75,50000,23457.5,39609.0
1000,200,80,40000,20106.0,44837.5
1000,200,85,30000,18585.5,39439.0
1000,200,90,20000,10667.5,43819.5
1000,200,95,10000,5117.0,39191.5
1000,200,99,2000,2813.5,39298.0
1000,125,0,125000,50801.0,23887.5
1000,125,20,100000,47905.5,22051.5
1000,125,40,75000,35045.0,20038.5
1000,125,50,62500,29330.0,25526.0
1000,125,75,31250,15645.0,22794.5
1000,125,80,25000,14251.5,23071.5
1000,125,85,18750,10432.0,20162.0
1000,125,90,12500,6323.0,20734.0
1000,125,95,6250,4654.5,23112.0
1000,125,99,1250,2098.0,21150.5
1000,100,0,100000,47527.5,18024.5
1000,100,20,80000,41853.0,17942.5
1000,100,40,60000,33872.5,16838.5
1000,100,50,50000,24163.5,20487.5
1000,100,75,25000,13761.0,17071.5
1000,100,80,20000,11186.5,20431.0
1000,100,85,15000,8942.5,19632.0
1000,100,90,10000,5944.0,20016.0
1000,100,95,5000,3742.0,19584.0
1000,100,99,1000,2388.5,21074.0
1000,80,0,80000,37846.5,13806.5
1000,80,20,64000,33819.0,16446.5
1000,80,40,48000,24430.0,16014.0
1000,80,50,40000,21850.5,16425.0
1000,80,75,20000,10895.5,12765.0
1000,80,80,16000,10296.0,14699.5
1000,80,85,12000,6644.5,15948.0
1000,80,90,8000,5508.0,13943.0
1000,80,95,4000,2988.5,13698.5
1000,80,99,800,2061.0,16472.5
1000,50,0,50000,24400.5,9119.0
1000,50,20,40000,19512.0,10574.0
1000,50,40,30000,15220.5,10519.0
1000,50,50,25000,13813.0,10719.5
1000,50,75,12500,7745.5,8990.0
1000,50,80,10000,5396.0,9601.0
1000,50,85,7500,5088.0,10540.0
1000,50,90,5000,4040.5,8436.5
1000,50,95,2500,2736.0,9074.5
1000,50,99,500,1829.0,10317.0
1000,40,0,40000,16832.0,9051.5
1000,40,20,32000,18899.5,8666.0
1000,40,40,24000,14393.5,7574.0
1000,40,50,20000,12617.5,8627.5
1000,40,75,10000,5577.0,7906.0
1000,40,80,8000,5075.0,8656.0
1000,40,85,6000,4106.0,8941.5
1000,40,90,4000,3644.0,8710.0
1000,40,95,2000,2726.0,7599.5
1000,40,99,400,1972.0,7968.0
1000,25,0,25000,10543.0,6209.0
1000,25,20,20000,11896.0,5975.0
1000,25,40,15000,8929.5,5483.5
1000,25,50,12500,7689.0,5465.0
1000,25,75,6250,4755.0,5187.5
1000,25,80,5000,4002.0,4874.0
1000,25,85,3750,3064.5,4681.5
1000,25,90,2500,2357.0,5580.0
1000,25,95,1250,2258.0,5265.5
1000,25,99,250,1500.0,5378.5
1000,20,0,20000,9666.5,5451.0
1000,20,20,16000,9312.5,4589.0
1000,20,40,12000,6556.0,5453.0
1000,20,50,10000,6416.0,4544.0
1000,20,75,5000,4011.0,5356.0
1000,20,80,4000,2978.0,4473.0
1000,20,85,3000,2629.0,4478.0
1000,20,90,2000,2681.0,4556.0
1000,20,95,1000,1965.0,5326.0
1000,20,99,200,1463.0,4449.0
1000,16,0,16000,7993.0,3807.0
1000,16,20,12800,6523.0,4149.5
1000,16,40,9600,6140.5,4135.0
1000,16,50,8000,5371.5,3888.0
1000,16,75,4000,3384.0,4101.5
1000,16,80,3200,2730.0,4122.0
1000,16,85,2400,2268.5,3809.0
1000,16,90,1600,2160.0,4634.0
1000,16,95,800,1876.0,4227.0
1000,16,99,160,1617.0,3808.0
1000,10,0,10000,5784.0,3384.0
1000,10,20,8000,5127.0,3021.0
1000,10,40,6000,4234.0,2973.0
1000,10,50,5000,3926.5,2711.0
1000,10,75,2500,2352.0,2773.0
1000,10,80,2000,2253.0,2825.0
1000,10,85,1500,2557.5,3195.5
1000,10,90,1000,2156.5,2814.5
1000,10,95,500,1792.0,2716.0
1000,10,99,100,1848.0,2789.0
1000,8,0,8000,5358.5,2716.0
1000,8,20,6400,3678.5,2446.0
1000,8,40,4800,3209.5,2890.0
1000,8,50,4000,3098.5,2450.0
1000,8,75,2000,2395.0,2449.0
1000,8,80,1600,2085.0,2392.0
1000,8,85,1200,2238.5,2447.0
1000,8,90,800,2067.5,2504.0
1000,8,95,400,1585.0,3084.0
1000,8,99,80,1592.0,2876.5
1000,5,0,5000,3368.5,2055.0
1000,5,20,4000,3260.5,1915.5
1000,5,40,3000,2656.0,2382.0
1000,5,50,2500,2350.0,2194.0
1000,5,75,1250,2170.0,2001.0
1000,5,80,1000,2400.0,2311.0
1000,5,85,750,2274.5,1893.0
1000,5,90,500,1774.0,2312.5
1000,5,95,250,1552.0,1911.0
1000,5,99,50,1491.5,2083.0
1000,4,0,4000,2904.0,1944.0
1000,4,20,3200,2763.0,2107.5
1000,4,40,2400,2500.0,1745.0
1000,4,50,2000,2180.0,2153.5
1000,4,75,1000,2374.0,1760.0
1000,4,80,800,2156.5,1873.0
1000,4,85,600,1867.5,1909.5
1000,4,90,400,1665.0,2165.0
1000,4,95,200,1751.0,1916.0
1000,4,99,40,1487.5,1963.0
1000,2,0,2000,2176.0,1621.0
1000,2,20,1600,2369.0,1457.0
1000,2,40,1200,2302.0,1393.0
1000,2,50,1000,2139.5,1422.0
1000,2,75,500,1864.5,1508.5
1000,2,80,400,2010.5,1429.0
1000,2,85,300,1898.5,1623.0
1000,2,90,200,1626.0,1516.0
1000,2,95,100,1628.5,1578.0
1000,2,99,20,1543.0,1387.5
1000,1,0,1000,1945.0,1277.5
1000,1,20,800,2236.0,1252.0
1000,1,40,600,1865.0,1140.0
1000,1,50,500,2091.0,1165.0
1000,1,75,250,1837.0,1180.0
1000,1,80,200,1556.0,1405.0
1000,1,85,150,1539.0,1384.0
1000,1,90,100,1418.5,1172.0
1000,1,95,50,1494.0,1152.0
1000,1,99,10,1373.5,1363.0
625,5000,0,3125000,1801244.0,855485.5
625,5000,20,2500000,1371983.0,826577.5
625,5000,40,1875000,1001962.5,894774.5
625,5000,50,1562500,822216.5,853225.5
625,5000,75,781250,421174.5,855075.5
625,5000,80,625000,361917.5,853408.5
625,5000,85,468750,270337.5,854524.5
625,5000,90,312500,166593.5,858562.5
625,5000,95,156250,88461.5,884539.5
625,5000,99,31250,18133.5,858344.0
625,2500,0,1562500,901097.5,439865.0
625,2500,20,1250000,666772.5,422906.0
625,2500,40,937500,541380.5,422997.5
625,2500,50,781250,451862.0,438747.5
625,2500,75,390625,208974.5,439951.0
625,2500,80,312500,179349.0,441999.5
625,2500,85,234375,115558.0,427006.0
625,2500,90,156250,74906.5,422207.5
625,2500,95,78125,41835.5,438958.0
625,2500,99,15625,9200.5,440400.0
625,2000,0,1250000,719964.0,352140.0
625,2000,20,1000000,532979.5,352802.0
625,2000,40,750000,401752.5,352325.5
625,2000,50,625000,361190.5,339695.5
625,2000,75,312500,157822.5,337474.5
625,2000,80,250000,125309.5,352916.0
625,2000,85,187500,105894.5,340255.5
625,2000,90,125000,68447.0,352783.5
625,2000,95,62500,31862.0,342502.5
625,2000,99,12500,7147.0,352235.0
625,1250,0,781250,437397.0,221085.0
625,1250,20,625000,332674.0,212580.0
625,1250,40,468750,231438.5,224107.5
625,1250,50,390625,194130.0,220324.5
625,1250,75,195312,102013.0,206819.5
625,1250,80,156250,80495.0,201994.5
625,1250,85,117187,58968.0,201828.0
625,1250,90,78125,36141.0,204022.5
625,1250,95,39062,17416.5,214116.0
625,1250,99,7812,4231.0,220418.5
625,1000,0,625000,309736.0,170575.0
625,1000,20,500000,266243.0,162676.0
625,1000,40,375000,185486.5,163241.0
625,1000,50,312500,153158.0,163644.0
625,1000,75,156250,75049.5,177356.0
625,1000,80,125000,58669.0,163004.0
625,1000,85,93750,42803.0,163575.5
625,1000,90,62500,26948.5,162919.5
625,1000,95,31250,14360.0,162840.5
625,1000,99,6250,4148.0,177015.0
625,625,0,390625,204109.5,100728.0
625,625,20,312500,164645.5,101262.0
625,625,40,234375,123481.0,100509.5
625,625,50,195312,96814.5,100919.5
625,625,75,97656,44786.5,100320.0
625,625,80,78125,35785.0,100159.0
625,625,85,58593,25365.0,99898.5
625,625,90,39062,20149.0,100288.0
625,625,95,19531,11503.5,99773.0
625,625,99,3906,2751.0,102820.5
625,500,0,312500,153390.5,77808.0
625,500,20,250000,123544.5,75601.5
625,500,40,187500,92966.5,75236.5
625,500,50,156250,88341.5,78076.0
625,500,75,78125,34936.5,82328.0
625,500,80,62500,32957.0,77483.5
625,500,85,46875,24424.0,77644.5
625,500,90,31250,16813.5,79346.5
625,500,95,15625,7931.0,75203.0
625,500,99,3125,2696.0,76875.5
625,400,0,250000,140880.0,54861.0
625,400,20,200000,104706.5,61773.0
625,400,40,150000,72614.0,57583.5
625,400,50,125000,69214.0,57332.0
625,400,75,62500,28259.0,54779.5
625,400,80,50000,23524.0,62108.5
625,400,85,37500,16624.0,62972.5
625,400,90,25000,12604.5,54349.5
625,400,95,12500,7446.0,63298.5
625,400,99,2500,2403.5,57488.5
625,250,0,156250,74193.5,31785.0
625,250,20,125000,58788.5,29791.5
625,250,40,93750,50688.5,35017.0
625,250,50,78125,35455.0,30128.0
625,250,75,39062,21020.0,34962.5
625,250,80,31250,17462.0,35523.5
625,250,85,23437,12748.0,36779.0
625,250,90,15625,8354.5,35406.0
625,250,95,7812,4861.0,31856.0
625,250,99,1562,2266.0,34649.5
625,200,0,125000,54691.5,27885.0
625,200,20,100000,45898.5,25016.5
625,200,40,75000,34350.0,23363.0
625,200,50,62500,28710.5,24033.0
625,200,75,31250,16875.5,25745.0
625,200,80,25000,13472.5,23982.5
625,200,85,18750,10581.0,25302.0
625,200,90,12500,8095.0,28016.5
625,200,95,6250,4576.0,27421.0
625,200,99,1250,1985.0,27014.0
625,125,0,78125,30737.0,15998.0
625,125,20,62500,32271.0,14009.0
625,125,40,46875,21772.0,18101.0
625,125,50,39062,22117.0,15854.0
625,125,75,19531,10844.5,15920.0
625,125,80,15625,9668.5,16130.0
625,125,85,11718,6375.0,14985.0
625,125,90,7812,4690.0,18109.0
625,125,95,3906,3511.0,18817.5
625,125,99,781,1987.0,15002.5
625,100,0,62500,25239.0,12975.0
625,100,20,50000,22757.5,14731.0
625,100,40,37500,17628.0,14700.5
625,100,50,31250,15184.0,14764.0
625,100,75,15625,9845.0,14205.0
625,100,80,12500,6545.5,14727.0
625,100,85,9375,5918.0,12336.0
625,100,90,6250,4003.0,14242.5
625,100,95,3125,3052.5,14106.5
625,100,99,625,1967.0,11521.0
625,80,0,50000,22811.0,9304.0
625,80,20,40000,21422.5,10203.0
625,80,40,30000,17548.5,9326.0
625,80,50,25000,15387.5,10617.0
625,80,75,12500,7798.5,10710.0
625,80,80,10000,6298.0,9333.0
625,80,85,7500,4544.5,10305.5
625,80,90,5000,4021.0,11789.0
625,80,95,2500,2510.0,10103.0
625,80,99,500,1589.5,12031.0
625,50,0,31250,14564.0,6267.0
625,50,20,25000,13343.0,7890.0
625,50,40,18750,10724.0,7944.5
625,50,50,15625,8501.5,8228.0
625,50,75,7812,5134.0,7803.0
625,50,80,6250,4572.5,6796.0
625,50,85,4687,3914.0,7860.0
625,50,90,3125,3112.0,7869.0
625,50,95,1562,2189.0,7832.5
625,50,99,312,1455.0,6267.0
625,40,0,25000,11735.0,5326.0
625,40,20,20000,9857.0,5247.0
625,40,40,15000,8508.0,5272.0
625,40,50,12500,6352.0,5441.0
625,40,75,6250,4284.5,5761.5
625,40,80,5000,3894.5,5765.0
625,40,85,3750,2916.0,5669.5
625,40,90,2500,2667.0,5746.5
625,40,95,1250,1841.0,5309.5
625,40,99,250,1609.0,6522.0
625,25,0,15625,7450.5,4065.5
625,25,20,12500,6598.0,4825.0
625,25,40,9375,4853.0,3947.0
625,25,50,7812,5214.0,4351.5
625,25,75,3906,2768.0,4029.0
625,25,80,3125,2481.0,3937.0
625,25,85,2343,2596.0,4317.0
625,25,90,1562,1897.0,3981.5
625,25,95,781,1686.0,4686.0
625,25,99,156,1284.0,4728.0
625,20,0,12500,7290.5,3381.0
625,20,20,10000,5427.5,3331.5
625,20,40,7500,5124.5,3623.5
625,20,50,6250,4465.5,4027.0
625,20,75,3125,2667.5,3987.0
625,20,80,2500,2244.5,3842.5
625,20,85,1875,2464.0,4103.0
625,20,90,1250,1941.0,4039.5
625,20,95,625,1637.0,4165.0
625,20,99,125,1515.0,3983.0
625,16,0,10000,5487.0,3398.0
625,16,20,8000,5194.0,3324.0
625,16,40,6000,3608.0,3367.0
625,16,50,5000,3435.5,2867.5
625,16,75,2500,2378.0,3610.0
625,16,80,2000,2435.0,2953.0
625,16,85,1500,2079.5,3573.0
625,16,90,1000,2070.0,3550.0
625,16,95,500,1534.5,3176.5
625,16,99,100,1411.0,3258.0
625,10,0,6250,3757.0,2687.0
625,10,20,5000,3949.0,2324.0
625,10,40,3750,3182.0,2257.0
625,10,50,3125,2950.0,2308.5
625,10,75,1562,1817.0,2362.0
625,10,80,1250,1789.0,2722.0
625,10,85,937,2011.0,2318.0
625,10,90,625,1646.0,2715.5
625,10,95,312,1539.0,2813.0
625,10,99,62,1525.5,2287.0
625,8,0,5000,3458.0,2465.5
625,8,20,4000,3506.0,2302.0
625,8,40,3000,2498.0,2467.0
625,8,50,2500,2483.0,2249.5
625,8,75,1250,1740.0,2262.0
625,8,80,1000,1907.0,2247.5
625,8,85,750,2018.0,2475.0
625,8,90,500,1884.5,2454.0
625,8,95,250,1747.0,2474.0
625,8,99,50,1620.0,2487.0
625,5,0,3125,2960.5,1951.0
625,5,20,2500,2402.0,1817.0
625,5,40,1875,2430.5,2002.5
625,5,50,1562,2290.0,1939.0
625,5,75,781,1993.0,1977.0
625,5,80,625,1978.0,1976.0
625,5,85,468,1734.5,1760.0
625,5,90,312,1689.0,1754.0
625,5,95,156,1520.0,1935.0
625,5,99,31,1564.0,1878.0
625,4,0,2500,2723.0,1746.0
625,4,20,2000,2067.0,1801.0
625,4,40,1500,2261.0,1709.5
625,4,50,1250,1864.0,1852.0
625,4,75,625,1584.0,1520.0
625,4,80,500,1886.0,1806.0
625,4,85,375,1990.5,1847.0
625,4,90,250,1763.0,1600.5
625,4,95,125,1666.0,1686.0
625,4,99,25,1313.0,1645.0
625,2,0,1250,2050.0,1531.0
625,2,20,1000,1953.0,1268.0
625,2,40,750,2000.0,1406.5
625,2,50,625,1961.0,1341.0
625,2,75,312,1557.0,1469.0
625,2,80,250,1467.5,1531.0
625,2,85,187,1466.0,1491.0
625,2,90,125,1458.0,1512.0
625,2,95,62,1379.0,1280.0
625,2,99,12,1482.0,1192.0
625,1,0,625,1967.0,1204.0
625,1,20,500,1901.0,1127.0
625,1,40,375,1520.0,1070.0
625,1,50,312,1492.0,1273.0
625,1,75,156,1387.5,1327.0
625,1,80,125,1337.5,1234.0
625,1,85,93,1276.0,1289.0
625,1,90,62,1436.5,1291.0
625,1,95,31,1447.0,1105.0
625,1,99,6,1433.0,1045.0
500,5000,0,2500000,1469430.0,675839.5
500,5000,20,2000000,1156009.0,696352.0
500,5000,40,1500000,862223.5,663547.5
500,5000,50,1250000,623736.5,649201.0
500,5000,75,625000,316103.5,696486.5
500,5000,80,500000,239973.5,638647.5
500,5000,85,375000,184884.0,652939.5
500,5000,90,250000,126652.5,636416.5
500,5000,95,125000,70726.5,679573.5
500,5000,99,25000,12217.0,663245.0
500,2500,0,1250000,619199.0,349107.5
500,2500,20,1000000,504649.5,333838.0
500,2500,40,750000,403190.0,332347.5
500,2500,50,625000,360915.0,320159.0
500,2500,75,312500,166626.0,322024.5
500,2500,80,250000,125025.0,334442.5
500,2500,85,187500,92134.5,333300.5
500,2500,90,125000,69344.5,332239.5
500,2500,95,62500,30380.5,350302.0
500,2500,99,12500,6565.5,326192.0
500,2000,0,1000000,577415.0,278594.5
500,2000,20,800000,402194.5,263266.5
500,2000,40,600000,321085.0,279180.0
500,2000,50,500000,270227.0,279928.0
500,2000,75,250000,144265.0,280195.5
500,2000,80,200000,99233.0,267102.0
500,2000,85,150000,84612.0,279778.5
500,2000,90,100000,46811.0,265916.0
500,2000,95,50000,21792.5,280005.0
500,2000,99,10000,5308.0,277631.5
500,1250,0,625000,359075.5,175831.5
500,1250,20,500000,291378.5,166721.0
500,1250,40,375000,199689.0,178272.5
500,1250,50,312500,180678.0,178312.5
500,1250,75,156250,88188.0,165817.5
500,1250,80,125000,69331.0,175191.5
500,1250,85,93750,51199.0,175412.5
500,1250,90,62500,33373.0,169660.5
500,1250,95,31250,16637.0,166760.5
500,1250,99,6250,4264.5,175647.5
500,1000,0,500000,266154.5,142039.0
500,1000,20,400000,229413.0,139366.5
500,1000,40,300000,175824.5,127827.5
500,1000,50,250000,144678.5,140834.0
500,1000,75,125000,71438.5,140272.0
500,1000,80,100000,55546.0,142266.0
500,1000,85,75000,39843.0,140119.5
500,1000,90,50000,25542.0,132396.0
500,1000,95,25000,12443.0,143030.0
500,1000,99,5000,3766.5,139985.0
500,625,0,312500,178361.0,74524.0
500,625,20,250000,147139.5,82095.0
500,625,40,187500,109981.0,80942.5
500,625,50,156250,90977.5,81690.5
500,625,75,78125,43019.5,82025.0
500,625,80,62500,33475.0,80867.0
500,625,85,46875,20188.5,77063.0
500,625,90,31250,13900.0,80752.0
500,625,95,15625,9042.0,81084.5
500,625,99,3125,2977.5,82234.0
500,500,0,250000,143788.0,59711.0
500,500,20,200000,116890.0,60707.5
500,500,40,150000,84329.0,59404.5
500,500,50,125000,69858.5,59908.5
500,500,75,62500,33548.0,61605.5
500,500,80,50000,24364.0,56535.0
500,500,85,37500,19236.0,55600.5
500,500,90,25000,12584.5,56921.5
500,500,95,12500,7109.5,59705.5
500,500,99,2500,2307.0,53634.0
500,400,0,200000,104707.5,43204.0
500,400,20,160000,75998.0,42541.0
500,400,40,120000,57655.5,38068.5
500,400,50,100000,54737.0,45380.5
500,400,75,50000,22609.0,42518.0
500,400,80,40000,19443.0,40747.0
500,400,85,30000,14456.0,41998.0
500,400,90,20000,10158.0,38621.5
500,400,95,10000,5575.5,44653.5
500,400,99,2000,2387.0,38584.5
500,250,0,125000,68616.5,23228.0
500,250,20,100000,50300.5,23715.5
500,250,40,75000,41917.0,20624.5
500,250,50,62500,30947.5,22634.5
500,250,75,31250,16437.5,23625.0
500,250,80,25000,11787.5,23570.5
500,250,85,18750,9409.0,21936.0
500,250,90,12500,7314.5,20393.5
500,250,95,6250,4379.0,25797.5
500,250,99,1250,1987.0,25625.0
500,200,0,100000,50368.5,19682.0
500,200,20,80000,36607.0,18988.5
500,200,40,60000,32133.0,17758.0
500,200,50,50000,24521.5,21276.0
500,200,75,25000,11541.0,21553.0
500,200,80,20000,11480.5,20551.0
500,200,85,15000,8950.5,20632.5
500,200,90,10000,5501.5,18749.0
500,200,95,5000,3408.5,18730.0
500,200,99,1000,1745.0,17905.0
500,125,0,62500,24781.0,10683.0
500,125,20,50000,21908.0,13825.5
500,125,40,37500,17538.0,10659.5
500,125,50,31250,17906.5,12288.5
500,125,75,15625,9099.5,13795.0
500,125,80,12500,7460.0,13535.5
500,125,85,9375,5570.0,11539.5
500,125,90,6250,4452.0,13377.5
500,125,95,3125,2625.5,11545.5
500,125,99,625,1907.0,13873.0
500,100,0,50000,21591.5,10979.0
500,100,20,40000,19679.0,11386.0
500,100,40,30000,17160.5,10044.5
500,100,50,25000,12060.5,10042.0
500,100,75,12500,7551.0,9493.0
500,100,80,10000,5028.5,11230.0
500,100,85,7500,5057.0,10068.0
500,100,90,5000,3432.0,11346.0
500,100,95,2500,2568.0,10031.0
500,100,99,500,1487.5,10940.0
500,80,0,40000,16588.5,9447.0
500,80,20,32000,15160.0,9365.5
500,80,40,24000,12557.5,9138.5
500,80,50,20000,10970.0,7778.0
500,80,75,10000,5902.0,7992.0
500,80,80,8000,5290.0,9091.5
500,80,85,6000,4329.5,7399.0
500,80,90,4000,3404.5,9402.0
500,80,95,2000,2412.0,7256.0
500,80,99,400,1791.0,9067.0
500,50,0,25000,11994.0,5794.0
500,50,20,20000,11576.0,5669.0
500,50,40,15000,9110.0,5691.0
500,50,50,12500,7624.0,4974.0
500,50,75,6250,4488.0,6252.0
500,50,80,5000,3731.0,5953.0
500,50,85,3750,3268.5,5071.5
500,50,90,2500,2718.0,6255.0
500,50,95,1250,1977.0,5871.5
500,50,99,250,1453.0,6218.0
500,40,0,20000,9975.5,5240.5
500,40,20,16000,9298.0,5200.0
500,40,40,12000,6484.0,4660.5
500,40,50,10000,5226.0,4648.5
500,40,75,5000,3796.5,4603.5
500,40,80,4000,3361.5,4680.0
500,40,85,3000,2926.0,5260.0
500,40,90,2000,2438.0,4960.5
500,40,95,1000,1914.0,5203.0
500,40,99,200,1569.0,4667.0
500,25,0,12500,7119.0,3279.0
500,25,20,10000,6333.0,3526.0
500,25,40,7500,5043.0,3599.0
500,25,50,6250,3491.0,3515.5
500,25,75,3125,2478.0,3160.0
500,25,80,2500,2346.0,3320.5
500,25,85,1875,1901.0,3843.0
500,25,90,1250,2049.0,3879.5
500,25,95,625,1572.0,3126.5
500,25,99,125,1574.0,3203.0
500,20,0,10000,5438.0,3212.0
500,20,20,8000,4588.0,3276.0
500,20,40,6000,3732.5,2772.0
500,20,50,5000,3872.0,2792.5
500,20,75,2500,2192.0,2693.0
500,20,80,2000,2425.0,3292.5
500,20,85,1500,2055.5,3314.0
500,20,90,1000,1964.0,2816.0
500,20,95,500,1782.5,3281.0
500,20,99,100,1412.0,3319.0
500,16,0,8000,4499.5,3059.0
500,16,20,6400,4181.0,3082.0
500,16,40,4800,3712.0,2388.0
500,16,50,4000,2742.0,2437.0
500,16,75,2000,2409.0,3038.0
500,16,80,1600,2174.0,2968.0
500,16,85,1200,1817.0,2476.0
500,16,90,800,1733.0,2399.0
500,16,95,400,1755.0,2542.0
500,16,99,80,1593.0,2946.0
500,10,0,5000,3866.0,2008.0
500,10,20,4000,3452.5,2272.0
500,10,40,3000,2764.0,2348.0
500,10,50,2500,2203.0,2365.0
500,10,75,1250,2016.0,2137.5
500,10,80,1000,1958.0,2337.0
500,10,85,750,1873.0,2417.0
500,10,90,500,1654.0,1878.0
500,10,95,250,1642.0,2100.0
500,10,99,50,1378.5,2358.0
500,8,0,4000,3416.0,1709.0
500,8,20,3200,2849.0,2107.0
500,8,40,2400,2525.0,2100.0
500,8,50,2000,2056.0,1784.0
500,8,75,1000,1934.5,2134.5
500,8,80,800,1821.0,1965.0
500,8,85,600,1736.0,2131.0
500,8,90,400,1548.0,1962.0
500,8,95,200,1598.0,2014.0
500,8,99,40,1511.0,1917.0
500,5,0,2500,2316.0,1527.0
500,5,20,2000,1899.0,1804.0
500,5,40,1500,2117.0,1575.0
500,5,50,1250,2028.0,1571.0
500,5,75,625,1554.0,1708.5
500,5,80,500,1565.0,1790.0
500,5,85,375,1440.5,1637.0
500,5,90,250,1510.0,1803.5
500,5,95,125,1308.0,1717.0
500,5,99,25,1229.0,1730.5
500,4,0,2000,1994.0,1563.0
500,4,20,1600,1928.0,1556.0
500,4,40,1200,1738.0,1411.0
500,4,50,1000,1562.0,1568.5
500,4,75,500,1553.0,1604.0
500,4,80,400,1454.0,1312.0
500,4,85,300,1370.0,1639.0
500,4,90,200,1551.0,1520.0
500,4,95,100,1424.0,1632.0
500,4,99,20,1245.0,1648.5
500,2,0,1000,1758.5,1376.0
500,2,20,800,1643.0,1356.5
500,2,40,600,1800.0,1151.0
500,2,50,500,1419.0,1273.0
500,2,75,250,1522.5,1389.5
500,2,80,200,1447.0,1225.0
500,2,85,150,1527.0,1365.0
500,2,90,100,1412.0,1359.0
500,2,95,50,1370.0,1394.0
500,2,99,10,1642.0,1394.0
500,1,0,500,1673.5,1303.5
500,1,20,400,1653.0,1227.0
500,1,40,300,1420.0,1262.0
500,1,50,250,1453.0,1146.0
500,1,75,125,1264.0,1250.0
500,1,80,100,1551.0,1256.0
500,1,85,75,1210.0,1057.0
500,1,90,50,1484.0,1126.0
500,1,95,25,1410.0,1127.0
500,1,99,5,1442.0,1342.0
400,5000,0,2000000,1067581.0,518163.0
400,5000,20,1600000,853788.5,545655.5
400,5000,40,1200000,644445.0,517979.5
400,5000,50,1000000,540395.5,518595.5
400,5000,75,500000,292885.0,529978.0
400,5000,80,400000,232627.5,542880.5
400,5000,85,300000,160656.0,538308.0
400,5000,90,200000,116068.0,543500.5
400,5000,95,100000,57809.5,544097.5
400,5000,99,20000,9785.0,545474.5
400,2500,0,1000000,582805.5,273394.0
400,2500,20,800000,461562.5,274845.5
400,2500,40,600000,347246.5,264576.5
400,2500,50,500000,269759.0,274554.0
400,2500,75,250000,125211.0,274140.0
400,2500,80,200000,116407.0,261276.5
400,2500,85,150000,85398.5,273439.5
400,2500,90,100000,47683.5,259534.0
400,2500,95,50000,22450.0,260919.0
400,2500,99,10000,5554.0,274007.0
400,2000,0,800000,427745.0,219745.5
400,2000,20,640000,341527.0,207263.5
400,2000,40,480000,277865.5,219639.0
400,2000,50,400000,233062.5,218399.0
400,2000,75,200000,115757.0,212864.0
400,2000,80,160000,84018.0,207419.5
400,2000,85,120000,57544.0,200850.0
400,2000,90,80000,43811.0,200945.0
400,2000,95,40000,20628.0,219248.0
400,2000,99,8000,4677.5,219326.5
400,1250,0,500000,265914.5,130571.0
400,1250,20,400000,231347.0,138103.0
400,1250,40,300000,173026.0,138660.5
400,1250,50,250000,134539.0,137387.5
400,1250,75,125000,70029.0,125934.5
400,1250,80,100000,46244.0,137976.5
400,1250,85,75000,40962.5,137724.5
400,1250,90,50000,22553.5,124657.0
400,1250,95,25000,13053.0,138104.5
400,1250,99,5000,3741.0,138053.5
400,1000,0,400000,200645.0,109021.5
400,1000,20,320000,161138.0,99066.0
400,1000,40,240000,138590.0,99979.5
400,1000,50,200000,100398.5,98782.0
400,1000,75,100000,55511.0,108385.0
400,1000,80,80000,44339.0,106926.0
400,1000,85,60000,29699.0,102846.0
400,1000,90,40000,16779.0,102936.0
400,1000,95,20000,9044.0,99323.0
400,1000,99,4000,2686.0,108419.5
400,625,0,250000,142672.5,54571.0
400,625,20,200000,114760.0,52519.5
400,625,40,150000,73290.5,53666.0
400,625,50,125000,60775.5,52707.0
400,625,75,62500,31060.0,55127.0
400,625,80,50000,21902.5,58015.5
400,625,85,37500,19693.5,54933.0
400,625,90,25000,13218.0,57867.0
400,625,95,12500,7349.5,55094.0
400,625,99,2500,2549.5,57386.0
400,500,0,200000,116486.0,37274.5
400,500,20,160000,78085.0,41199.0
400,500,40,120000,57681.5,41578.0
400,500,50,100000,56496.0,38510.5
400,500,75,50000,26420.0,40061.0
400,500,80,40000,21861.5,37454.5
400,500,85,30000,16162.0,37964.5
400,500,90,20000,11410.0,41746.5
400,500,95,10000,5242.5,39603.5
400,500,99,2000,2354.0,35078.0
400,400,0,160000,89876.0,30097.0
400,400,20,128000,71733.5,27728.0
400,400,40,96000,54055.0,28108.0
400,400,50,80000,37632.5,28036.5
400,400,75,40000,17600.5,31434.0
400,400,80,32000,14109.5,30485.0
400,400,85,24000,12788.0,30725.0
400,400,90,16000,9374.5,31470.5
400,400,95,8000,4565.0,26068.5
400,400,99,1600,1740.0,31252.0
400,250,0,100000,50400.5,18620.0
400,250,20,80000,37468.5,19063.0
400,250,40,60000,27794.0,19184.0
400,250,50,50000,22927.5,19294.0
400,250,75,25000,11620.0,18604.5
400,250,80,20000,10413.5,18551.5
400,250,85,15000,8920.0,19226.5
400,250,90,10000,6383.0,16568.5
400,250,95,5000,3754.5,16076.0
400,250,99,1000,1594.0,18556.5
400,200,0,80000,40429.0,15118.0
400,200,20,64000,29498.0,15621.0
400,200,40,48000,24044.5,13895.5
400,200,50,40000,22063.5,12126.0
400,200,75,20000,9240.5,13049.5
400,200,80,16000,10139.0,12046.0
400,200,85,12000,7247.0,13048.0
400,200,90,8000,4112.0,12119.0
400,200,95,4000,2784.0,15203.0
400,200,99,800,1551.0,15671.0
400,125,0,50000,19996.5,9956.0
400,125,20,40000,21577.5,10097.5
400,125,40,30000,16583.5,7952.5
400,125,50,25000,14267.5,9080.0
400,125,75,12500,6385.5,10014.0
400,125,80,10000,5101.5,9963.5
400,125,85,7500,4242.5,9990.0
400,125,90,5000,3740.5,10383.0
400,125,95,2500,2140.0,10352.5
400,125,99,500,1555.0,9999.0
400,100,0,40000,16458.0,8276.0
400,100,20,32000,17176.0,7119.0
400,100,40,24000,13836.0,6583.0
400,100,50,20000,12047.5,7447.5
400,100,75,10000,6102.0,6612.0
400,100,80,8000,4730.5,6614.0
400,100,85,6000,3448.0,8336.0
400,100,90,4000,2860.0,8267.0
400,100,95,2000,2398.0,7642.0
400,100,99,400,1670.5,7631.5
400,80,0,32000,13566.0,7032.0
400,80,20,25600,11549.5,6416.5
400,80,40,19200,9087.0,6989.0
400,80,50,16000,9976.5,5533.0
400,80,75,8000,5151.0,5544.0
400,80,80,6400,3982.0,6876.5
400,80,85,4800,3708.0,6902.0
400,80,90,3200,2456.0,6945.0
400,80,95,1600,2093.0,7141.0
400,80,99,320,1647.0,6293.0
400,50,0,20000,10757.0,4405.5
400,50,20,16000,9808.5,5001.0
400,50,40,12000,7572.0,5048.0
400,50,50,10000,5838.5,4960.5
400,50,75,5000,3083.5,3927.0
400,50,80,4000,3301.0,4189.0
400,50,85,3000,2824.0,5003.0
400,50,90,2000,1945.0,4470.0
400,50,95,1000,1849.0,4869.5
400,50,99,200,1636.0,4886.5
400,40,0,16000,7414.5,4346.5
400,40,20,12800,8117.5,3695.5
400,40,40,9600,5190.5,3773.0
400,40,50,8000,4656.5,4344.5
400,40,75,4000,3263.5,4295.0
400,40,80,3200,2883.0,3770.5
400,40,85,2400,2142.0,3768.0
400,40,90,1600,2028.5,4182.0
400,40,95,800,1680.0,4323.0
400,40,99,160,1506.0,3373.0
400,25,0,10000,5521.0,3240.5
400,25,20,8000,4039.0,3290.0
400,25,40,6000,4332.0,3009.0
400,25,50,5000,3439.5,3245.0
400,25,75,2500,2367.0,2747.0
400,25,80,2000,2389.0,3002.0
400,25,85,1500,1782.0,2769.0
400,25,90,1000,1771.0,2748.5
400,25,95,500,1691.0,3009.0
400,25,99,100,1433.0,3269.0
400,20,0,8000,4313.0,2968.0
400,20,20,6400,4236.0,3015.0
400,20,40,4800,3740.0,2963.0
400,20,50,4000,3441.0,3012.0
400,20,75,2000,2427.0,2674.0
400,20,80,1600,2110.0,2436.0
400,20,85,1200,1948.0,2900.0
400,20,90,800,1733.0,2984.0
400,20,95,400,1620.0,2440.0
400,20,99,80,1295.0,2989.0
400,16,0,6400,4195.0,2713.0
400,16,20,5120,3233.5,2601.0
400,16,40,3840,3353.5,2530.5
400,16,50,3200,2829.0,2655.0
400,16,75,1600,1970.0,2631.0
400,16,80,1280,1695.5,2665.0
400,16,85,960,1750.5,2691.0
400,16,90,640,1548.0,2736.0
400,16,95,320,1462.0,2617.0
400,16,99,64,1256.0,2701.0
400,10,0,4000,3288.5,2109.5
400,10,20,3200,2861.0,1716.0
400,10,40,2400,2515.0,1698.0
400,10,50,2000,2440.0,1904.0
400,10,75,1000,1785.5,1783.0
400,10,80,800,1858.0,1964.0
400,10,85,600,1667.0,2165.0
400,10,90,400,1680.0,2176.0
400,10,95,200,1480.0,1829.0
400,10,99,40,1270.0,2184.0
400,8,0,3200,2650.5,1896.0
400,8,20,2560,2248.0,1792.5
400,8,40,1920,1943.0,1604.0
400,8,50,1600,2034.0,1659.0
400,8,75,800,1581.5,1809.5
400,8,80,640,1709.0,1931.0
400,8,85,480,1412.0,1957.0
400,8,90,320,1435.0,1780.0
400,8,95,160,1250.0,1685.0
400,8,99,32,1430.0,1590.0
400,5,0,2000,2365.0,1623.0
400,5,20,1600,2163.0,1427.0
400,5,40,1200,2011.0,1650.0
400,5,50,1000,1534.0,1507.0
400,5,75,500,1719.5,1287.5
400,5,80,400,1524.0,1482.0
400,5,85,300,1669.0,1262.0
400,5,90,200,1602.0,1641.0
400,5,95,100,1242.5,1342.5
400,5,99,20,1171.0,1658.0
400,4,0,1600,2195.0,1294.0
400,4,20,1280,1650.0,1493.0
400,4,40,960,1869.0,1266.5
400,4,50,800,1583.0,1572.0
400,4,75,400,1636.0,1674.0
400,4,80,320,1660.0,1319.5
400,4,85,240,1585.0,1363.0
400,4,90,160,1224.0,1544.0
400,4,95,80,1282.5,1566.0
400,4,99,16,1452.0,1518.0
400,2,0,800,1726.0,1134.0
400,2,20,640,1715.5,1168.0
400,2,40,480,1568.0,1338.0
400,2,50,400,1746.0,1237.5
400,2,75,200,1350.0,1317.0
400,2,80,160,1549.0,1326.0
400,2,85,120,1411.0,1081.0
400,2,90,80,1394.0,1370.0
400,2,95,40,1291.5,1328.0
400,2,99,8,1453.0,1093.0
400,1,0,400,1360.0,1073.0
400,1,20,320,1373.0,1306.0
400,1,40,240,1637.0,1260.0
400,1,50,200,1610.0,1130.5
400,1,75,100,1481.5,1072.0
400,1,80,80,1289.0,1053.0
400,1,85,60,1210.0,1261.5
400,1,90,40,1256.0,1219.0
400,1,95,20,1135.0,1252.0
400,1,99,4,1309.0,1205.0
250,5000,0,1250000,666651.5,327853.5
250,5000,20,1000000,578865.5,344371.5
250,5000,40,750000,420977.5,330316.5
250,5000,50,625000,367895.5,320648.0
250,5000,75,312500,183856.0,344061.5
250,5000,80,250000,135368.5,344118.0
250,5000,85,187500,93575.0,330278.0
250,5000,90,125000,61815.0,336984.0
250,5000,95,62500,35610.0,343387.0
250,5000,99,12500,7724.5,345400.5
250,2500,0,625000,334449.0,165713.0
250,2500,20,500000,267870.5,165852.0
250,2500,40,375000,218612.5,175848.0
250,2500,50,312500,157678.0,164707.0
250,2500,75,156250,92745.0,165551.0
250,2500,80,125000,71513.5,172954.5
250,2500,85,93750,48770.5,160866.5
250,2500,90,62500,36067.0,173320.5
250,2500,95,31250,16777.0,173332.5
250,2500,99,6250,4147.0,160933.0
250,2000,0,500000,290040.0,139052.0
250,2000,20,400000,200045.5,138157.5
250,2000,40,300000,175135.0,129184.0
250,2000,50,250000,147331.5,138734.0
250,2000,75,125000,61196.5,138275.0
250,2000,80,100000,48462.0,128258.0
250,2000,85,75000,36135.0,127269.5
250,2000,90,50000,22703.5,129037.5
250,2000,95,25000,10818.0,138990.5
250,2000,99,5000,3453.5,138349.5
250,1250,0,312500,155544.0,72290.5
250,1250,20,250000,125301.0,72577.0
250,1250,40,187500,93480.0,72554.0
250,1250,50,156250,77637.0,73694.0
250,1250,75,78125,37604.0,74833.0
250,1250,80,62500,35087.0,80265.0
250,1250,85,46875,21011.0,79166.5
250,1250,90,31250,13942.5,72030.5
250,1250,95,15625,8797.5,79429.5
250,1250,99,3125,2797.0,79799.5
250,1000,0,250000,122341.5,52235.0
250,1000,20,200000,115708.5,58481.5
250,1000,40,150000,72052.5,54977.0
250,1000,50,125000,66025.0,51187.5
250,1000,75,62500,32228.0,56970.5
250,1000,80,50000,23238.5,53058.5
250,1000,85,37500,20688.5,59325.0
250,1000,90,25000,13430.5,54419.0
250,1000,95,12500,6128.5,57481.0
250,1000,99,2500,2313.0,51332.0
250,625,0,156250,82361.0,30429.5
250,625,20,125000,66279.0,23115.5
250,625,40,93750,45140.0,28503.5
250,625,50,78125,40456.0,25069.0
250,625,75,39062,21532.0,30540.5
250,625,80,31250,16888.5,26147.0
250,625,85,23437,10437.0,30581.0
250,625,90,15625,8613.0,29836.5
250,625,95,7812,4146.0,26088.5
250,625,99,1562,2045.0,30094.0
250,500,0,125000,71024.5,24348.0
250,500,20,100000,48619.0,21526.0
250,500,40,75000,34282.5,23613.5
250,500,50,62500,35975.0,22114.0
250,500,75,31250,13954.0,19872.0
250,500,80,25000,11606.5,23581.5
250,500,85,18750,10527.5,20369.0
250,500,90,12500,6665.0,21776.0
250,500,95,6250,3852.5,23867.0
250,500,99,1250,1907.5,23126.0
250,400,0,100000,48111.0,18569.5
250,400,20,80000,37645.5,18742.5
250,400,40,60000,34554.0,16980.0
250,400,50,50000,22746.0,14989.0
250,400,75,25000,12611.0,19424.0
250,400,80,20000,11260.5,17220.5
250,400,85,15000,8400.5,16199.0
250,400,90,10000,5892.5,18326.5
250,400,95,5000,3820.5,19274.5
250,400,99,1000,1820.0,17235.5
250,250,0,62500,34376.0,12660.0
250,250,20,50000,22651.0,12258.0
250,250,40,37500,19288.0,10599.0
250,250,50,31250,16904.5,12558.0
250,250,75,15625,9163.0,9777.0
250,250,80,12500,5909.0,12684.5
250,250,85,9375,5853.0,10410.0
250,250,90,6250,3383.0,12280.0
250,250,95,3125,2800.0,9706.0
250,250,99,625,1604.0,10780.0
250,200,0,50000,21050.0,10125.5
250,200,20,40000,18026.0,9962.0
250,200,40,30000,13825.5,10446.0
250,200,50,25000,12024.0,10425.0
250,200,75,12500,7728.0,9275.0
250,200,80,10000,6124.0,9943.5
250,200,85,7500,4787.0,9999.0
250,200,90,5000,2895.0,8629.5
250,200,95,2500,2061.0,9228.0
250,200,99,500,1314.5,10356.0
250,125,0,31250,12939.0,6850.0
250,125,20,25000,11798.0,7089.0
250,125,40,18750,10944.5,6894.0
250,125,50,15625,9449.0,5959.0
250,125,75,7812,4958.0,5915.0
250,125,80,6250,3837.0,5682.5
250,125,85,4687,3599.5,7015.0
250,125,90,3125,2683.0,5924.0
250,125,95,1562,1720.0,6734.0
250,125,99,312,1498.0,5465.0
250,100,0,25000,10348.5,5898.0
250,100,20,20000,9160.0,5943.0
250,100,40,15000,7232.5,5856.5
250,100,50,12500,7861.0,4617.0
250,100,75,6250,3669.0,4616.0
250,100,80,5000,3566.0,4600.0
250,100,85,3750,2834.0,5770.0
250,100,90,2500,2304.0,5826.0
250,100,95,1250,1537.0,5829.0
250,100,99,250,1463.0,5789.0
250,80,0,20000,8665.0,4485.0
250,80,20,16000,7432.0,4313.0
250,80,40,12000,6085.0,4854.0
250,80,50,10000,5373.0,4952.0
250,80,75,5000,3010.0,5200.0
250,80,80,4000,2952.0,5149.0
250,80,85,3000,2210.0,4979.5
250,80,90,2000,2022.0,4184.5
250,80,95,1000,1448.0,4945.0
250,80,99,200,1245.5,4968.0
250,50,0,12500,5854.0,2952.0
250,50,20,10000,5284.0,3744.5
250,50,40,7500,4842.5,3290.5
250,50,50,6250,3925.0,2836.0
250,50,75,3125,2747.0,3683.0
250,50,80,2500,2559.0,3208.0
250,50,85,1875,2208.0,3744.0
250,50,90,1250,1953.0,3040.5
250,50,95,625,1683.0,2899.0
250,50,99,125,1480.0,2904.5
250,40,0,10000,5847.5,2838.0
250,40,20,8000,4389.0,2723.0
250,40,40,6000,3916.5,3312.0
250,40,50,5000,3714.0,2667.0
250,40,75,2500,2535.0,3261.0
250,40,80,2000,2263.0,2728.0
250,40,85,1500,2016.0,3305.0
250,40,90,1000,1715.0,2740.0
250,40,95,500,1566.0,3378.5
250,40,99,100,1450.0,3406.0
250,25,0,6250,4097.0,2725.0
250,25,20,5000,3700.0,2510.0
250,25,40,3750,2711.5,2130.0
250,25,50,3125,2913.0,2635.0
250,25,75,1562,1641.0,2351.5
250,25,80,1250,1961.5,2661.5
250,25,85,937,1452.0,2620.5
250,25,90,625,1658.0,2541.0
250,25,95,312,1251.0,2504.0
250,25,99,62,1497.0,2681.0
250,20,0,5000,3551.0,2023.0
250,20,20,4000,2916.0,1898.0
250,20,40,3000,2244.0,2412.0
250,20,50,2500,2180.0,2450.0
250,20,75,1250,1597.0,2365.0
250,20,80,1000,1825.0,2312.0
250,20,85,750,1669.0,2379.0
250,20,90,500,1553.0,2318.0
250,20,95,250,1254.0,2105.5
250,20,99,50,1181.0,2349.0
250,16,0,4000,2682.5,2111.0
250,16,20,3200,2453.5,2202.0
250,16,40,2400,2049.0,2170.0
250,16,50,2000,1913.0,1865.5
250,16,75,1000,1719.5,2114.5
250,16,80,800,1436.0,2110.0
250,16,85,600,1640.0,1936.0
250,16,90,400,1533.0,1706.0
250,16,95,200,1402.0,1731.0
250,16,99,40,1095.0,2174.0
250,10,0,2500,2564.0,1530.5
250,10,20,2000,2304.0,1434.0
250,10,40,1500,1676.5,1485.5
250,10,50,1250,1538.0,1715.0
250,10,75,625,1376.0,1778.0
250,10,80,500,1377.0,1506.0
250,10,85,375,1501.0,1771.5
250,10,90,250,1340.0,1754.5
250,10,95,125,1350.0,1430.0
250,10,99,25,1318.0,1645.0
250,8,0,2000,1934.0,1658.0
250,8,20,1600,1858.0,1534.0
250,8,40,1200,1811.0,1399.5
250,8,50,1000,1742.0,1288.0
250,8,75,500,1465.0,1603.0
250,8,80,400,1317.0,1582.0
250,8,85,300,1578.0,1364.0
250,8,90,200,1444.0,1279.0
250,8,95,100,1464.0,1377.5
250,8,99,20,1347.5,1641.0
250,5,0,1250,1858.0,1348.0
250,5,20,1000,1739.0,1186.0
250,5,40,750,1355.0,1489.0
250,5,50,625,1584.0,1338.5
250,5,75,312,1524.0,1465.0
250,5,80,250,1199.0,1230.5
250,5,85,187,1199.0,1292.0
250,5,90,125,1492.0,1389.5
250,5,95,62,1299.0,1282.0
250,5,99,12,1357.5,1344.0
250,4,0,1000,1653.5,1360.0
250,4,20,800,1550.0,1165.5
250,4,40,600,1439.0,1397.0
250,4,50,500,1407.0,1262.5
250,4,75,250,1308.0,1226.0
250,4,80,200,1434.0,1205.5
250,4,85,150,1292.0,1357.0
250,4,90,100,1427.0,1362.0
250,4,95,50,1369.0,1388.0
250,4,99,10,1320.5,1368.0
250,2,0,500,1506.0,1261.0
250,2,20,400,1514.0,1042.0
250,2,40,300,1520.0,1247.0
250,2,50,250,1479.0,1235.0
250,2,75,125,1456.5,1015.0
250,2,80,100,1164.0,1052.0
250,2,85,75,1119.0,1066.0
250,2,90,50,1176.0,1052.0
250,2,95,25,1192.0,1276.0
250,2,99,5,1076.0,1097.5
250,1,0,250,1519.5,1206.0
250,1,20,200,1221.0,1078.0
250,1,40,150,1380.0,1224.0
250,1,50,125,1470.0,1025.0
250,1,75,62,1118.0,980.5
250,1,80,50,1099.0,1229.0
250,1,85,37,1375.0,1260.0
250,1,90,25,1325.0,1056.0
250,1,95,12,1306.0,1170.0
250,1,99,2,1097.0,1205.0
200,5000,0,1000000,579120.0,274312.5
200,5000,20,800000,429569.5,252731.5
200,5000,40,600000,350455.0,274904.5
200,5000,50,500000,294041.0,253737.5
200,5000,75,250000,147964.0,260400.0
200,5000,80,200000,101401.0,251873.0
200,5000,85,150000,87305.5,272914.0
200,5000,90,100000,49417.0,259593.0
200,5000,95,50000,26571.0,273828.5
200,5000,99,10000,5732.0,252400.0
200,2500,0,500000,267674.5,125096.5
200,2500,20,400000,215916.5,139171.5
200,2500,40,300000,152183.5,137740.5
200,2500,50,250000,126817.0,138095.0
200,2500,75,125000,74104.5,137845.5
200,2500,80,100000,57230.0,126018.0
200,2500,85,75000,43777.5,130582.5
200,2500,90,50000,28433.0,137629.0
200,2500,95,25000,12612.5,131096.0
200,2500,99,5000,3762.0,137730.5
200,2000,0,400000,215445.5,110761.0
200,2000,20,320000,178164.0,111281.0
200,2000,40,240000,139967.0,97151.5
200,2000,50,200000,100555.5,110068.0
200,2000,75,100000,48957.5,99944.0
200,2000,80,80000,38819.0,109512.0
200,2000,85,60000,28915.5,100302.5
200,2000,90,40000,18337.0,99947.5
200,2000,95,20000,10781.5,109403.0
200,2000,99,4000,2590.0,99372.5
200,1250,0,250000,134454.0,52838.5
200,1250,20,200000,116813.5,58043.0
200,1250,40,150000,74371.0,51924.0
200,1250,50,125000,64367.0,52227.0
200,1250,75,62500,28874.0,52969.0
200,1250,80,50000,28290.0,58899.5
200,1250,85,37500,21059.0,59228.0
200,1250,90,25000,13784.5,52607.0
200,1250,95,12500,7240.0,52977.0
200,1250,99,2500,2051.0,54609.0
200,1000,0,200000,95634.0,39171.5
200,1000,20,160000,92287.0,43249.0
200,1000,40,120000,58907.5,36212.5
200,1000,50,100000,57224.5,36790.0
200,1000,75,50000,24459.5,38410.5
200,1000,80,40000,19187.0,38657.5
200,1000,85,30000,16636.5,41682.0
200,1000,90,20000,9930.0,36224.0
200,1000,95,10000,5942.0,45533.0
200,1000,99,2000,2268.5,35743.0
200,625,0,125000,71399.0,18518.0
200,625,20,100000,52787.5,18494.5
200,625,40,75000,34769.0,23603.5
200,625,50,62500,35399.5,22947.0
200,625,75,31250,17865.5,20768.0
200,625,80,25000,13613.0,19675.0
200,625,85,18750,10121.5,23841.0
200,625,90,12500,7054.5,23029.5
200,625,95,6250,4144.0,23546.5
200,625,99,1250,1899.0,18595.0
200,500,0,100000,48458.5,14732.5
200,500,20,80000,38885.5,19380.0
200,500,40,60000,28920.0,19255.0
200,500,50,50000,28316.0,16892.0
200,500,75,25000,13844.5,14827.0
200,500,80,20000,11584.5,16923.5
200,500,85,15000,8754.0,16890.5
200,500,90,10000,6075.0,16906.5
200,500,95,5000,3648.0,19308.5
200,500,99,1000,1735.0,15868.5
200,400,0,80000,36665.0,15742.5
200,400,20,64000,29585.0,15143.5
200,400,40,48000,27834.0,15194.0
200,400,50,40000,18405.0,15642.5
200,400,75,20000,11694.5,13209.0
200,400,80,16000,9146.5,12085.0
200,400,85,12000,7259.0,13513.5
200,400,90,8000,4328.0,15185.0
200,400,95,4000,2596.0,15239.5
200,400,99,800,1676.0,13793.0
200,250,0,50000,25615.5,8641.0
200,250,20,40000,23155.0,10071.0
200,250,40,30000,17306.0,8061.5
200,250,50,25000,14258.5,8696.0
200,250,75,12500,7650.0,8624.0
200,250,80,10000,5316.5,9947.0
200,250,85,7500,4107.0,8584.0
200,250,90,5000,2895.0,9094.0
200,250,95,2500,2443.0,10045.5
200,250,99,500,1613.0,9963.0
200,200,0,40000,17831.0,8610.0
200,200,20,32000,18181.5,7550.5
200,200,40,24000,13500.5,8470.5
200,200,50,20000,11464.5,6617.0
200,200,75,10000,6048.5,7593.5
200,200,80,8000,5278.0,6629.0
200,200,85,6000,4066.5,7813.5
200,200,90,4000,2969.5,6645.0
200,200,95,2000,2273.5,7908.0
200,200,99,400,1401.0,8255.0
200,125,0,25000,12736.0,4962.0
200,125,20,20000,11200.0,5701.0
200,125,40,15000,8533.5,4585.0
200,125,50,12500,7950.5,4578.5
200,125,75,6250,4273.5,4923.0
200,125,80,5000,3523.0,5899.0
200,125,85,3750,3093.5,4613.0
200,125,90,2500,2081.0,5810.5
200,125,95,1250,1871.0,4825.0
200,125,99,250,1417.0,4732.0
200,100,0,20000,10360.5,4495.5
200,100,20,16000,7765.0,5087.0
200,100,40,12000,5965.0,5134.5
200,100,50,10000,5946.0,4851.0
200,100,75,5000,3398.5,4404.5
200,100,80,4000,3139.5,4928.5
200,100,85,3000,2305.5,5029.5
200,100,90,2000,2157.0,5127.5
200,100,95,1000,1417.0,5121.0
200,100,99,200,1265.0,4977.5
200,80,0,16000,8599.0,3734.5
200,80,20,12800,6819.0,3745.0
200,80,40,9600,6343.5,3859.5
200,80,50,8000,4388.5,3672.0
200,80,75,4000,2807.5,4146.5
200,80,80,3200,2278.5,4234.0
200,80,85,2400,1960.0,4355.0
200,80,90,1600,2001.0,4218.0
200,80,95,800,1654.0,4191.0
200,80,99,160,1421.0,4246.5
200,50,0,10000,5973.0,2814.5
200,50,20,8000,5320.0,3278.0
200,50,40,6000,4214.0,3289.0
200,50,50,5000,3886.0,2810.0
200,50,75,2500,2462.0,2727.5
200,50,80,2000,1815.0,3272.0
200,50,85,1500,2032.0,3292.0
200,50,90,1000,1423.0,3271.0
200,50,95,500,1507.5,2960.5
200,50,99,100,1393.0,2737.0
200,40,0,8000,5201.5,2494.5
200,40,20,6400,4469.0,2425.0
200,40,40,4800,3476.0,2447.5
200,40,50,4000,2903.0,2418.0
200,40,75,2000,1835.0,3095.0
200,40,80,1600,1642.0,3001.5
200,40,85,1200,1517.0,2970.0
200,40,90,800,1361.0,2596.5
200,40,95,400,1241.0,3097.0
200,40,99,80,1122.0,3077.0
200,25,0,5000,3082.5,2113.0
200,25,20,4000,2650.5,2386.0
200,25,40,3000,2253.5,1931.0
200,25,50,2500,2160.5,2292.0
200,25,75,1250,1701.5,2364.0
200,25,80,1000,1628.5,2293.0
200,25,85,750,1482.5,1878.0
200,25,90,500,1549.0,1930.0
200,25,95,250,1436.0,1912.0
200,25,99,50,1401.0,1944.0
200,20,0,4000,3204.0,1764.0
200,20,20,3200,2592.0,1746.0
200,20,40,2400,2514.0,1852.5
200,20,50,2000,2234.0,2186.0
200,20,75,1000,1465.5,2165.5
200,20,80,800,1384.5,2188.0
200,20,85,600,1528.0,2167.5
200,20,90,400,1483.5,2188.0
200,20,95,200,1165.0,1953.5
200,20,99,40,1120.0,2176.0
200,16,0,3200,2875.0,1741.0
200,16,20,2560,2462.0,1886.5
200,16,40,1920,2218.0,1553.0
200,16,50,1600,2084.0,1596.5
200,16,75,800,1671.0,1632.0
200,16,80,640,1408.5,1882.0
200,16,85,480,1571.0,1534.0
200,16,90,320,1495.0,1548.0
200,16,95,160,1233.0,1726.5
200,16,99,32,1243.5,1908.0
200,10,0,2000,1995.0,1618.0
200,10,20,1600,1669.0,1592.0
200,10,40,1200,1541.0,1643.0
200,10,50,1000,1748.5,1473.5
200,10,75,500,1577.0,1597.0
200,10,80,400,1299.0,1253.0
200,10,85,300,1198.0,1443.0
200,10,90,200,1199.0,1616.0
200,10,95,100,1127.0,1528.0
200,10,99,20,1102.0,1439.5
200,8,0,1600,1676.0,1505.0
200,8,20,1280,1921.0,1493.0
200,8,40,960,1752.0,1346.5
200,8,50,800,1736.0,1272.0
200,8,75,400,1479.0,1437.0
200,8,80,320,1464.5,1273.0
200,8,85,240,1377.0,1579.5
200,8,90,160,1202.0,1404.5
200,8,95,80,1217.0,1531.0
200,8,99,16,1243.0,1503.0
200,5,0,1000,1644.5,1351.0
200,5,20,800,1644.0,1373.0
200,5,40,600,1552.5,1380.5
200,5,50,500,1535.0,1248.0
200,5,75,250,1356.0,1181.0
200,5,80,200,1260.0,1241.0
200,5,85,150,1404.0,1387.0
200,5,90,100,1336.0,1182.5
200,5,95,50,1381.0,1369.0
200,5,99,10,1330.0,1220.0
200,4,0,800,1683.0,1338.0
200,4,20,640,1644.5,1114.0
200,4,40,480,1418.5,1378.5
200,4,50,400,1517.0,1295.0
200,4,75,200,1411.0,1280.0
200,4,80,160,1414.0,1179.0
200,4,85,120,1339.0,1217.5
200,4,90,80,1241.0,1339.0
200,4,95,40,1378.0,1315.0
200,4,99,8,1313.5,1154.0
200,2,0,400,1225.5,1249.0
200,2,20,320,1319.0,1272.0
200,2,40,240,1431.0,1225.0
200,2,50,200,1440.0,1288.0
200,2,75,100,1413.0,1121.0
200,2,80,80,1397.0,1206.0
200,2,85,60,1249.5,1256.0
200,2,90,40,1362.0,1268.0
200,2,95,20,1227.0,1190.0
200,2,99,4,1374.0,1287.0
200,1,0,200,1336.0,1186.0
200,1,20,160,1450.0,1023.0
200,1,40,120,1389.0,1135.0
200,1,50,100,1427.0,1021.0
200,1,75,50,1277.0,1228.0
200,1,80,40,1272.5,1231.5
200,1,85,30,1282.0,1248.0
200,1,90,20,1444.0,1238.0
200,1,95,10,1236.0,1211.0
200,1,99,2,1249.0,1195.0
125,5000,0,625000,363657.0,180399.5
125,5000,20,500000,271140.5,180967.0
125,5000,40,375000,222079.0,180316.5
125,5000,50,312500,188843.5,183626.5
125,5000,75,156250,92894.0,180361.0
125,5000,80,125000,72810.0,183438.5
125,5000,85,93750,50134.5,180505.0
125,5000,90,62500,33547.0,171956.0
125,5000,95,31250,15493.0,183482.5
125,5000,99,6250,4189.5,180924.0
125,2500,0,312500,182215.5,83622.5
125,2500,20,250000,146097.0,83853.5
125,2500,40,187500,101503.0,83689.0
125,2500,50,156250,91068.5,84308.5
125,2500,75,78125,41703.0,75105.5
125,2500,80,62500,37055.0,77261.5
125,2500,85,46875,26884.0,84216.0
125,2500,90,31250,15396.0,82815.5
125,2500,95,15625,7138.0,75815.0
125,2500,99,3125,2178.5,79238.0
125,2000,0,250000,126382.5,60997.0
125,2000,20,200000,101016.5,58944.5
125,2000,40,150000,89410.0,61946.5
125,2000,50,125000,72257.0,62202.0
125,2000,75,62500,29316.0,53536.0
125,2000,80,50000,26574.0,57344.5
125,2000,85,37500,19960.0,60504.5
125,2000,90,25000,14338.5,61349.5
125,2000,95,12500,6831.5,54667.0
125,2000,99,2500,1914.0,62569.5
125,1250,0,156250,77559.5,33012.0
125,1250,20,125000,61338.0,31677.0
125,1250,40,93750,46262.0,34847.5
125,1250,50,78125,38355.5,34054.0
125,1250,75,39062,22373.0,26515.0
125,1250,80,31250,18416.0,30847.5
125,1250,85,23437,10709.0,30293.5
125,1250,90,15625,6736.0,33777.5
125,1250,95,7812,4686.0,28049.0
125,1250,99,1562,1668.0,29780.0
125,1000,0,125000,61555.0,26591.5
125,1000,20,100000,53309.0,23079.5
125,1000,40,75000,43011.0,20745.0
125,1000,50,62500,37039.0,21504.0
125,1000,75,31250,16603.5,23836.0
125,1000,80,25000,14188.0,26112.5
125,1000,85,18750,8436.0,26626.0
125,1000,90,12500,6251.5,21754.5
125,1000,95,6250,3832.5,25955.5
125,1000,99,1250,1470.0,23491.5
125,625,0,78125,44592.0,13980.5
125,625,20,62500,35909.0,12927.0
125,625,40,46875,21905.0,16163.0
125,625,50,39062,19116.5,16335.0
125,625,75,19531,11237.5,14829.0
125,625,80,15625,8362.0,13043.5
125,625,85,11718,6040.5,12853.0
125,625,90,7812,4626.0,16787.0
125,625,95,3906,2626.5,14987.5
125,625,99,781,1577.0,16660.0
125,500,0,62500,30398.5,13765.5
125,500,20,50000,28815.0,10607.0
125,500,40,37500,22050.0,10550.0
125,500,50,31250,16532.0,10721.5
125,500,75,15625,7165.5,13760.0
125,500,80,12500,6482.0,13279.5
125,500,85,9375,5380.5,13270.0
125,500,90,6250,3278.0,12320.0
125,500,95,3125,2134.5,13616.5
125,500,99,625,1235.0,10532.0
125,400,0,50000,26204.5,9472.5
125,400,20,40000,19545.0,8544.0
125,400,40,30000,14650.0,10829.5
125,400,50,25000,11648.0,11033.5
125,400,75,12500,6505.0,9974.0
125,400,80,10000,5069.5,11017.5
125,400,85,7500,4128.0,10131.5
125,400,90,5000,3258.5,8709.0
125,400,95,2500,2373.5,10926.5
125,400,99,500,1388.0,10025.0
125,250,0,31250,17039.0,6395.5
125,250,20,25000,12279.0,7623.0
125,250,40,18750,10780.5,6438.5
125,250,50,15625,8558.5,7365.0
125,250,75,7812,4858.0,6714.5
125,250,80,6250,4214.0,6783.0
125,250,85,4687,3456.0,6310.5
125,250,90,3125,2708.0,6382.5
125,250,95,1562,2010.0,5902.0
125,250,99,312,1428.0,6690.5
125,200,0,25000,13466.0,5368.0
125,200,20,20000,11472.0,4918.0
125,200,40,15000,7823.0,4916.5
125,200,50,12500,6348.0,5632.0
125,200,75,6250,3791.0,6350.0
125,200,80,5000,3224.0,6401.0
125,200,85,3750,3012.0,4984.5
125,200,90,2500,2039.0,6058.5
125,200,95,1250,1731.0,6406.0
125,200,99,250,1188.5,6302.0
125,125,0,15625,7035.0,4069.0
125,125,20,12500,5945.0,4400.0
125,125,40,9375,4848.5,4605.0
125,125,50,7812,4447.0,4639.0
125,125,75,3906,3183.0,3888.0
125,125,80,3125,2542.0,3892.5
125,125,85,2343,2157.0,3977.0
125,125,90,1562,2009.5,4041.0
125,125,95,781,1364.0,3820.0
125,125,99,156,1371.0,3887.5
125,100,0,12500,6752.5,3324.5
125,100,20,10000,4883.0,3184.5
125,100,40,7500,4944.5,3842.5
125,100,50,6250,4173.0,3622.0
125,100,75,3125,2684.0,3089.5
125,100,80,2500,2384.0,3036.0
125,100,85,1875,2134.0,3225.5
125,100,90,1250,1606.5,3331.5
125,100,95,625,1255.0,4012.0
125,100,99,125,1326.0,4132.5
125,80,0,10000,5122.0,3509.0
125,80,20,8000,5029.0,3534.0
125,80,40,6000,4150.5,3320.0
125,80,50,5000,3646.0,2882.0
125,80,75,2500,2397.0,2926.5
125,80,80,2000,2223.0,3409.0
125,80,85,1500,2040.0,3107.0
125,80,90,1000,1762.5,3418.0
125,80,95,500,1503.5,3130.5
125,80,99,100,1396.5,2830.5
125,50,0,6250,4210.0,2195.5
125,50,20,5000,3686.0,2618.0
125,50,40,3750,2972.0,2220.5
125,50,50,3125,2707.0,2167.0
125,50,75,1562,1995.0,2406.0
125,50,80,1250,1775.0,2322.0
125,50,85,937,1716.0,2213.0
125,50,90,625,1228.0,2468.0
125,50,95,312,1284.0,2658.0
125,50,99,62,1064.0,2784.0
125,40,0,5000,2929.5,2398.0
125,40,20,4000,2537.0,2115.0
125,40,40,3000,2406.0,2406.0
125,40,50,2500,2058.0,1968.0
125,40,75,1250,1903.0,2216.0
125,40,80,1000,1652.5,2411.0
125,40,85,750,1656.0,1963.0
125,40,90,500,1544.0,2148.0
125,40,95,250,1144.0,2404.0
125,40,99,50,1331.0,2231.0
125,25,0,3125,2370.5,2001.0
125,25,20,2500,2198.0,1895.5
125,25,40,1875,1749.0,1620.0
125,25,50,1562,1709.0,1887.5
125,25,75,781,1348.0,1867.0
125,25,80,625,1568.5,1645.0
125,25,85,468,1374.5,1863.0
125,25,90,312,1196.0,1764.0
125,25,95,156,1345.0,1550.0
125,25,99,31,1118.0,1862.0
125,20,0,2500,2484.0,1789.0
125,20,20,2000,2172.0,1421.0
125,20,40,1500,1874.0,1719.0
125,20,50,1250,1848.0,1547.0
125,20,75,625,1272.0,1436.0
125,20,80,500,1407.0,1705.0
125,20,85,375,1312.5,1746.0
125,20,90,250,1199.0,1814.0
125,20,95,125,1165.0,1821.0
125,20,99,25,1256.0,1720.0
125,16,0,2000,2074.0,1306.0
125,16,20,1600,2058.0,1622.5
125,16,40,1200,1878.0,1505.5
125,16,50,1000,1390.0,1345.0
125,16,75,500,1488.0,1654.0
125,16,80,400,1156.0,1551.5
125,16,85,300,1182.0,1616.0
125,16,90,200,1097.0,1518.5
125,16,95,100,1345.0,1648.0
125,16,99,20,1015.0,1544.0
125,10,0,1250,1489.0,1309.0
125,10,20,1000,1455.0,1440.5
125,10,40,750,1466.0,1499.0
125,10,50,625,1405.0,1437.5
125,10,75,312,1172.0,1489.0
125,10,80,250,1142.0,1484.0
125,10,85,187,1274.0,1475.0
125,10,90,125,1078.0,1534.0
125,10,95,62,1204.0,1498.0
125,10,99,12,1095.0,1522.0
125,8,0,1000,1380.5,1353.0
125,8,20,800,1523.5,1475.0
125,8,40,600,1302.0,1336.0
125,8,50,500,1233.5,1389.0
125,8,75,250,1258.0,1281.0
125,8,80,200,1303.0,1396.0
125,8,85,150,1131.0,1288.0
125,8,90,100,1233.0,1348.0
125,8,95,50,1089.0,1396.0
125,8,99,10,1037.0,1177.0
125,5,0,625,1348.0,1130.5
125,5,20,500,1220.0,1182.0
125,5,40,375,1345.5,1283.0
125,5,50,312,1398.5,1299.0
125,5,75,156,1261.0,1097.0
125,5,80,125,1092.0,1030.0
125,5,85,93,1132.0,1065.0
125,5,90,62,1361.0,979.0
125,5,95,31,1041.0,987.0
125,5,99,6,1032.0,1259.0
125,4,0,500,1209.0,1123.0
125,4,20,400,1333.0,1012.0
125,4,40,300,1166.5,995.0
125,4,50,250,1147.0,973.0
125,4,75,125,1019.0,1130.5
125,4,80,100,1153.0,1282.0
125,4,85,75,1307.0,1036.5
125,4,90,50,1109.0,1004.0
125,4,95,25,1043.0,1234.5
125,4,99,5,1027.0,1076.0
125,2,0,250,1402.0,1107.0
125,2,20,200,1148.0,964.5
125,2,40,150,1138.0,1022.0
125,2,50,125,1366.0,943.0
125,2,75,62,1081.5,1127.0
125,2,80,50,1307.5,1009.0
125,2,85,37,1090.5,975.0
125,2,90,25,1072.0,952.0
125,2,95,12,1042.0,984.0
125,2,99,2,1132.0,1029.0
125,1,0,125,1134.0,1139.5
125,1,20,100,1075.0,956.0
125,1,40,75,1057.0,1160.0
125,1,50,62,1012.0,989.0
125,1,75,31,1042.0,955.5
125,1,80,25,979.0,931.0
125,1,85,18,1063.0,1074.5
125,1,90,12,1001.5,967.5
125,1,95,6,1053.5,985.0
125,1,99,1,958.0,1022.0
100,5000,0,500000,251137.5,125650.5
100,5000,20,400000,193124.0,125668.0
100,5000,40,300000,148736.0,125408.0
100,5000,50,250000,122728.5,125595.0
100,5000,75,125000,60424.0,126726.0
100,5000,80,100000,47630.0,124974.0
100,5000,85,75000,35681.0,125835.5
100,5000,90,50000,23956.5,126173.0
100,5000,95,25000,12136.0,125581.0
100,5000,99,5000,3016.0,126341.0
100,2500,0,250000,121097.5,52224.5
100,2500,20,200000,96402.0,52215.0
100,2500,40,150000,89712.0,52897.0
100,2500,50,125000,59561.0,50930.5
100,2500,75,62500,33374.5,53421.0
100,2500,80,50000,23681.5,53105.5
100,2500,85,37500,17814.5,52813.0
100,2500,90,25000,11890.0,51803.0
100,2500,95,12500,5695.0,52601.5
100,2500,99,2500,1938.0,50894.5
100,2000,0,200000,97491.5,36047.0
100,2000,20,160000,76757.5,35432.0
100,2000,40,120000,56970.5,38658.5
100,2000,50,100000,47297.5,36360.0
100,2000,75,50000,24782.0,34342.0
100,2000,80,40000,18929.0,36333.5
100,2000,85,30000,14898.0,35628.0
100,2000,90,20000,9490.0,37225.5
100,2000,95,10000,4580.0,36849.0
100,2000,99,2000,2213.0,36482.0
100,1250,0,125000,61715.0,20995.5
100,1250,20,100000,47254.0,20611.5
100,1250,40,75000,35325.5,18440.5
100,1250,50,62500,37182.0,25400.0
100,1250,75,31250,16767.5,20264.5
100,1250,80,25000,11907.0,18858.0
100,1250,85,18750,8733.0,22198.5
100,1250,90,12500,6930.0,19672.5
100,1250,95,6250,3299.0,21143.0
100,1250,99,1250,1520.5,18918.5
100,1000,0,100000,46930.5,16173.0
100,1000,20,80000,37666.0,16776.0
100,1000,40,60000,29633.0,14953.0
100,1000,50,50000,23676.0,16172.0
100,1000,75,25000,11794.0,17109.0
100,1000,80,20000,9460.0,14962.5
100,1000,85,15000,6895.0,14692.5
100,1000,90,10000,4580.0,15641.0
100,1000,95,5000,2822.0,16722.5
100,1000,99,1000,1737.0,18669.0
100,625,0,62500,29260.0,10685.0
100,625,20,50000,23555.0,9880.0
100,625,40,37500,17692.0,12251.5
100,625,50,31250,18041.0,10579.0
100,625,75,15625,8304.5,10620.0
100,625,80,12500,5909.0,12172.0
100,625,85,9375,4675.0,9785.0
100,625,90,6250,3253.5,10575.5
100,625,95,3125,2827.0,10004.0
100,625,99,625,1277.0,9736.0
100,500,0,50000,23435.5,10083.5
100,500,20,40000,18451.0,10089.5
100,500,40,30000,14158.0,10057.0
100,500,50,25000,11866.0,10064.0
100,500,75,12500,6430.5,8082.5
100,500,80,10000,4860.0,8807.0
100,500,85,7500,3685.0,10104.0
100,500,90,5000,2799.0,8690.0
100,500,95,2500,1906.0,10168.0
100,500,99,500,1195.0,8055.0
100,400,0,40000,19628.5,6888.5
100,400,20,32000,15876.0,6719.0
100,400,40,24000,11355.0,6704.0
100,400,50,20000,9987.5,6696.5
100,400,75,10000,4860.5,6723.0
100,400,80,8000,4062.0,7762.0
100,400,85,6000,3920.5,6661.0
100,400,90,4000,2616.0,8369.0
100,400,95,2000,1745.0,6787.5
100,400,99,400,1154.5,6672.0
100,250,0,25000,13770.5,4605.0
100,250,20,20000,9721.5,5745.5
100,250,40,15000,6983.0,4703.5
100,250,50,12500,5979.5,5283.5
100,250,75,6250,3985.0,5300.0
100,250,80,5000,3486.5,5105.5
100,250,85,3750,2511.0,4653.0
100,250,90,2500,2037.0,4606.0
100,250,95,1250,1479.0,4661.0
100,250,99,250,1166.0,4562.0
100,200,0,20000,9043.0,3934.0
100,200,20,16000,9098.0,3999.0
100,200,40,12000,6745.5,5230.0
100,200,50,10000,4870.0,4273.5
100,200,75,5000,2903.0,4340.5
100,200,80,4000,2566.0,4029.0
100,200,85,3000,2098.0,3989.0
100,200,90,2000,1712.0,4381.0
100,200,95,1000,1395.0,4965.5
100,200,99,200,1110.0,3944.0
100,125,0,12500,6444.5,3778.0
100,125,20,10000,4836.5,2988.5
100,125,40,7500,4842.0,3738.5
100,125,50,6250,3394.0,3096.0
100,125,75,3125,2718.5,3749.0
100,125,80,2500,2073.0,2895.0
100,125,85,1875,1740.0,2928.0
100,125,90,1250,1500.0,2975.0
100,125,95,625,1431.0,2971.0
100,125,99,125,1314.0,3434.0
100,100,0,10000,5031.0,2766.0
100,100,20,8000,4758.0,2823.0
100,100,40,6000,3408.0,2822.0
100,100,50,5000,3012.0,2723.0
100,100,75,2500,2327.0,2842.0
100,100,80,2000,2128.0,3349.0
100,100,85,1500,1719.0,2729.0
100,100,90,1000,1552.0,2864.0
100,100,95,500,1196.0,2758.5
100,100,99,100,1112.5,2890.0
100,80,0,8000,4186.5,2410.0
100,80,20,6400,3785.0,2411.0
100,80,40,4800,3165.0,2406.0
100,80,50,4000,2800.0,2383.0
100,80,75,2000,1972.0,2435.0
100,80,80,1600,1816.5,2423.0
100,80,85,1200,1605.0,2425.0
100,80,90,800,1444.0,2403.0
100,80,95,400,1196.0,2397.0
100,80,99,80,1045.0,2663.5
100,50,0,5000,2972.0,2090.0
100,50,20,4000,2862.5,1872.0
100,50,40,3000,2196.0,1819.5
100,50,50,2500,1877.5,1986.0
100,50,75,1250,1479.0,1956.0
100,50,80,1000,1354.0,1912.0
100,50,85,750,1275.0,2096.0
100,50,90,500,1375.0,1905.0
100,50,95,250,1110.0,1947.0
100,50,99,50,1070.0,1878.0
100,40,0,4000,2565.0,1824.5
100,40,20,3200,2262.0,2189.0
100,40,40,2400,2318.5,1730.0
100,40,50,2000,1784.0,1811.5
100,40,75,1000,1408.0,2095.0
100,40,80,800,1388.0,1771.0
100,40,85,600,1684.0,1795.0
100,40,90,400,1180.0,1849.0
100,40,95,200,1148.5,1750.0
100,40,99,40,1089.0,1757.0
100,25,0,2500,1933.0,1475.0
100,25,20,2000,1841.0,1629.0
100,25,40,1500,2002.0,1594.0
100,25,50,1250,1500.5,1609.5
100,25,75,625,1250.0,1458.0
100,25,80,500,1261.0,1485.0
100,25,85,375,1241.5,1406.0
100,25,90,250,1287.0,1505.0
100,25,95,125,1081.0,1443.0
100,25,99,25,978.0,1473.5
100,20,0,2000,1718.0,1442.0
100,20,20,1600,1605.0,1392.0
100,20,40,1200,1820.0,1325.0
100,20,50,1000,1417.0,1303.0
100,20,75,500,1290.5,1332.0
100,20,80,400,1177.0,1314.0
100,20,85,300,1221.0,1594.0
100,20,90,200,1128.0,1420.0
100,20,95,100,1312.0,1528.0
100,20,99,20,1095.5,1291.0
100,16,0,1600,1830.0,1563.0
100,16,20,1280,1711.0,1319.0
100,16,40,960,1347.0,1287.0
100,16,50,800,1386.5,1362.0
100,16,75,400,1184.0,1306.0
100,16,80,320,1140.5,1246.0
100,16,85,240,1121.0,1248.0
100,16,90,160,1019.0,1168.5
100,16,95,80,1078.0,1530.5
100,16,99,16,1268.0,1560.5
100,10,0,1000,1407.0,1092.5
100,10,20,800,1311.0,1106.0
100,10,40,600,1244.0,1111.0
100,10,50,500,1250.0,1386.0
100,10,75,250,1067.0,1131.0
100,10,80,200,1124.0,1108.0
100,10,85,150,1104.0,1246.0
100,10,90,100,1084.0,1413.5
100,10,95,50,1077.0,1179.5
100,10,99,10,1191.0,1251.0
100,8,0,800,1331.5,1107.5
100,8,20,640,1472.0,1267.0
100,8,40,480,1328.0,1089.0
100,8,50,400,1199.5,1098.5
100,8,75,200,1306.0,1155.0
100,8,80,160,1091.0,1130.0
100,8,85,120,1146.0,1245.0
100,8,90,80,1087.5,1186.5
100,8,95,40,1112.0,1291.0
100,8,99,8,1020.0,1219.0
100,5,0,500,1226.0,1104.0
100,5,20,400,1176.0,1060.0
100,5,40,300,1142.0,1276.5
100,5,50,250,1112.0,1256.0
100,5,75,125,1089.5,1062.0
100,5,80,100,1069.0,1010.0
100,5,85,75,1310.0,1297.0
100,5,90,50,1264.0,1040.0
100,5,95,25,1008.0,991.0
100,5,99,5,1216.5,1091.0
100,4,0,400,1158.0,1026.0
100,4,20,320,1102.0,1040.0
100,4,40,240,1133.0,1179.0
100,4,50,200,1266.0,1044.0
100,4,75,100,1062.0,1241.0
100,4,80,80,1189.0,983.0
100,4,85,60,1082.0,991.0
100,4,90,40,999.0,1045.0
100,4,95,20,1009.0,957.0
100,4,99,4,1035.0,1040.0
100,2,0,200,1060.0,990.0
100,2,20,160,1273.5,1156.0
100,2,40,120,1128.0,988.0
100,2,50,100,1233.0,957.0
100,2,75,50,1088.0,989.0
100,2,80,40,1001.0,986.0
100,2,85,30,1081.0,1089.0
100,2,90,20,1118.0,942.0
100,2,95,10,1010.0,990.0
100,2,99,2,1194.0,1180.0
100,1,0,100,1059.0,956.0
100,1,20,80,1254.0,934.0
100,1,40,60,1053.0,941.0
100,1,50,50,1067.0,1132.0
100,1,75,25,1065.0,940.0
100,1,80,20,1092.0,996.0
100,1,85,15,1201.0,973.0
100,1,90,10,1000.0,949.0
100,1,95,5,1038.0,965.0
100,1,99,1,984.0,1016.0
80,5000,0,400000,192571.0,104633.5
80,5000,20,320000,154608.0,103422.0
80,5000,40,240000,119023.5,105200.0
80,5000,50,200000,110343.0,105342.5
80,5000,75,100000,53921.0,105127.5
80,5000,80,80000,38387.0,105691.5
80,5000,85,60000,30095.5,104075.5
80,5000,90,40000,20261.5,106334.5
80,5000,95,20000,10358.5,103611.0
80,5000,99,4000,2874.0,104755.0
80,2500,0,200000,100710.5,35036.5
80,2500,20,160000,80320.0,33621.5
80,2500,40,120000,59863.5,32090.5
80,2500,50,100000,48393.5,33283.0
80,2500,75,50000,26839.0,34680.0
80,2500,80,40000,20048.0,36482.5
80,2500,85,30000,14371.0,37326.5
80,2500,90,20000,10199.0,33409.0
80,2500,95,10000,5255.0,36712.0
80,2500,99,2000,2198.0,35816.5
80,2000,0,160000,76577.0,25791.0
80,2000,20,128000,62383.0,25224.0
80,2000,40,96000,45959.5,29000.5
80,2000,50,80000,37929.0,27360.5
80,2000,75,40000,19158.0,27319.5
80,2000,80,32000,15296.0,27353.0
80,2000,85,24000,11563.0,25430.0
80,2000,90,16000,7783.0,25826.0
80,2000,95,8000,3880.0,26032.0
80,2000,99,1600,1646.0,26265.0
80,1250,0,100000,49248.0,17586.0
80,1250,20,80000,38525.5,15881.5
80,1250,40,60000,32127.5,15825.0
80,1250,50,50000,23809.0,17351.0
80,1250,75,25000,12080.0,18352.0
80,1250,80,20000,9700.0,15925.0
80,1250,85,15000,8177.0,17174.0
80,1250,90,10000,4610.0,18049.5
80,1250,95,5000,2808.0,17174.0
80,1250,99,1000,1401.0,15932.0
80,1000,0,80000,42560.0,12695.5
80,1000,20,64000,30326.5,12901.5
80,1000,40,48000,25409.0,13959.0
80,1000,50,40000,20064.0,14339.0
80,1000,75,20000,10126.0,12849.0
80,1000,80,16000,8683.0,12902.0
80,1000,85,12000,5741.0,12977.0
80,1000,90,8000,4450.0,13984.5
80,1000,95,4000,2412.5,14742.0
80,1000,99,800,1366.5,12975.5
80,625,0,50000,23677.5,9747.5
80,625,20,40000,19198.0,9722.5
80,625,40,30000,14547.5,9333.5
80,625,50,25000,13605.0,9342.0
80,625,75,12500,6724.5,8519.0
80,625,80,10000,4905.0,9295.0
80,625,85,7500,3940.0,8542.0
80,625,90,5000,3531.0,8493.0
80,625,95,2500,1895.5,8553.5
80,625,99,500,1177.0,8578.0
80,500,0,40000,18945.0,7193.0
80,500,20,32000,16119.0,7341.5
80,500,40,24000,11519.0,7341.0
80,500,50,20000,9758.0,7362.0
80,500,75,10000,4737.0,8720.5
80,500,80,8000,4036.5,7346.0
80,500,85,6000,3565.0,7301.5
80,500,90,4000,3022.0,7527.0
80,500,95,2000,2086.0,8105.0
80,500,99,400,1280.5,7378.0
80,400,0,32000,15916.5,6207.5
80,400,20,25600,12324.0,6320.5
80,400,40,19200,10570.0,6112.5
80,400,50,16000,7873.5,6355.0
80,400,75,8000,4217.0,6166.0
80,400,80,6400,3351.0,6230.0
80,400,85,4800,2855.0,6751.5
80,400,90,3200,2463.0,6198.5
80,400,95,1600,1619.0,6078.0
80,400,99,320,1070.0,6154.5
80,250,0,20000,9251.0,4115.0
80,250,20,16000,7733.0,4169.0
80,250,40,12000,5744.0,4170.0
80,250,50,10000,5565.0,4639.0
80,250,75,5000,3317.0,4231.5
80,250,80,4000,2492.0,4966.0
80,250,85,3000,2139.0,4678.0
80,250,90,2000,1721.0,4597.0
80,250,95,1000,1574.0,4277.0
80,250,99,200,1220.0,5126.0
80,200,0,16000,8286.0,3590.0
80,200,20,12800,6539.0,3616.0
80,200,40,9600,5344.0,3620.0
80,200,50,8000,4211.0,3597.0
80,200,75,4000,2822.0,3575.0
80,200,80,3200,2165.0,3589.0
80,200,85,2400,1855.0,3556.0
80,200,90,1600,1565.0,3600.0
80,200,95,800,1318.0,3585.0
80,200,99,160,1026.0,3581.0
80,125,0,10000,4892.5,2650.0
80,125,20,8000,4643.0,2627.0
80,125,40,6000,3482.5,2642.0
80,125,50,5000,2934.0,2668.0
80,125,75,2500,1823.0,2611.0
80,125,80,2000,1772.0,3061.5
80,125,85,1500,1583.0,2706.0
80,125,90,1000,1407.0,2589.0
80,125,95,500,1320.5,2556.0
80,125,99,100,1048.0,2603.0
80,100,0,8000,4040.0,2697.5
80,100,20,6400,3753.0,2828.5
80,100,40,4800,2985.0,2435.0
80,100,50,4000,2588.0,2332.0
80,100,75,2000,1719.0,2363.0
80,100,80,1600,1595.0,2405.0
80,100,85,1200,1659.0,2440.0
80,100,90,800,1539.5,2371.0
80,100,95,400,1161.0,2329.0
80,100,99,80,1077.0,2607.0
80,80,0,6400,3620.0,2158.0
80,80,20,5120,3314.0,2096.0
80,80,40,3840,2556.0,2093.0
80,80,50,3200,2285.0,2085.0
80,80,75,1600,1583.0,2145.0
80,80,80,1280,1439.0,2273.5
80,80,85,960,1361.0,2143.0
80,80,90,640,1389.0,2033.0
80,80,95,320,1133.0,2344.0
80,80,99,64,1081.0,2093.0
80,50,0,4000,2606.0,1677.0
80,50,20,3200,2249.0,1703.5
80,50,40,2400,2177.0,1741.5
80,50,50,2000,1728.0,1647.5
80,50,75,1000,1375.0,1778.5
80,50,80,800,1508.0,1608.0
80,50,85,600,1322.0,1671.0
80,50,90,400,1160.0,1673.0
80,50,95,200,1073.0,1717.0
80,50,99,40,1158.0,1895.0
80,40,0,3200,2344.5,1698.0
80,40,20,2560,1956.0,1517.0
80,40,40,1920,1997.0,1730.0
80,40,50,1600,1614.0,1596.0
80,40,75,800,1366.0,1519.0
80,40,80,640,1475.0,1534.5
80,40,85,480,1287.0,1719.0
80,40,90,320,1145.0,1510.5
80,40,95,160,1077.0,1588.0
80,40,99,32,1225.0,1516.0
80,25,0,2000,1733.0,1316.0
80,25,20,1600,1572.0,1296.0
80,25,40,1200,1645.0,1277.0
80,25,50,1000,1454.0,1290.0
80,25,75,500,1330.5,1294.0
80,25,80,400,1155.0,1367.5
80,25,85,300,1242.0,1309.0
80,25,90,200,1118.0,1266.0
80,25,95,100,1077.0,1311.0
80,25,99,20,1021.0,1267.0
80,20,0,1600,1775.0,1442.0
80,20,20,1280,1377.0,1790.0
80,20,40,960,1332.0,1411.0
80,20,50,800,1279.0,1416.5
80,20,75,400,1174.0,1597.0
80,20,80,320,1352.0,1424.0
80,20,85,240,1132.0,1641.0
80,20,90,160,1127.0,1627.0
80,20,95,80,1056.5,1435.0
80,20,99,16,1202.0,1468.0
80,16,0,1280,1584.0,1344.0
80,16,20,1024,1639.0,1335.0
80,16,40,768,1493.0,1325.0
80,16,50,640,1552.0,1502.0
80,16,75,320,1144.0,1338.0
80,16,80,256,1105.0,1480.0
80,16,85,192,1097.0,1360.5
80,16,90,128,1270.0,1568.0
80,16,95,64,1283.0,1542.0
80,16,99,12,1011.0,1387.0
80,10,0,800,1595.0,1395.0
80,10,20,640,1323.0,1234.0
80,10,40,480,1214.0,1173.0
80,10,50,400,1155.0,1139.0
80,10,75,200,1162.0,1413.0
80,10,80,160,1098.5,1251.5
80,10,85,120,1086.0,1147.0
80,10,90,80,1151.0,1157.0
80,10,95,40,1213.0,1259.0
80,10,99,8,1011.0,1277.0
80,8,0,640,1385.5,1273.0
80,8,20,512,1355.5,1348.0
80,8,40,384,1360.0,1153.0
80,8,50,320,1143.0,1125.0
80,8,75,160,1286.0,1250.5
80,8,80,128,1118.0,1221.0
80,8,85,96,1161.0,1278.0
80,8,90,64,1253.0,1168.5
80,8,95,32,1099.0,1269.5
80,8,99,6,1259.0,1195.5
80,5,0,400,1334.0,1184.0
80,5,20,320,1145.0,1070.0
80,5,40,240,1125.5,1271.0
80,5,50,200,1115.0,1172.0
80,5,75,100,1084.0,1069.0
80,5,80,80,1067.0,1140.0
80,5,85,60,1086.0,1070.0
80,5,90,40,1043.5,1089.0
80,5,95,20,1274.0,1132.0
80,5,99,4,1236.0,1244.0
80,4,0,320,1123.0,1018.0
80,4,20,256,1183.0,1017.0
80,4,40,192,1106.0,1278.0
80,4,50,160,1155.0,1093.0
80,4,75,80,1081.0,1037.0
80,4,80,64,1038.0,1200.0
80,4,85,48,1040.0,1001.0
80,4,90,32,1081.0,1008.0
80,4,95,16,1104.0,1039.0
80,4,99,3,1096.0,1059.0
80,2,0,160,1285.0,1185.0
80,2,20,128,1083.0,974.0
80,2,40,96,1087.5,964.5
80,2,50,80,1059.0,981.0
80,2,75,40,1049.0,1016.0
80,2,80,32,1044.0,971.0
80,2,85,24,1030.0,980.0
80,2,90,16,1066.0,1023.0
80,2,95,8,1024.0,973.0
80,2,99,1,1001.0,976.0
80,1,0,80,1041.0,967.5
80,1,20,64,1085.0,946.0
80,1,40,48,1083.0,1013.0
80,1,50,40,1068.0,974.0
80,1,75,20,1014.0,943.0
80,1,80,16,1201.0,1162.0
80,1,85,12,1192.0,1148.0
80,1,90,8,1027.0,1025.0
80,1,95,4,1007.0,950.0
80,1,99,0,969.0,974.0
50,5000,0,250000,123687.5,47929.5
50,5000,20,200000,97338.0,49276.5
50,5000,40,150000,74192.0,49539.5
50,5000,50,125000,73794.5,47792.5
50,5000,75,62500,30235.0,48842.5
50,5000,80,50000,25508.5,49645.0
50,5000,85,37500,18456.5,48875.5
50,5000,90,25000,12486.0,50499.5
50,5000,95,12500,6867.0,48115.0
50,5000,99,2500,1986.0,50955.5
50,2500,0,125000,59479.0,21038.0
50,2500,20,100000,47764.0,20437.0
50,2500,40,75000,37392.0,20873.0
50,2500,50,62500,29896.0,21892.5
50,2500,75,31250,16077.5,20216.0
50,2500,80,25000,13941.0,20233.5
50,2500,85,18750,9347.0,20465.5
50,2500,90,12500,6491.0,20205.5
50,2500,95,6250,3996.0,21907.5
50,2500,99,1250,1466.0,20285.5
50,2000,0,100000,49728.0,18941.0
50,2000,20,80000,38545.5,19786.0
50,2000,40,60000,28731.0,17890.0
50,2000,50,50000,25196.0,17803.0
50,2000,75,25000,12347.0,16371.5
50,2000,80,20000,9945.0,16372.5
50,2000,85,15000,7659.0,16417.0
50,2000,90,10000,5501.0,17734.0
50,2000,95,5000,2807.0,16922.0
50,2000,99,1000,1569.0,16368.0
50,1250,0,62500,29818.0,12243.5
50,1250,20,50000,24018.0,10656.5
50,1250,40,37500,18186.0,11897.0
50,1250,50,31250,15271.0,10701.0
50,1250,75,15625,9720.0,10481.0
50,1250,80,12500,6437.0,11652.0
50,1250,85,9375,4854.0,12195.0
50,1250,90,6250,4012.0,10685.0
50,1250,95,3125,2206.0,10713.0
50,1250,99,625,1277.0,13422.5
50,1000,0,50000,25017.5,10066.0
50,1000,20,40000,19321.0,8782.0
50,1000,40,30000,16608.5,8776.0
50,1000,50,25000,13455.0,9501.0
50,1000,75,12500,6447.0,8797.5
50,1000,80,10000,5287.0,10031.5
50,1000,85,7500,4738.0,8793.5
50,1000,90,5000,2832.0,8906.0
50,1000,95,2500,1881.0,9480.0
50,1000,99,500,1196.0,10445.0
50,625,0,31250,16061.0,6264.0
50,625,20,25000,12435.0,7406.0
50,625,40,18750,9869.0,7347.5
50,625,50,15625,9020.5,6294.0
50,625,75,7812,4100.0,6350.0
50,625,80,6250,3277.5,6215.0
50,625,85,4687,2722.0,6332.0
50,625,90,3125,2162.0,6902.5
50,625,95,1562,1923.0,6272.0
50,625,99,312,1110.0,6330.0
50,500,0,25000,12223.0,6296.5
50,500,20,20000,10283.5,5217.5
50,500,40,15000,7658.0,5234.5
50,500,50,12500,6425.0,5157.0
50,500,75,6250,3419.0,5260.0
50,500,80,5000,2985.0,5228.5
50,500,85,3750,2654.0,5829.5
50,500,90,2500,2001.0,5298.0
50,500,95,1250,1470.5,5284.5
50,500,99,250,1053.0,5190.0
50,400,0,20000,9901.0,4389.5
50,400,20,16000,8033.0,4751.5
50,400,40,12000,6220.0,4735.0
50,400,50,10000,5240.0,4273.0
50,400,75,5000,3016.0,4376.0
50,400,80,4000,2559.0,4402.0
50,400,85,3000,2201.0,4360.0
50,400,90,2000,2046.0,4399.0
50,400,95,1000,1515.5,5173.5
50,400,99,200,1038.0,4518.5
50,250,0,12500,7801.0,3152.0
50,250,20,10000,5161.0,3091.0
50,250,40,7500,3931.0,3221.0
50,250,50,6250,3610.5,3419.0
50,250,75,3125,2281.0,3136.0
50,250,80,2500,2088.0,3703.0
50,250,85,1875,1745.0,3205.5
50,250,90,1250,1427.0,3690.0
50,250,95,625,1444.0,3663.5
50,250,99,125,1045.0,3404.0
50,200,0,10000,5021.0,2714.0
50,200,20,8000,4174.0,2822.0
50,200,40,6000,3244.0,2776.0
50,200,50,5000,3026.0,2767.0
50,200,75,2500,1938.0,2685.0
50,200,80,2000,1907.0,2760.0
50,200,85,1500,1499.0,2705.0
50,200,90,1000,1330.0,3445.0
50,200,95,500,1278.0,2855.0
50,200,99,100,1054.0,2677.5
50,125,0,6250,3782.0,2167.5
50,125,20,5000,3335.0,2126.0
50,125,40,3750,2582.0,2093.0
50,125,50,3125,2192.0,2310.0
50,125,75,1562,1709.0,2307.0
50,125,80,1250,1537.0,2098.0
50,125,85,937,1403.0,2057.0
50,125,90,625,1151.0,2105.0
50,125,95,312,1145.0,2353.0
50,125,99,62,1035.0,2096.0
50,100,0,5000,3004.0,1907.0
50,100,20,4000,2540.5,2130.0
50,100,40,3000,2284.0,1845.0
50,100,50,2500,1989.0,2100.0
50,100,75,1250,1425.0,1892.0
50,100,80,1000,1550.5,1881.0
50,100,85,750,1330.0,2009.5
50,100,90,500,1218.0,1972.0
50,100,95,250,1190.0,1865.0
50,100,99,50,1003.0,2084.0
50,80,0,4000,2642.0,1786.0
50,80,20,3200,2229.0,1703.0
50,80,40,2400,2320.0,1752.0
50,80,50,2000,1778.0,1788.0
50,80,75,1000,1405.0,1913.0
50,80,80,800,1319.0,1778.0
50,80,85,600,1253.0,1732.0
50,80,90,400,1177.0,1705.0
50,80,95,200,1310.0,1726.0
50,80,99,40,1050.0,1757.0
50,50,0,2500,1957.0,1423.0
50,50,20,2000,1752.0,1580.0
50,50,40,1500,1568.5,1525.5
50,50,50,1250,1514.0,1532.0
50,50,75,625,1215.5,1609.0
50,50,80,500,1192.0,1463.0
50,50,85,375,1096.0,1429.5
50,50,90,250,1072.0,1435.0
50,50,95,125,1043.5,1504.0
50,50,99,25,1034.5,1400.0
50,40,0,2000,1878.5,1368.0
50,40,20,1600,1621.0,1331.0
50,40,40,1200,1449.0,1360.5
50,40,50,1000,1394.0,1307.0
50,40,75,500,1441.0,1431.0
50,40,80,400,1120.0,1346.0
50,40,85,300,1063.0,1388.0
50,40,90,200,1096.5,1297.0
50,40,95,100,1307.0,1364.0
50,40,99,20,1080.0,1358.5
50,25,0,1250,1443.0,1190.0
50,25,20,1000,1401.0,1278.5
50,25,40,750,1493.0,1290.5
50,25,50,625,1222.0,1278.5
50,25,75,312,1193.0,1548.0
50,25,80,250,1080.0,1217.0
50,25,85,187,1071.0,1217.0
50,25,90,125,1066.0,1246.0
50,25,95,62,984.0,1271.0
50,25,99,12,1008.0,1194.0
50,20,0,1000,1398.0,1278.0
50,20,20,800,1359.0,1229.0
50,20,40,600,1187.0,1262.0
50,20,50,500,1239.0,1193.0
50,20,75,250,1064.0,1336.0
50,20,80,200,1203.0,1256.0
50,20,85,150,1117.0,1288.0
50,20,90,100,1048.0,1311.0
50,20,95,50,1064.5,1276.0
50,20,99,10,1006.0,1233.0
50,16,0,800,1299.0,1246.0
50,16,20,640,1230.5,1188.0
50,16,40,480,1450.0,1209.0
50,16,50,400,1216.0,1315.0
50,16,75,200,1024.0,1183.0
50,16,80,160,1118.0,1366.0
50,16,85,120,1211.5,1199.0
50,16,90,80,1228.0,1158.0
50,16,95,40,1022.0,1193.0
50,16,99,8,1145.0,1248.0
50,10,0,500,1464.0,1182.5
50,10,20,400,1193.0,1088.0
50,10,40,300,1116.5,1141.0
50,10,50,250,1098.0,1114.0
50,10,75,125,1072.5,1155.0
50,10,80,100,1095.0,1223.0
50,10,85,75,1181.0,1333.5
50,10,90,50,1049.0,1070.0
50,10,95,25,1203.0,1072.0
50,10,99,5,1125.0,1107.0
50,8,0,400,1084.0,1038.0
50,8,20,320,1165.0,1106.0
50,8,40,240,1070.0,1085.5
50,8,50,200,1075.0,1146.0
50,8,75,100,1062.0,1076.0
50,8,80,80,1060.0,1142.5
50,8,85,60,1166.0,1212.0
50,8,90,40,1060.5,1201.0
50,8,95,20,1135.5,1142.0
50,8,99,4,913.0,1071.0
50,5,0,250,1157.0,991.5
50,5,20,200,1215.0,1204.5
50,5,40,150,1030.0,1064.0
50,5,50,125,1032.0,1010.0
50,5,75,62,996.5,1010.0
50,5,80,50,1102.5,1068.0
50,5,85,37,996.0,992.0
50,5,90,25,978.0,1015.0
50,5,95,12,1255.0,1095.5
50,5,99,2,1169.0,1008.0
50,4,0,200,1079.0,1208.5
50,4,20,160,1208.0,1227.0
50,4,40,120,1047.0,1075.5
50,4,50,100,1030.0,993.0
50,4,75,50,1007.0,1087.0
50,4,80,40,1028.0,1009.0
50,4,85,30,1070.0,992.0
50,4,90,20,981.0,1005.5
50,4,95,10,1013.0,1105.5
50,4,99,2,969.0,950.0
50,2,0,100,1051.0,960.0
50,2,20,80,1166.5,957.0
50,2,40,60,1032.0,1145.0
50,2,50,50,1124.0,979.0
50,2,75,25,1104.0,983.0
50,2,80,20,998.0,994.0
50,2,85,15,1134.0,944.0
50,2,90,10,982.0,912.0
50,2,95,5,995.0,1090.0
50,2,99,1,958.5,957.0
50,1,0,50,1282.0,956.0
50,1,20,40,1121.5,946.0
50,1,40,30,1036.5,1073.0
50,1,50,25,1076.0,963.0
50,1,75,12,1040.0,992.0
50,1,80,10,1111.0,939.0
50,1,85,7,987.0,999.0
50,1,90,5,1115.0,961.0
50,1,95,2,1128.0,1010.0
50,1,99,0,1177.0,1027.0
40,5000,0,200000,100537.0,36522.5
40,5000,20,160000,81260.0,36858.0
40,5000,40,120000,58158.5,35077.5
40,5000,50,100000,50067.5,34146.0
40,5000,75,50000,25450.0,34414.5
40,5000,80,40000,20560.5,33711.5
40,5000,85,30000,14929.0,38422.0
40,5000,90,20000,10720.0,35792.5
40,5000,95,10000,5520.0,39512.5
40,5000,99,2000,1815.0,36183.0
40,2500,0,100000,50033.0,15923.0
40,2500,20,80000,40204.5,16005.0
40,2500,40,60000,30182.5,16004.0
40,2500,50,50000,27197.5,16109.0
40,2500,75,25000,14106.5,17219.5
40,2500,80,20000,10599.0,17536.5
40,2500,85,15000,7738.0,16125.5
40,2500,90,10000,5359.0,17286.0
40,2500,95,5000,2972.0,17302.5
40,2500,99,1000,1401.0,16222.0
40,2000,0,80000,39848.5,14814.0
40,2000,20,64000,30619.5,14541.5
40,2000,40,48000,24223.0,12996.0
40,2000,50,40000,20430.0,15615.5
40,2000,75,20000,10265.0,14136.5
40,2000,80,16000,8702.0,13017.0
40,2000,85,12000,6602.0,13008.0
40,2000,90,8000,5342.0,15027.0
40,2000,95,4000,2649.5,14030.5
40,2000,99,800,1315.0,14052.5
40,1250,0,50000,24049.0,9347.0
40,1250,20,40000,19424.0,8522.0
40,1250,40,30000,18135.0,8561.0
40,1250,50,25000,13924.0,8559.0
40,1250,75,12500,7371.0,9810.0
40,1250,80,10000,5263.0,8580.0
40,1250,85,7500,4014.5,8648.0
40,1250,90,5000,2970.0,9343.0
40,1250,95,2500,1887.0,8611.5
40,1250,99,500,1167.0,8475.0
40,1000,0,40000,20307.5,7635.0
40,1000,20,32000,15746.0,7655.5
40,1000,40,24000,12565.0,7487.0
40,1000,50,20000,10080.0,7314.5
40,1000,75,10000,5364.0,7515.5
40,1000,80,8000,4361.0,7205.0
40,1000,85,6000,3466.0,8227.0
40,1000,90,4000,2448.0,7625.5
40,1000,95,2000,1752.0,7478.5
40,1000,99,400,1239.0,7073.0
40,625,0,25000,13958.0,5028.5
40,625,20,20000,10616.5,5110.0
40,625,40,15000,8084.0,5003.0
40,625,50,12500,6597.0,5596.5
40,625,75,6250,4144.0,5092.5
40,625,80,5000,3317.5,5182.0
40,625,85,3750,2494.0,5144.0
40,625,90,2500,1998.0,5972.0
40,625,95,1250,1428.5,4948.0
40,625,99,250,1046.0,5238.0
40,500,0,20000,10025.0,4268.0
40,500,20,16000,8504.5,4212.0
40,500,40,12000,7177.0,4375.0
40,500,50,10000,6536.0,4272.0
40,500,75,5000,3146.0,4327.5
40,500,80,4000,2791.0,4732.0
40,500,85,3000,2165.0,4257.0
40,500,90,2000,1749.0,4288.5
40,500,95,1000,1463.5,4289.5
40,500,99,200,1141.0,4334.0
40,400,0,16000,9165.0,3979.0
40,400,20,12800,6961.0,3642.0
40,400,40,9600,5189.0,3539.0
40,400,50,8000,4340.0,3719.5
40,400,75,4000,2788.0,3683.5
40,400,80,3200,2442.0,3598.5
40,400,85,2400,2060.0,4422.0
40,400,90,1600,1737.0,3602.0
40,400,95,800,1293.0,4290.0
40,400,99,160,1063.0,3609.5
40,250,0,10000,5321.0,2674.0
40,250,20,8000,4378.5,2771.0
40,250,40,6000,3392.5,2724.0
40,250,50,5000,3246.0,2966.5
40,250,75,2500,1921.0,3122.5
40,250,80,2000,1599.0,3115.0
40,250,85,1500,1682.5,2960.0
40,250,90,1000,1324.0,2659.0
40,250,95,500,1186.0,2640.5
40,250,99,100,1075.0,2773.0
40,200,0,8000,4379.0,2361.0
40,200,20,6400,3609.5,2407.0
40,200,40,4800,2826.0,2483.0
40,200,50,4000,2679.0,2439.0
40,200,75,2000,1763.0,2895.0
40,200,80,1600,1612.0,2432.0
40,200,85,1200,1629.0,2376.0
40,200,90,800,1417.0,2393.0
40,200,95,400,1214.5,2369.0
40,200,99,80,1053.0,2351.0
40,125,0,5000,2963.5,1915.5
40,125,20,4000,2611.0,1904.0
40,125,40,3000,2144.0,1899.0
40,125,50,2500,2014.0,1968.0
40,125,75,1250,1412.5,2002.0
40,125,80,1000,1362.0,1852.0
40,125,85,750,1282.0,1942.0
40,125,90,500,1161.0,1869.0
40,125,95,250,1098.0,1866.0
40,125,99,50,975.0,1929.0
40,100,0,4000,2480.0,1790.0
40,100,20,3200,2718.0,1675.0
40,100,40,2400,1984.0,1672.0
40,100,50,2000,1768.0,1770.0
40,100,75,1000,1444.0,1655.0
40,100,80,800,1243.0,1689.5
40,100,85,600,1258.5,1892.0
40,100,90,400,1161.0,1683.0
40,100,95,200,1093.0,1578.0
40,100,99,40,1021.0,1737.5
40,80,0,3200,2330.0,1552.0
40,80,20,2560,1971.5,1525.0
40,80,40,1920,1764.0,1552.0
40,80,50,1600,1670.5,1509.0
40,80,75,800,1293.5,1491.0
40,80,80,640,1220.0,1759.0
40,80,85,480,1168.0,1526.0
40,80,90,320,1139.0,1736.0
40,80,95,160,1198.0,1535.5
40,80,99,32,1001.0,1510.0
40,50,0,2000,1920.0,1276.0
40,50,20,1600,1627.0,1272.0
40,50,40,1200,1448.0,1404.0
40,50,50,1000,1349.0,1210.0
40,50,75,500,1230.0,1266.0
40,50,80,400,1377.5,1286.0
40,50,85,300,1038.0,1272.0
40,50,90,200,1102.0,1307.0
40,50,95,100,984.0,1379.5
40,50,99,20,1013.0,1289.0
40,40,0,1600,1578.0,1253.0
40,40,20,1280,1475.0,1253.0
40,40,40,960,1385.0,1236.5
40,40,50,800,1280.0,1301.0
40,40,75,400,1135.0,1254.0
40,40,80,320,1134.5,1291.5
40,40,85,240,1089.0,1192.0
40,40,90,160,1137.0,1182.0
40,40,95,80,972.0,1224.0
40,40,99,16,921.0,1371.0
40,25,0,1000,1398.0,1285.0
40,25,20,800,1246.0,1102.0
40,25,40,600,1206.0,1176.5
40,25,50,500,1219.0,1157.0
40,25,75,250,1155.0,1166.0
40,25,80,200,1112.0,1213.0
40,25,85,150,1038.0,1078.0
40,25,90,100,995.0,1122.0
40,25,95,50,993.0,1149.0
40,25,99,10,985.0,1136.0
40,20,0,800,1519.0,1258.0
40,20,20,640,1233.5,1163.0
40,20,40,480,1384.0,1249.5
40,20,50,400,1189.0,1149.0
40,20,75,200,1108.0,1183.0
40,20,80,160,1030.0,1298.0
40,20,85,120,1008.0,1289.0
40,20,90,80,1010.5,1227.0
40,20,95,40,1095.0,1203.0
40,20,99,8,1011.0,1132.0
40,16,0,640,1521.0,1130.0
40,16,20,512,1171.0,1263.0
40,16,40,384,1132.0,1141.0
40,16,50,320,1106.0,1122.0
40,16,75,160,1008.0,1196.0
40,16,80,128,1050.0,1111.0
40,16,85,96,1027.5,1122.0
40,16,90,64,1035.0,1122.0
40,16,95,32,971.0,1127.0
40,16,99,6,1108.0,1129.0
40,10,0,400,1062.0,1203.0
40,10,20,320,1108.0,1053.0
40,10,40,240,1057.0,1047.0
40,10,50,200,1076.5,1088.0
40,10,75,100,1064.0,1071.0
40,10,80,80,989.0,1093.0
40,10,85,60,1047.5,1285.0
40,10,90,40,961.0,1026.0
40,10,95,20,1047.0,1067.0
40,10,99,4,1042.0,1077.5
40,8,0,320,1357.0,1071.0
40,8,20,256,1106.0,1237.0
40,8,40,192,1078.0,1017.0
40,8,50,160,1086.0,1024.0
40,8,75,80,998.5,1182.0
40,8,80,64,987.0,1109.0
40,8,85,48,1008.0,1061.5
40,8,90,32,979.5,1150.0
40,8,95,16,960.0,1088.0
40,8,99,3,1099.0,1026.0
40,5,0,200,1052.0,978.0
40,5,20,160,1028.0,1004.0
40,5,40,120,1131.0,1168.0
40,5,50,100,1017.0,1126.0
40,5,75,50,983.0,1244.0
40,5,80,40,983.0,1011.0
40,5,85,30,950.0,981.0
40,5,90,20,1037.0,1012.5
40,5,95,10,984.0,1022.0
40,5,99,2,1019.0,929.5
40,4,0,160,1070.0,973.0
40,4,20,128,1087.0,989.5
40,4,40,96,1006.0,933.0
40,4,50,80,1015.0,1430.0
40,4,75,40,1033.0,1021.0
40,4,80,32,1046.0,998.0
40,4,85,24,1005.0,1211.5
40,4,90,16,985.0,959.0
40,4,95,8,1181.5,947.0
40,4,99,1,971.0,980.0
40,2,0,80,1125.0,950.0
40,2,20,64,1018.0,962.0
40,2,40,48,1147.0,944.0
40,2,50,40,1069.0,989.0
40,2,75,20,1220.0,1024.0
40,2,80,16,1001.0,1052.5
40,2,85,12,1066.0,937.0
40,2,90,8,1055.5,984.0
40,2,95,4,975.0,1112.0
40,2,99,0,983.0,1047.0
40,1,0,40,1089.0,932.5
40,1,20,32,974.0,1159.0
40,1,40,24,1018.0,1095.0
40,1,50,20,972.0,920.0
40,1,75,10,1009.0,929.0
40,1,80,8,995.0,979.0
40,1,85,6,976.0,1119.0
40,1,90,4,1167.0,951.0
40,1,95,2,1202.0,945.0
40,1,99,0,963.0,948.0
25,5000,0,125000,60064.0,49357.5
25,5000,20,100000,48136.0,45520.0
25,5000,40,75000,36059.0,46682.5
25,5000,50,62500,31713.5,44391.0
25,5000,75,31250,15704.0,45096.0
25,5000,80,25000,13369.5,44388.0
25,5000,85,18750,11030.0,44818.0
25,5000,90,12500,7706.0,45863.0
25,5000,95,6250,3771.0,44381.5
25,5000,99,1250,1503.5,45587.5
25,2500,0,62500,30164.0,23364.5
25,2500,20,50000,24254.0,23472.5
25,2500,40,37500,18434.0,23436.5
25,2500,50,31250,16296.0,22729.0
25,2500,75,15625,8223.0,23489.5
25,2500,80,12500,6811.0,24071.0
25,2500,85,9375,5335.0,25226.5
25,2500,90,6250,3806.0,23362.0
25,2500,95,3125,2209.5,25307.5
25,2500,99,625,1252.0,22771.5
25,2000,0,50000,25368.5,23860.0
25,2000,20,40000,19538.5,19706.5
25,2000,40,30000,16838.0,18979.0
25,2000,50,25000,13185.0,19824.0
25,2000,75,12500,6803.5,19377.0
25,2000,80,10000,6213.5,19008.0
25,2000,85,7500,4353.0,20626.0
25,2000,90,5000,3131.0,19322.0
25,2000,95,2500,2034.0,19401.5
25,2000,99,500,1178.0,18483.5
25,1250,0,31250,15500.0,13269.0
25,1250,20,25000,12838.0,14010.0
25,1250,40,18750,9656.0,13231.0
25,1250,50,15625,8202.0,12790.5
25,1250,75,7812,4570.0,12605.0
25,1250,80,6250,3933.0,12812.5
25,1250,85,4687,3148.0,12860.0
25,1250,90,3125,2293.0,12895.0
25,1250,95,1562,1519.0,11918.0
25,1250,99,312,1119.0,11992.5
25,1000,0,25000,12488.0,10237.0
25,1000,20,20000,10274.0,10207.0
25,1000,40,15000,9001.5,11282.5
25,1000,50,12500,6920.5,10286.5
25,1000,75,6250,3779.5,10384.5
25,1000,80,5000,3283.5,10502.0
25,1000,85,3750,2497.0,11281.5
25,1000,90,2500,1929.0,10269.5
25,1000,95,1250,1673.0,10924.5
25,1000,99,250,1072.0,10232.0
25,625,0,15625,8162.0,6792.0
25,625,20,12500,6731.0,6790.0
25,625,40,9375,5226.0,6855.0
25,625,50,7812,4506.0,7701.5
25,625,75,3906,2663.0,6828.0
25,625,80,3125,2132.0,6796.0
25,625,85,2343,2155.5,7006.0
25,625,90,1562,1548.0,6708.5
25,625,95,781,1277.0,6892.0
25,625,99,156,1016.0,6812.0
25,500,0,12500,6691.0,5669.0
25,500,20,10000,5590.0,5795.0
25,500,40,7500,4326.0,5674.0
25,500,50,6250,3752.0,5708.0
25,500,75,3125,2437.0,5789.0
25,500,80,2500,2036.0,5675.5
25,500,85,1875,1589.0,6364.0
25,500,90,1250,1579.5,5554.0
25,500,95,625,1212.0,5790.0
25,500,99,125,1003.0,5658.0
25,400,0,10000,6208.0,4825.5
25,400,20,8000,4669.0,4783.0
25,400,40,6000,3866.0,5190.0
25,400,50,5000,3807.0,4761.0
25,400,75,2500,1954.0,4884.0
25,400,80,2000,1706.5,4752.0
25,400,85,1500,1549.0,4843.5
25,400,90,1000,1354.0,5490.5
25,400,95,500,1372.5,5221.5
25,400,99,100,1099.5,4725.0
25,250,0,6250,3831.0,3764.0
25,250,20,5000,3143.0,3346.0
25,250,40,3750,2504.0,3404.0
25,250,50,3125,2216.0,3347.5
25,250,75,1562,1842.0,3978.5
25,250,80,1250,1467.0,3651.0
25,250,85,937,1332.5,3495.0
25,250,90,625,1220.0,3345.0
25,250,95,312,1276.0,3334.0
25,250,99,62,1069.5,3350.0
25,200,0,5000,3038.0,3441.0
25,200,20,4000,2633.0,2797.0
25,200,40,3000,2247.5,2994.0
25,200,50,2500,2043.0,2964.0
25,200,75,1250,1467.0,3301.5
25,200,80,1000,1529.0,2904.0
25,200,85,750,1426.5,2901.0
25,200,90,500,1144.0,2932.0
25,200,95,250,1035.0,3119.0
25,200,99,50,1080.0,2873.0
25,125,0,3125,2154.0,2199.5
25,125,20,2500,1953.5,2246.5
25,125,40,1875,1716.0,2089.0
25,125,50,1562,1654.0,2174.0
25,125,75,781,1241.0,2171.0
25,125,80,625,1209.0,2221.0
25,125,85,468,1151.0,2240.5
25,125,90,312,1109.0,2163.0
25,125,95,156,1181.0,2226.0
25,125,99,31,1020.5,2200.0
25,100,0,2500,2111.5,2014.0
25,100,20,2000,1664.0,1975.0
25,100,40,1500,1550.0,1972.0
25,100,50,1250,1495.5,2033.0
25,100,75,625,1274.0,2411.0
25,100,80,500,1122.0,2346.0
25,100,85,375,1213.0,1976.0
25,100,90,250,1115.0,1954.0
25,100,95,125,1083.0,1933.0
25,100,99,25,966.0,1947.0
25,80,0,2000,1782.0,1739.5
25,80,20,1600,1639.0,1716.0
25,80,40,1200,1400.0,1734.0
25,80,50,1000,1385.0,1796.0
25,80,75,500,1161.0,1728.0
25,80,80,400,1139.0,2124.0
25,80,85,300,1084.0,1746.5
25,80,90,200,1094.5,1816.0
25,80,95,100,1126.5,1714.0
25,80,99,20,941.5,1723.0
25,50,0,1250,1649.0,1461.0
25,50,20,1000,1399.0,1438.0
25,50,40,750,1538.0,1443.0
25,50,50,625,1245.0,1496.0
25,50,75,312,1186.0,1464.5
25,50,80,250,1070.0,1489.0
25,50,85,187,1014.0,1622.5
25,50,90,125,1055.0,1554.0
25,50,95,62,997.0,1432.0
25,50,99,12,971.0,1468.0
25,40,0,1000,1407.0,1380.0
25,40,20,800,1310.0,1317.0
25,40,40,600,1174.0,1407.0
25,40,50,500,1138.0,1367.0
25,40,75,250,1042.0,1419.0
25,40,80,200,1253.0,1384.0
25,40,85,150,1016.0,1325.0
25,40,90,100,1044.0,1369.5
25,40,95,50,1187.0,1385.0
25,40,99,10,1097.0,1349.0
25,25,0,625,1368.0,1284.5
25,25,20,500,1153.0,1205.0
25,25,40,375,1152.0,1215.0
25,25,50,312,1071.0,1254.0
25,25,75,156,1075.0,1200.0
25,25,80,125,1104.0,1188.0
25,25,85,93,982.0,1261.0
25,25,90,62,1071.5,1205.0
25,25,95,31,1027.0,1235.0
25,25,99,6,997.0,1254.0
25,20,0,500,1215.0,1155.0
25,20,20,400,1128.0,1180.0
25,20,40,300,1124.0,1279.0
25,20,50,250,1048.0,1198.5
25,20,75,125,1020.0,1129.0
25,20,80,100,1139.5,1149.0
25,20,85,75,1026.0,1197.0
25,20,90,50,1081.0,1134.0
25,20,95,25,1068.0,1188.0
25,20,99,5,977.0,1167.0
25,16,0,400,1197.0,1070.0
25,16,20,320,1207.0,1122.5
25,16,40,240,1117.0,1183.0
25,16,50,200,1042.0,1177.0
25,16,75,100,1008.0,1094.0
25,16,80,80,1039.0,1055.5
25,16,85,60,991.0,1070.0
25,16,90,40,1197.5,1106.0
25,16,95,20,967.0,1178.5
25,16,99,4,986.5,1099.0
25,10,0,250,1037.0,1025.0
25,10,20,200,1029.0,1032.0
25,10,40,150,1018.0,1055.0
25,10,50,125,1054.0,1041.0
25,10,75,62,970.0,1039.0
25,10,80,50,965.0,1042.0
25,10,85,37,988.0,1016.5
25,10,90,25,974.0,1259.0
25,10,95,12,959.0,1029.0
25,10,99,2,1016.0,1035.0
25,8,0,200,1044.0,997.0
25,8,20,160,1056.0,1081.0
25,8,40,120,1045.0,1074.0
25,8,50,100,1021.0,1006.0
25,8,75,50,1010.0,1025.0
25,8,80,40,1071.0,1032.0
25,8,85,30,1002.0,962.0
25,8,90,20,1013.0,1012.0
25,8,95,10,949.0,1045.0
25,8,99,2,990.5,1101.0
25,5,0,125,1007.0,984.0
25,5,20,100,992.0,1013.0
25,5,40,75,1000.0,1016.5
25,5,50,62,1004.5,1212.0
25,5,75,31,983.5,1021.0
25,5,80,25,959.5,1046.0
25,5,85,18,1032.0,977.0
25,5,90,12,979.5,1030.0
25,5,95,6,1000.0,1002.0
25,5,99,1,939.0,979.0
25,4,0,100,1010.5,1011.0
25,4,20,80,1061.0,1061.5
25,4,40,60,1157.0,982.0
25,4,50,50,1038.0,1012.0
25,4,75,25,1007.0,1039.5
25,4,80,20,1030.0,973.0
25,4,85,15,1216.5,953.0
25,4,90,10,1044.0,1014.0
25,4,95,5,981.0,953.0
25,4,99,1,934.0,987.0
25,2,0,50,1006.5,985.0
25,2,20,40,1026.0,943.0
25,2,40,30,1036.0,1043.0
25,2,50,25,933.0,977.5
25,2,75,12,1030.0,916.0
25,2,80,10,1015.0,1043.5
25,2,85,7,972.0,991.0
25,2,90,5,1005.0,989.5
25,2,95,2,1037.5,998.0
25,2,99,0,949.0,1048.0
25,1,0,25,985.0,952.5
25,1,20,20,973.0,1046.0
25,1,40,15,985.5,1061.0
25,1,50,12,1206.0,974.0
25,1,75,6,978.0,962.0
25,1,80,5,971.0,965.0
25,1,85,3,1103.0,1036.0
25,1,90,2,962.0,1063.0
25,1,95,1,946.0,933.0
25,1,99,0,976.0,1009.5
20,5000,0,100000,50003.5,31551.5
20,5000,20,80000,40190.5,34068.0
20,5000,40,60000,32740.0,31548.5
20,5000,50,50000,24380.0,31536.5
20,5000,75,25000,13309.0,31644.5
20,5000,80,20000,10989.5,31662.0
20,5000,85,15000,8516.0,34093.0
20,5000,90,10000,6364.0,34061.0
20,5000,95,5000,3283.5,33958.5
20,5000,99,1000,1542.0,33892.5
20,2500,0,50000,24304.0,16538.0
20,2500,20,40000,20552.0,16792.0
20,2500,40,30000,15630.5,16417.0
20,2500,50,25000,12636.0,16346.0
20,2500,75,12500,6826.0,16351.0
20,2500,80,10000,6337.5,17095.0
20,2500,85,7500,4608.0,17708.0
20,2500,90,5000,3205.0,16391.0
20,2500,95,2500,2014.5,16315.0
20,2500,99,500,1194.0,16707.5
20,2000,0,40000,19697.5,13358.0
20,2000,20,32000,15926.0,14356.0
20,2000,40,24000,12154.0,13369.5
20,2000,50,20000,10883.5,13322.0
20,2000,75,10000,6846.5,14411.5
20,2000,80,8000,5218.5,15208.0
20,2000,85,6000,3723.0,13380.5
20,2000,90,4000,2714.0,13379.5
20,2000,95,2000,1786.0,14615.0
20,2000,99,400,1143.5,13424.5
20,1250,0,25000,12516.0,9575.5
20,1250,20,20000,10786.0,9491.5
20,1250,40,15000,8360.0,8844.0
20,1250,50,12500,6813.0,8755.0
20,1250,75,6250,3827.0,8565.5
20,1250,80,5000,3326.5,8919.0
20,1250,85,3750,2576.5,9440.0
20,1250,90,2500,1931.0,8938.0
20,1250,95,1250,1452.0,8758.0
20,1250,99,250,1085.0,9494.5
20,1000,0,20000,10466.5,7319.0
20,1000,20,16000,8744.5,7784.5
20,1000,40,12000,6527.0,7277.0
20,1000,50,10000,5600.0,7847.5
20,1000,75,5000,3207.0,7879.0
20,1000,80,4000,2906.5,7239.0
20,1000,85,3000,2761.0,7224.0
20,1000,90,2000,1767.5,8286.0
20,1000,95,1000,1472.5,7180.0
20,1000,99,200,1128.0,7117.5
20,625,0,12500,6771.0,4980.0
20,625,20,10000,6308.0,4988.0
20,625,40,7500,4836.0,5249.5
20,625,50,6250,3793.0,4961.5
20,625,75,3125,2261.0,5299.0
20,625,80,2500,2121.5,5669.0
20,625,85,1875,1792.0,5007.0
20,625,90,1250,1460.0,5370.5
20,625,95,625,1291.5,5237.0
20,625,99,125,1153.0,5018.0
20,500,0,10000,5550.0,4528.0
20,500,20,8000,4657.0,4537.0
20,500,40,6000,3613.0,4352.0
20,500,50,5000,3244.0,4619.5
20,500,75,2500,1882.0,4576.0
20,500,80,2000,1708.0,4481.0
20,500,85,1500,1490.0,4444.0
20,500,90,1000,1358.0,4550.5
20,500,95,500,1218.0,4441.5
20,500,99,100,1036.0,4485.5
20,400,0,8000,4782.0,3857.5
20,400,20,6400,4023.0,3753.0
20,400,40,4800,3120.5,3727.0
20,400,50,4000,2737.0,3791.0
20,400,75,2000,1767.0,3878.5
20,400,80,1600,1595.0,3969.5
20,400,85,1200,1462.0,3749.5
20,400,90,800,1307.0,3757.0
20,400,95,400,1105.0,3816.0
20,400,99,80,986.0,3857.0
20,250,0,5000,3454.5,2846.0
20,250,20,4000,2810.5,2791.0
20,250,40,3000,2207.0,2758.0
20,250,50,2500,2228.0,2831.0
20,250,75,1250,1627.0,2748.0
20,250,80,1000,1363.0,2901.0
20,250,85,750,1410.0,3008.0
20,250,90,500,1160.0,2766.0
20,250,95,250,1084.0,2779.0
20,250,99,50,982.0,2906.5
20,200,0,4000,3264.0,2400.0
20,200,20,3200,2229.0,2381.0
20,200,40,2400,1928.5,2428.0
20,200,50,2000,1838.0,2428.0
20,200,75,1000,1369.0,2385.0
20,200,80,800,1253.0,2654.0
20,200,85,600,1169.0,2448.5
20,200,90,400,1267.0,2453.0
20,200,95,200,1078.0,2428.0
20,200,99,40,1006.0,2439.0
20,125,0,2500,1934.0,1846.0
20,125,20,2000,1758.0,1939.5
20,125,40,1500,1581.0,1837.0
20,125,50,1250,1454.0,1901.0
20,125,75,625,1210.0,1966.0
20,125,80,500,1235.0,2255.0
20,125,85,375,1164.0,1854.0
20,125,90,250,1041.0,1996.0
20,125,95,125,1035.0,1878.0
20,125,99,25,974.0,1992.0
20,100,0,2000,1731.0,1817.0
20,100,20,1600,1572.0,1801.0
20,100,40,1200,1426.0,1679.0
20,100,50,1000,1378.0,1806.0
20,100,75,500,1139.0,1915.0
20,100,80,400,1194.5,1643.0
20,100,85,300,1075.0,1679.0
20,100,90,200,1060.0,1996.5
20,100,95,100,1122.0,1880.0
20,100,99,20,1195.0,1710.5
20,80,0,1600,1569.0,1590.0
20,80,20,1280,1680.5,1501.0
20,80,40,960,1425.0,1571.0
20,80,50,800,1303.0,1533.0
20,80,75,400,1154.0,1549.0
20,80,80,320,1087.0,1516.0
20,80,85,240,1061.0,1546.0
20,80,90,160,1021.5,1451.0
20,80,95,80,1069.0,1701.0
20,80,99,16,1038.0,1534.0
20,50,0,1000,1363.0,1454.0
20,50,20,800,1322.0,1279.0
20,50,40,600,1264.0,1300.0
20,50,50,500,1126.0,1254.0
20,50,75,250,1069.0,1326.5
20,50,80,200,1021.0,1392.0
20,50,85,150,1184.0,1348.0
20,50,90,100,969.0,1266.5
20,50,95,50,988.0,1558.0
20,50,99,10,1065.0,1346.0
20,40,0,800,1265.0,1256.0
20,40,20,640,1202.0,1279.0
20,40,40,480,1269.0,1186.0
20,40,50,400,1111.0,1249.0
20,40,75,200,1060.5,1224.0
20,40,80,160,1008.0,1244.0
20,40,85,120,1052.0,1221.0
20,40,90,80,1014.0,1259.0
20,40,95,40,962.0,1247.0
20,40,99,8,1043.0,1355.5
20,25,0,500,1230.0,1267.5
20,25,20,400,1153.0,1293.5
20,25,40,300,1063.0,1113.0
20,25,50,250,1098.0,1212.0
20,25,75,125,1011.0,1116.0
20,25,80,100,1053.0,1132.0
20,25,85,75,1073.0,1115.0
20,25,90,50,1018.0,1151.0
20,25,95,25,953.0,1284.0
20,25,99,5,979.0,1072.0
20,20,0,400,1212.5,1071.0
20,20,20,320,1189.0,1064.0
20,20,40,240,1073.0,1197.0
20,20,50,200,1145.0,1093.0
20,20,75,100,1054.0,1075.0
20,20,80,80,973.0,1138.0
20,20,85,60,1021.0,1044.0
20,20,90,40,1060.0,1020.0
20,20,95,20,986.0,1067.0
20,20,99,4,955.0,1160.0
20,16,0,320,1222.0,1042.0
20,16,20,256,1064.0,1024.0
20,16,40,192,1061.0,1030.0
20,16,50,160,1050.0,1046.5
20,16,75,80,981.5,1058.0
20,16,80,64,1084.0,1003.0
20,16,85,48,1002.0,1282.0
20,16,90,32,1092.0,1038.0
20,16,95,16,1155.0,1003.0
20,16,99,3,1209.0,1051.5
20,10,0,200,1116.0,987.0
20,10,20,160,1017.0,1047.0
20,10,40,120,1061.0,978.0
20,10,50,100,1105.0,1015.0
20,10,75,50,980.0,1083.0
20,10,80,40,1026.0,1058.0
20,10,85,30,991.0,1016.0
20,10,90,20,1006.0,1003.0
20,10,95,10,1024.0,1050.0
20,10,99,2,979.0,1037.0
20,8,0,160,1093.0,983.0
20,8,20,128,1000.0,993.0
20,8,40,96,1016.0,1057.0
20,8,50,80,1002.0,972.0
20,8,75,40,1114.0,1006.0
20,8,80,32,1187.0,969.0
20,8,85,24,992.0,972.0
20,8,90,16,972.0,984.0
20,8,95,8,1008.5,1098.5
20,8,99,1,1127.0,1128.0
20,5,0,100,1203.0,1178.0
20,5,20,80,997.0,983.0
20,5,40,60,1147.5,959.0
20,5,50,50,962.0,992.0
20,5,75,25,990.0,991.0
20,5,80,20,960.0,1004.0
20,5,85,15,986.0,1105.0
20,5,90,10,977.0,1008.5
20,5,95,5,959.5,971.0
20,5,99,1,1077.0,1231.0
20,4,0,80,984.0,937.0
20,4,20,64,1018.0,1028.0
20,4,40,48,999.0,1029.0
20,4,50,40,969.0,1048.0
20,4,75,20,1017.0,948.0
20,4,80,16,1016.0,974.0
20,4,85,12,998.0,963.5
20,4,90,8,985.0,988.0
20,4,95,4,981.0,971.0
20,4,99,0,968.0,954.0
20,2,0,40,966.0,969.0
20,2,20,32,1208.0,957.0
20,2,40,24,967.0,958.0
20,2,50,20,987.0,977.0
20,2,75,10,966.0,979.0
20,2,80,8,982.0,969.0
20,2,85,6,1169.0,942.0
20,2,90,4,960.5,1049.0
20,2,95,2,997.0,1025.0
20,2,99,0,988.0,947.0
20,1,0,20,969.0,974.5
20,1,20,16,975.5,914.0
20,1,40,12,1087.0,972.5
20,1,50,10,1068.0,983.0
20,1,75,5,974.0,1131.0
20,1,80,4,1028.0,981.0
20,1,85,3,965.0,956.0
20,1,90,2,972.0,1006.0
20,1,95,1,1033.0,931.0
20,1,99,0,973.5,1040.0
16,5000,0,80000,38328.0,24897.0
16,5000,20,64000,32353.0,24906.0
16,5000,40,48000,24508.0,23079.0
16,5000,50,40000,19743.0,24984.0
16,5000,75,20000,10814.0,23043.0
16,5000,80,16000,8513.0,23065.5
16,5000,85,12000,6630.0,23002.0
16,5000,90,8000,4722.0,23221.5
16,5000,95,4000,2831.0,23180.5
16,5000,99,800,1397.0,23044.0
16,2500,0,40000,20654.0,12073.0
16,2500,20,32000,15935.0,12127.5
16,2500,40,24000,12721.0,13114.0
16,2500,50,20000,10751.5,12128.0
16,2500,75,10000,5623.0,13059.0
16,2500,80,8000,4715.0,12170.5
16,2500,85,6000,3759.0,12141.0
16,2500,90,4000,2729.0,13102.0
16,2500,95,2000,1719.0,12167.0
16,2500,99,400,1197.0,12150.5
16,2000,0,32000,15934.0,9972.5
16,2000,20,25600,12918.0,9942.0
16,2000,40,19200,10421.5,9985.0
16,2000,50,16000,8866.0,10844.0
16,2000,75,8000,5254.5,9876.0
16,2000,80,6400,3981.0,10713.0
16,2000,85,4800,3260.0,10779.0
16,2000,90,3200,2325.0,9925.0
16,2000,95,1600,1603.0,10083.5
16,2000,99,320,1155.0,9967.0
16,1250,0,20000,10763.0,6675.0
16,1250,20,16000,8506.0,7156.0
16,1250,40,12000,6538.0,7074.0
16,1250,50,10000,5894.0,7036.5
16,1250,75,5000,3674.0,7466.5
16,1250,80,4000,2765.0,6617.0
16,1250,85,3000,2209.5,6938.0
16,1250,90,2000,1824.5,7091.5
16,1250,95,1000,1551.0,7095.0
16,1250,99,200,1046.5,6929.0
16,1000,0,16000,8353.0,5841.0
16,1000,20,12800,7064.0,5745.5
16,1000,40,9600,5416.0,5803.0
16,1000,50,8000,4859.5,5893.0
16,1000,75,4000,2740.0,5901.0
16,1000,80,3200,2488.5,5781.0
16,1000,85,2400,2353.5,5931.0
16,1000,90,1600,1604.0,5753.0
16,1000,95,800,1373.0,5906.0
16,1000,99,160,1023.0,5778.0
16,625,0,10000,5659.5,4081.0
16,625,20,8000,4666.0,3991.0
16,625,40,6000,3666.5,3998.0
16,625,50,5000,3193.0,3974.0
16,625,75,2500,2199.0,4115.0
16,625,80,2000,1752.0,4021.0
16,625,85,1500,1549.0,4058.0
16,625,90,1000,1354.0,3961.5
16,625,95,500,1159.0,4182.0
16,625,99,100,1120.0,4070.5
16,500,0,8000,4638.0,3432.0
16,500,20,6400,3875.0,3399.0
16,500,40,4800,3141.0,3390.0
16,500,50,4000,2801.0,3409.0
16,500,75,2000,1785.0,3471.0
16,500,80,1600,1606.0,3632.5
16,500,85,1200,1694.0,3771.0
16,500,90,800,1315.0,3417.0
16,500,95,400,1158.0,3387.0
16,500,99,80,1038.0,3419.0
16,400,0,6400,4384.0,2971.0
16,400,20,5120,3303.5,2932.0
16,400,40,3840,2865.0,2965.0
16,400,50,3200,2460.0,2997.0
16,400,75,1600,1629.0,2952.0
16,400,80,1280,1462.0,2998.0
16,400,85,960,1360.0,2991.0
16,400,90,640,1251.0,3180.0
16,400,95,320,1152.0,2927.0
16,400,99,64,1025.0,3662.0
16,250,0,4000,2730.0,2265.0
16,250,20,3200,2483.0,2277.0
16,250,40,2400,1919.0,2289.0
16,250,50,2000,1826.0,2286.0
16,250,75,1000,1380.5,2246.0
16,250,80,800,1240.0,2368.0
16,250,85,600,1214.5,2335.0
16,250,90,400,1386.0,2384.0
16,250,95,200,1032.0,2296.5
16,250,99,40,1155.0,2545.0
16,200,0,3200,2381.0,1995.0
16,200,20,2560,1973.0,2281.0
16,200,40,1920,1746.0,2095.5
16,200,50,1600,1591.0,2063.0
16,200,75,800,1262.0,1997.0
16,200,80,640,1206.0,2130.0
16,200,85,480,1159.0,2000.0
16,200,90,320,1144.0,2132.0
16,200,95,160,1045.0,2009.0
16,200,99,32,1031.0,2016.0
16,125,0,2000,1736.0,1596.0
16,125,20,1600,1640.0,1642.5
16,125,40,1200,1534.0,1580.0
16,125,50,1000,1433.0,1613.0
16,125,75,500,1168.5,1585.5
16,125,80,400,1115.0,1685.0
16,125,85,300,1349.0,1573.0
16,125,90,200,1036.0,1603.0
16,125,95,100,1035.5,1570.0
16,125,99,20,999.0,1580.0
16,100,0,1600,1608.0,1648.5
16,100,20,1280,1488.0,1538.0
16,100,40,960,1381.0,1467.0
16,100,50,800,1291.0,1458.0
16,100,75,400,1107.0,1633.5
16,100,80,320,1054.0,1482.0
16,100,85,240,1155.0,1470.0
16,100,90,160,1025.0,1675.0
16,100,95,80,1053.0,1485.0
16,100,99,16,944.5,1422.0
16,80,0,1280,1472.0,1371.0
16,80,20,1024,1342.0,1450.0
16,80,40,768,1286.0,1372.0
16,80,50,640,1240.0,1376.0
16,80,75,320,1083.0,1367.0
16,80,80,256,1049.0,1373.0
16,80,85,192,1054.5,1411.5
16,80,90,128,1042.0,1350.5
16,80,95,64,996.0,1482.0
16,80,99,12,976.0,1383.0
16,50,0,800,1306.0,1205.0
16,50,20,640,1252.0,1162.5
16,50,40,480,1154.0,1497.0
16,50,50,400,1158.0,1189.0
16,50,75,200,1237.0,1277.0
16,50,80,160,1193.0,1223.0
16,50,85,120,1026.0,1228.0
16,50,90,80,992.0,1241.0
16,50,95,40,1004.0,1222.0
16,50,99,8,941.0,1206.0
16,40,0,640,1223.0,1231.0
16,40,20,512,1168.0,1283.0
16,40,40,384,1112.0,1263.0
16,40,50,320,1087.5,1145.0
16,40,75,160,1005.0,1140.0
16,40,80,128,1067.0,1169.0
16,40,85,96,987.0,1204.0
16,40,90,64,999.0,1205.5
16,40,95,32,971.0,1260.0
16,40,99,6,930.0,1133.5
16,25,0,400,1094.0,1068.0
16,25,20,320,1084.0,1052.0
16,25,40,240,1152.0,1122.0
16,25,50,200,1047.0,1076.0
16,25,75,100,1026.0,1070.0
16,25,80,80,1021.0,1055.0
16,25,85,60,1011.0,1064.0
16,25,90,40,993.0,1082.0
16,25,95,20,931.0,1126.5
16,25,99,4,1011.0,1033.0
16,20,0,320,1105.0,1186.0
16,20,20,256,1089.0,1017.0
16,20,40,192,1057.0,1050.0
16,20,50,160,998.0,1046.0
16,20,75,80,1029.0,1078.0
16,20,80,64,973.0,1014.0
16,20,85,48,955.0,1030.0
16,20,90,32,989.0,1058.0
16,20,95,16,977.5,1234.0
16,20,99,3,969.5,1008.0
16,16,0,256,1126.0,993.0
16,16,20,204,1002.0,978.0
16,16,40,153,1067.0,1167.0
16,16,50,128,1064.0,1074.0
16,16,75,64,1087.0,1093.5
16,16,80,51,1061.0,1016.0
16,16,85,38,973.0,978.5
16,16,90,25,1019.0,1011.5
16,16,95,12,1099.0,973.0
16,16,99,2,963.0,1095.0
16,10,0,160,1063.5,1069.0
16,10,20,128,1127.5,1061.0
16,10,40,96,1026.0,1089.0
16,10,50,80,974.0,941.0
16,10,75,40,981.0,1004.0
16,10,80,32,944.0,984.5
16,10,85,24,952.0,1007.0
16,10,90,16,960.0,986.5
16,10,95,8,954.5,1019.0
16,10,99,1,1102.5,970.0
16,8,0,128,996.0,1096.0
16,8,20,102,1004.0,920.0
16,8,40,76,997.5,982.0
16,8,50,64,1013.0,963.5
16,8,75,32,963.0,1051.0
16,8,80,25,1083.0,979.0
16,8,85,19,953.0,996.0
16,8,90,12,957.0,970.0
16,8,95,6,977.0,997.0
16,8,99,1,937.0,990.0
16,5,0,80,979.0,952.0
16,5,20,64,966.0,1042.5
16,5,40,48,975.0,1117.5
16,5,50,40,960.0,1009.0
16,5,75,20,974.0,942.5
16,5,80,16,965.0,974.0
16,5,85,12,940.5,956.5
16,5,90,8,952.0,952.0
16,5,95,4,946.0,1084.5
16,5,99,0,1110.0,956.0
16,4,0,64,995.0,924.0
16,4,20,51,955.0,967.0
16,4,40,38,1185.0,1011.0
16,4,50,32,986.0,948.0
16,4,75,16,966.0,1140.0
16,4,80,12,939.0,954.0
16,4,85,9,1189.0,1006.0
16,4,90,6,1023.0,941.0
16,4,95,3,965.0,956.5
16,4,99,0,962.0,959.0
16,2,0,32,963.0,996.0
16,2,20,25,1086.0,934.0
16,2,40,19,1043.0,1117.0
16,2,50,16,964.0,1106.0
16,2,75,8,941.0,939.0
16,2,80,6,1175.0,958.0
16,2,85,4,951.0,962.5
16,2,90,3,972.0,952.0
16,2,95,1,944.0,987.0
16,2,99,0,971.0,947.0
16,1,0,16,1169.0,901.0
16,1,20,12,956.5,1005.0
16,1,40,9,1207.5,888.5
16,1,50,8,961.0,1098.0
16,1,75,4,1180.0,925.0
16,1,80,3,1046.5,918.0
16,1,85,2,1016.0,939.0
16,1,90,1,1169.0,1026.0
16,1,95,0,963.0,988.0
16,1,99,0,969.0,1143.0
10,5000,0,50000,25605.0,12868.5
10,5000,20,40000,19708.0,14771.5
10,5000,40,30000,15350.0,14038.0
10,5000,50,25000,12762.0,12892.0
10,5000,75,12500,7803.0,13943.0
10,5000,80,10000,5728.0,14818.0
10,5000,85,7500,4837.0,12952.0
10,5000,90,5000,3372.0,14106.5
10,5000,95,2500,2401.0,12820.0
10,5000,99,500,1177.0,13040.0
10,2500,0,25000,12732.0,7045.0
10,2500,20,20000,10429.0,8806.0
10,2500,40,15000,9766.0,7073.5
10,2500,50,12500,6849.0,8071.5
10,2500,75,6250,3906.5,7561.0
10,2500,80,5000,3310.0,7141.5
10,2500,85,3750,2691.0,8553.5
10,2500,90,2500,2326.0,7018.0
10,2500,95,1250,1479.0,7017.0
10,2500,99,250,1347.0,7011.0
10,2000,0,20000,10319.0,5845.0
10,2000,20,16000,8617.0,5892.0
10,2000,40,12000,6555.0,5853.0
10,2000,50,10000,5671.5,6666.5
10,2000,75,5000,3803.0,5895.5
10,2000,80,4000,2796.5,6344.0
10,2000,85,3000,2401.0,5889.0
10,2000,90,2000,1915.0,5854.0
10,2000,95,1000,1565.0,5845.0
10,2000,99,200,1042.0,5814.5
10,1250,0,12500,7751.5,4361.5
10,1250,20,10000,5867.0,4396.5
10,1250,40,7500,4667.0,4275.0
10,1250,50,6250,3907.0,4343.0
10,1250,75,3125,2836.0,4363.0
10,1250,80,2500,2047.5,4246.5
10,1250,85,1875,1723.0,4321.0
10,1250,90,1250,1537.0,4402.0
10,1250,95,625,1250.0,4313.0
10,1250,99,125,968.0,4280.0
10,1000,0,10000,5685.0,3708.0
10,1000,20,8000,4597.0,3702.0
10,1000,40,6000,3975.0,4222.0
10,1000,50,5000,3300.0,3741.0
10,1000,75,2500,2008.0,3725.0
10,1000,80,2000,1864.0,3779.0
10,1000,85,1500,1513.5,4107.0
10,1000,90,1000,1606.5,4456.0
10,1000,95,500,1196.0,3569.0
10,1000,99,100,981.0,3786.0
10,625,0,6250,3853.0,2707.0
10,625,20,5000,3280.5,2756.0
10,625,40,3750,2708.0,2753.0
10,625,50,3125,2573.5,3031.0
10,625,75,1562,1691.0,2811.0
10,625,80,1250,1448.0,2664.0
10,625,85,937,1347.0,2722.0
10,625,90,625,1216.5,3281.0
10,625,95,312,1163.0,3115.5
10,625,99,62,1047.0,2813.0
10,500,0,5000,3292.0,2429.0
10,500,20,4000,2809.5,2370.0
10,500,40,3000,2238.0,2938.0
10,500,50,2500,2029.0,2413.0
10,500,75,1250,1433.5,2648.0
10,500,80,1000,1332.0,2385.0
10,500,85,750,1438.0,2383.0
10,500,90,500,1135.0,2400.0
10,500,95,250,1191.0,2408.0
10,500,99,50,1072.0,2614.0
10,400,0,4000,3187.0,2147.0
10,400,20,3200,2679.0,2168.0
10,400,40,2400,2077.0,2440.0
10,400,50,2000,1757.0,2038.5
10,400,75,1000,1623.0,2260.0
10,400,80,800,1346.0,2120.0
10,400,85,600,1188.0,2132.0
10,400,90,400,1260.0,2153.0
10,400,95,200,1027.0,2147.5
10,400,99,40,969.0,2256.5
10,250,0,2500,2114.0,1956.0
10,250,20,2000,1883.5,1640.0
10,250,40,1500,1577.5,1711.0
10,250,50,1250,1470.0,1723.0
10,250,75,625,1236.0,1645.0
10,250,80,500,1145.0,1740.0
10,250,85,375,1090.0,1922.5
10,250,90,250,1226.0,1778.0
10,250,95,125,1020.0,1664.0
10,250,99,25,1021.0,1708.0
10,200,0,2000,1806.0,1523.0
10,200,20,1600,1641.0,1615.0
10,200,40,1200,1392.0,1510.0
10,200,50,1000,1345.0,1477.0
10,200,75,500,1134.0,1531.0
10,200,80,400,1422.5,1555.0
10,200,85,300,1103.0,1547.5
10,200,90,200,1050.5,1526.0
10,200,95,100,1022.5,1537.0
10,200,99,20,1183.0,1500.0
10,125,0,1250,1426.0,1290.0
10,125,20,1000,1313.5,1301.0
10,125,40,750,1364.0,1280.0
10,125,50,625,1185.0,1317.0
10,125,75,312,1068.0,1284.0
10,125,80,250,1109.0,1342.0
10,125,85,187,1033.0,1367.5
10,125,90,125,1046.0,1424.0
10,125,95,62,1012.5,1314.0
10,125,99,12,1006.0,1597.0
10,100,0,1000,1340.0,1420.5
10,100,20,800,1577.0,1494.0
10,100,40,600,1313.0,1206.0
10,100,50,500,1131.0,1354.5
10,100,75,250,1045.5,1210.0
10,100,80,200,1068.0,1219.0
10,100,85,150,1012.0,1205.0
10,100,90,100,970.0,1217.0
10,100,95,50,999.0,1295.0
10,100,99,10,976.0,1273.0
10,80,0,800,1415.0,1401.0
10,80,20,640,1279.0,1313.5
10,80,40,480,1173.5,1260.5
10,80,50,400,1110.0,1480.0
10,80,75,200,1145.5,1197.0
10,80,80,160,1012.0,1210.0
10,80,85,120,1041.0,1187.0
10,80,90,80,988.0,1138.0
10,80,95,40,1042.5,1204.0
10,80,99,8,981.0,1174.0
10,50,0,500,1135.0,1090.0
10,50,20,400,1232.0,1259.5
10,50,40,300,1089.0,1072.0
10,50,50,250,1101.5,1079.0
10,50,75,125,982.0,1061.0
10,50,80,100,956.0,1058.0
10,50,85,75,1011.0,1067.0
10,50,90,50,1035.0,1222.0
10,50,95,25,965.5,1167.0
10,50,99,5,949.0,1187.5
10,40,0,400,1355.0,1025.5
10,40,20,320,1357.0,1081.0
10,40,40,240,1026.0,1101.5
10,40,50,200,1083.5,993.0
10,40,75,100,1233.0,1056.0
10,40,80,80,990.5,1046.0
10,40,85,60,1003.0,1029.0
10,40,90,40,959.0,1206.0
10,40,95,20,956.0,1120.0
10,40,99,4,955.0,1135.5
10,25,0,250,1038.5,1071.5
10,25,20,200,1088.0,978.0
10,25,40,150,1000.0,990.0
10,25,50,125,961.0,981.0
10,25,75,62,1225.0,945.0
10,25,80,50,1098.0,989.0
10,25,85,37,960.0,952.5
10,25,90,25,949.0,978.0
10,25,95,12,1010.0,1000.0
10,25,99,2,964.0,977.0
10,20,0,200,1103.0,1000.0
10,20,20,160,1175.0,1139.5
10,20,40,120,1186.0,965.0
10,20,50,100,1167.0,1120.0
10,20,75,50,983.0,1091.0
10,20,80,40,968.0,950.0
10,20,85,30,1108.5,967.0
10,20,90,20,956.0,1207.0
10,20,95,10,915.0,1055.0
10,20,99,2,964.0,1179.0
10,16,0,160,1093.0,1194.0
10,16,20,128,1024.0,1035.0
10,16,40,96,1109.0,972.0
10,16,50,80,1131.5,965.0
10,16,75,40,1010.0,1119.0
10,16,80,32,1136.0,1105.0
10,16,85,24,943.0,1196.0
10,16,90,16,937.0,903.0
10,16,95,8,1119.0,956.0
10,16,99,1,965.0,1001.0
10,10,0,100,1079.0,979.0
10,10,20,80,1098.0,967.0
10,10,40,60,1002.5,1077.0
10,10,50,50,990.0,993.0
10,10,75,25,1057.0,1088.0
10,10,80,20,1081.0,1183.0
10,10,85,15,1056.0,1140.0
10,10,90,10,1179.0,1058.0
10,10,95,5,986.0,1115.5
10,10,99,1,969.0,965.0
10,8,0,80,988.0,980.5
10,8,20,64,956.0,1005.5
10,8,40,48,1064.5,1102.0
10,8,50,40,960.5,1083.0
10,8,75,20,943.0,952.0
10,8,80,16,937.0,943.0
10,8,85,12,964.5,918.0
10,8,90,8,957.0,928.5
10,8,95,4,966.0,995.5
10,8,99,0,929.0,1070.5
10,5,0,50,962.0,966.5
10,5,20,40,980.0,957.0
10,5,40,30,1042.0,965.0
10,5,50,25,1004.0,975.0
10,5,75,12,1120.5,1000.0
10,5,80,10,1025.0,939.0
10,5,85,7,971.0,966.0
10,5,90,5,981.0,937.0
10,5,95,2,1091.0,967.0
10,5,99,0,983.0,1104.0
10,4,0,40,971.0,943.0
10,4,20,32,1087.0,921.0
10,4,40,24,1167.5,919.0
10,4,50,20,1197.0,984.0
10,4,75,10,1162.0,1106.0
10,4,80,8,938.0,928.0
10,4,85,6,993.0,932.0
10,4,90,4,940.0,929.0
10,4,95,2,970.0,917.0
10,4,99,0,973.0,928.0
10,2,0,20,970.0,891.0
10,2,20,16,1015.0,956.0
10,2,40,12,1020.0,931.0
10,2,50,10,1177.0,1048.0
10,2,75,5,1009.0,1116.0
10,2,80,4,975.0,923.0
10,2,85,3,1139.5,923.0
10,2,90,2,921.0,1048.5
10,2,95,1,976.0,933.0
10,2,99,0,938.0,942.0
10,1,0,10,968.0,1134.0
10,1,20,8,927.0,932.0
10,1,40,6,985.0,945.0
10,1,50,5,937.0,950.0
10,1,75,2,994.0,969.0
10,1,80,2,934.0,979.0
10,1,85,1,942.5,930.0
10,1,90,1,973.5,954.0
10,1,95,0,967.0,949.0
10,1,99,0,929.0,876.0
8,5000,0,40000,19249.5,12289.0
8,5000,20,32000,15947.0,10875.0
8,5000,40,24000,12231.0,12346.5
8,5000,50,20000,10425.5,10699.0
8,5000,75,10000,5717.5,10737.5
8,5000,80,8000,4638.0,10533.0
8,5000,85,6000,4049.0,10795.5
8,5000,90,4000,2924.0,12278.5
8,5000,95,2000,2319.0,13725.0
8,5000,99,400,1400.5,10761.0
8,2500,0,20000,10306.0,6041.5
8,2500,20,16000,9838.0,5926.5
8,2500,40,12000,6641.5,5990.0
8,2500,50,10000,5696.0,5939.0
8,2500,75,5000,3337.0,5803.0
8,2500,80,4000,3288.0,6451.5
8,2500,85,3000,2347.0,6007.0
8,2500,90,2000,1836.0,6002.0
8,2500,95,1000,1708.0,7476.0
8,2500,99,200,1187.0,5990.0
8,2000,0,16000,8329.5,4957.0
8,2000,20,12800,7466.0,5052.0
8,2000,40,9600,5467.0,5468.5
8,2000,50,8000,4740.0,4962.5
8,2000,75,4000,2826.5,4975.5
8,2000,80,3200,2972.0,5488.0
8,2000,85,2400,2057.0,4986.5
8,2000,90,1600,1679.0,4866.0
8,2000,95,800,1346.0,6290.5
8,2000,99,160,1107.5,4916.5
8,1250,0,10000,5654.0,3718.5
8,1250,20,8000,4756.5,3851.0
8,1250,40,6000,4580.0,3746.5
8,1250,50,5000,3282.5,3648.0
8,1250,75,2500,2175.5,4430.0
8,1250,80,2000,2282.5,3743.0
8,1250,85,1500,1620.5,3759.0
8,1250,90,1000,1396.0,3814.0
8,1250,95,500,1234.5,3759.0
8,1250,99,100,974.0,3752.0
8,1000,0,8000,5744.0,3877.5
8,1000,20,6400,3982.0,3201.0
8,1000,40,4800,3299.0,3211.0
8,1000,50,4000,2881.0,3666.5
8,1000,75,2000,1817.0,3681.0
8,1000,80,1600,1897.0,3577.5
8,1000,85,1200,1673.0,3247.5
8,1000,90,800,1451.0,3280.5
8,1000,95,400,1233.0,3241.0
8,1000,99,80,1027.0,3268.5
8,625,0,5000,3467.0,2931.0
8,625,20,4000,3171.0,2565.5
8,625,40,3000,2367.0,2418.0
8,625,50,2500,2069.0,2396.0
8,625,75,1250,1458.0,2383.0
8,625,80,1000,1359.0,2360.0
8,625,85,750,1268.0,2419.0
8,625,90,500,1205.0,2397.5
8,625,95,250,1040.0,2399.0
8,625,99,50,1004.0,2533.0
8,500,0,4000,2900.0,2320.0
8,500,20,3200,2465.0,2142.0
8,500,40,2400,2294.0,2351.0
8,500,50,2000,1807.0,2198.0
8,500,75,1000,1396.5,2155.5
8,500,80,800,1363.0,2157.0
8,500,85,600,1236.0,2144.0
8,500,90,400,1178.0,2224.0
8,500,95,200,1012.0,2140.0
8,500,99,40,1027.0,2158.0
8,400,0,3200,2434.5,1977.0
8,400,20,2560,2151.0,1965.0
8,400,40,1920,1767.0,2134.5
8,400,50,1600,1719.0,2027.0
8,400,75,800,1277.0,1908.0
8,400,80,640,1189.0,1992.0
8,400,85,480,1131.0,1917.0
8,400,90,320,1086.5,2169.0
8,400,95,160,980.0,2203.0
8,400,99,32,976.0,1997.0
8,250,0,2000,1776.0,1558.0
8,250,20,1600,1605.0,1459.0
8,250,40,1200,1484.0,1723.0
8,250,50,1000,1352.0,1821.0
8,250,75,500,1169.0,1554.0
8,250,80,400,1131.0,1461.0
8,250,85,300,1091.0,1491.0
8,250,90,200,1084.0,1568.0
8,250,95,100,1074.5,1577.0
8,250,99,20,966.0,1711.0
8,200,0,1600,1633.5,1386.0
8,200,20,1280,1472.0,1396.5
8,200,40,960,1522.0,1435.0
8,200,50,800,1250.0,1434.0
8,200,75,400,1106.0,1502.0
8,200,80,320,1156.0,1442.0
8,200,85,240,1037.0,1395.0
8,200,90,160,1094.0,1461.0
8,200,95,80,1127.0,1507.0
8,200,99,16,950.0,1531.0
8,125,0,1000,1362.0,1186.0
8,125,20,800,1356.0,1221.0
8,125,40,600,1476.0,1249.0
8,125,50,500,1278.0,1470.5
8,125,75,250,1155.0,1282.5
8,125,80,200,1264.0,1226.0
8,125,85,150,1130.0,1463.5
8,125,90,100,989.0,1346.0
8,125,95,50,1048.0,1236.0
8,125,99,10,937.0,1210.0
8,100,0,800,1233.0,1220.5
8,100,20,640,1161.5,1160.0
8,100,40,480,1370.0,1433.0
8,100,50,400,1253.0,1187.0
8,100,75,200,1003.0,1313.0
8,100,80,160,1021.0,1123.0
8,100,85,120,1022.0,1179.0
8,100,90,80,1174.5,1172.0
8,100,95,40,1055.0,1216.0
8,100,99,8,1083.0,1190.0
8,80,0,640,1392.0,1149.0
8,80,20,512,1144.0,1120.0
8,80,40,384,1103.0,1137.0
8,80,50,320,1083.0,1297.0
8,80,75,160,1111.0,1149.0
8,80,80,128,991.0,1105.0
8,80,85,96,1114.0,1167.0
8,80,90,64,1217.0,1612.0
8,80,95,32,936.0,1132.5
8,80,99,6,1153.0,1125.0
8,50,0,400,1112.0,1271.5
8,50,20,320,1038.0,1024.0
8,50,40,240,1053.0,1028.0
8,50,50,200,1174.0,1244.0
8,50,75,100,1007.0,1047.5
8,50,80,80,996.0,1070.5
8,50,85,60,966.5,1137.0
8,50,90,40,1136.0,1055.0
8,50,95,20,989.0,1181.0
8,50,99,4,956.0,1095.0
8,40,0,320,1184.0,1094.0
8,40,20,256,1269.0,1005.0
8,40,40,192,1034.0,1091.0
8,40,50,160,1101.5,1219.0
8,40,75,80,1040.0,1001.0
8,40,80,64,992.0,1042.0
8,40,85,48,978.0,1048.0
8,40,90,32,975.0,1020.0
8,40,95,16,969.0,1042.0
8,40,99,3,950.0,1013.0
8,25,0,200,1143.0,1193.0
8,25,20,160,1100.0,994.0
8,25,40,120,972.0,975.0
8,25,50,100,1045.0,1049.0
8,25,75,50,981.0,981.0
8,25,80,40,1102.0,1205.5
8,25,85,30,960.0,1139.5
8,25,90,20,1012.0,1003.0
8,25,95,10,1027.5,1073.0
8,25,99,2,1016.0,987.0
8,20,0,160,1137.5,992.0
8,20,20,128,1048.5,985.0
8,20,40,96,1131.0,996.0
8,20,50,80,1083.0,1065.5
8,20,75,40,954.0,986.0
8,20,80,32,984.0,1212.0
8,20,85,24,1076.0,1177.5
8,20,90,16,970.0,970.0
8,20,95,8,978.0,1048.0
8,20,99,1,1169.5,978.0
8,16,0,128,999.0,992.0
8,16,20,102,989.0,986.0
8,16,40,76,997.0,984.0
8,16,50,64,980.0,980.0
8,16,75,32,989.0,1041.0
8,16,80,25,966.0,1102.0
8,16,85,19,1010.0,980.0
8,16,90,12,962.0,992.0
8,16,95,6,1076.0,995.0
8,16,99,1,929.0,985.0
8,10,0,80,975.0,937.0
8,10,20,64,1125.5,1130.0
8,10,40,48,959.0,1014.0
8,10,50,40,939.0,936.0
8,10,75,20,960.0,1136.0
8,10,80,16,1088.0,1116.5
8,10,85,12,932.0,987.0
8,10,90,8,1078.0,982.0
8,10,95,4,976.0,1158.0
8,10,99,0,966.0,957.0
8,8,0,64,980.0,1008.0
8,8,20,51,987.0,996.0
8,8,40,38,1020.0,969.0
8,8,50,32,1006.0,1016.0
8,8,75,16,968.5,975.0
8,8,80,12,966.0,987.0
8,8,85,9,938.0,959.0
8,8,90,6,947.0,958.0
8,8,95,3,946.0,971.0
8,8,99,0,949.0,1094.0
8,5,0,40,1013.0,1190.0
8,5,20,32,1005.0,957.0
8,5,40,24,1017.0,972.0
8,5,50,20,1023.5,1025.0
8,5,75,10,943.0,943.0
8,5,80,8,984.0,947.0
8,5,85,6,1028.0,945.0
8,5,90,4,948.0,943.0
8,5,95,2,938.0,953.0
8,5,99,0,959.0,948.0
8,4,0,32,1080.0,954.0
8,4,20,25,1095.0,978.0
8,4,40,19,982.0,961.0
8,4,50,16,1016.5,980.0
8,4,75,8,1161.0,1019.0
8,4,80,6,1164.0,1052.0
8,4,85,4,1083.0,959.0
8,4,90,3,973.0,948.0
8,4,95,1,1024.0,1026.0
8,4,99,0,936.0,994.0
8,2,0,16,985.0,1066.0
8,2,20,12,1089.0,870.0
8,2,40,9,967.0,962.0
8,2,50,8,1166.0,972.0
8,2,75,4,1081.0,1089.5
8,2,80,3,1016.0,917.5
8,2,85,2,1016.0,1040.5
8,2,90,1,974.0,989.5
8,2,95,0,933.0,978.0
8,2,99,0,990.5,1023.0
8,1,0,8,976.0,939.0
8,1,20,6,936.0,957.0
8,1,40,4,956.5,920.0
8,1,50,4,962.0,890.0
8,1,75,2,944.0,956.0
8,1,80,1,1028.0,1050.0
8,1,85,1,1023.0,913.0
8,1,90,0,1053.0,1070.5
8,1,95,0,1050.0,951.0
8,1,99,0,896.0,1005.5
5,5000,0,25000,12808.5,7656.0
5,5000,20,20000,10823.0,7704.0
5,5000,40,15000,8031.0,7653.0
5,5000,50,12500,6891.0,7674.0
5,5000,75,6250,4021.5,7673.0
5,5000,80,5000,3377.0,7483.0
5,5000,85,3750,3361.5,7726.0
5,5000,90,2500,2315.0,8213.0
5,5000,95,1250,1659.0,7598.0
5,5000,99,250,1091.0,7646.0
5,2500,0,12500,6866.0,5522.0
5,2500,20,10000,5932.0,4885.5
5,2500,40,7500,4479.0,4415.0
5,2500,50,6250,4359.5,4681.5
5,2500,75,3125,2548.0,5011.0
5,2500,80,2500,2447.0,4380.0
5,2500,85,1875,1837.0,4436.0
5,2500,90,1250,1580.0,4729.0
5,2500,95,625,1356.0,4480.0
5,2500,99,125,1055.0,4545.0
5,2000,0,10000,5940.5,4245.5
5,2000,20,8000,4750.0,4011.0
5,2000,40,6000,3840.0,4084.5
5,2000,50,5000,3621.5,4106.0
5,2000,75,2500,2248.5,4048.0
5,2000,80,2000,1879.0,4006.0
5,2000,85,1500,1849.5,4070.0
5,2000,90,1000,1336.0,4144.0
5,2000,95,500,1315.0,4115.0
5,2000,99,100,1018.0,3984.0
5,1250,0,6250,4086.0,2969.5
5,1250,20,5000,3314.0,2870.0
5,1250,40,3750,2687.0,2922.5
5,1250,50,3125,2426.0,2957.0
5,1250,75,1562,1813.0,2880.0
5,1250,80,1250,1462.0,3018.0
5,1250,85,937,1588.5,3162.5
5,1250,90,625,1245.0,2864.0
5,1250,95,312,1139.0,2864.0
5,1250,99,62,1036.0,2894.0
5,1000,0,5000,3691.5,2471.0
5,1000,20,4000,3222.5,2522.0
5,1000,40,3000,2400.0,2532.0
5,1000,50,2500,2275.5,2588.5
5,1000,75,1250,1559.0,2635.0
5,1000,80,1000,1440.5,2782.0
5,1000,85,750,1358.0,2591.0
5,1000,90,500,1162.0,2510.5
5,1000,95,250,1090.5,2530.0
5,1000,99,50,989.0,2797.0
5,625,0,3125,2539.0,1999.0
5,625,20,2500,2140.0,1977.0
5,625,40,1875,1893.0,2099.5
5,625,50,1562,1655.0,1979.5
5,625,75,781,1300.0,2353.0
5,625,80,625,1216.0,2249.0
5,625,85,468,1198.0,1970.0
5,625,90,312,1061.0,1999.0
5,625,95,156,1186.5,2207.0
5,625,99,31,1124.0,1935.0
5,500,0,2500,2195.0,1701.0
5,500,20,2000,2062.5,1717.0
5,500,40,1500,1894.0,1735.0
5,500,50,1250,1510.0,1817.0
5,500,75,625,1224.0,1743.0
5,500,80,500,1174.0,1687.0
5,500,85,375,1244.0,1833.5
5,500,90,250,1078.0,1697.5
5,500,95,125,996.0,1828.0
5,500,99,25,1017.0,1747.0
5,400,0,2000,1864.5,1558.0
5,400,20,1600,1723.0,1781.0
5,400,40,1200,1471.0,1528.0
5,400,50,1000,1478.5,1560.0
5,400,75,500,1225.0,1539.0
5,400,80,400,1222.5,1584.0
5,400,85,300,1073.5,1644.0
5,400,90,200,1280.0,1605.0
5,400,95,100,995.5,1580.0
5,400,99,20,1087.0,1644.0
5,250,0,1250,1645.0,1390.0
5,250,20,1000,1376.0,1322.5
5,250,40,750,1291.0,1509.5
5,250,50,625,1339.0,1372.0
5,250,75,312,1074.0,1313.0
5,250,80,250,1122.0,1327.0
5,250,85,187,1077.0,1325.5
5,250,90,125,982.0,1324.0
5,250,95,62,1032.5,1452.0
5,250,99,12,964.0,1449.0
5,200,0,1000,1462.0,1246.0
5,200,20,800,1280.0,1307.0
5,200,40,600,1197.0,1301.0
5,200,50,500,1175.5,1244.0
5,200,75,250,1113.5,1434.0
5,200,80,200,1017.0,1297.0
5,200,85,150,1141.0,1612.0
5,200,90,100,989.5,1393.0
5,200,95,50,996.0,1317.0
5,200,99,10,968.0,1388.0
5,125,0,625,1211.5,1095.0
5,125,20,500,1193.0,1145.0
5,125,40,375,1204.0,1143.0
5,125,50,312,1109.0,1182.0
5,125,75,156,1009.0,1219.0
5,125,80,125,1136.0,1517.0
5,125,85,93,994.0,1246.5
5,125,90,62,1019.0,1175.0
5,125,95,31,961.0,1232.0
5,125,99,6,943.0,1174.0
5,100,0,500,1144.5,1111.0
5,100,20,400,1156.0,1163.0
5,100,40,300,1121.5,1069.5
5,100,50,250,1033.0,1028.0
5,100,75,125,1024.0,1134.0
5,100,80,100,1006.0,1014.0
5,100,85,75,979.0,1037.5
5,100,90,50,999.0,1063.0
5,100,95,25,982.0,1026.0
5,100,99,5,1006.0,1075.0
5,80,0,400,1127.0,1093.0
5,80,20,320,1224.0,1057.0
5,80,40,240,1071.0,1097.5
5,80,50,200,1081.0,1062.0
5,80,75,100,973.0,1115.0
5,80,80,80,1036.0,1101.0
5,80,85,60,978.0,1105.0
5,80,90,40,945.0,1074.0
5,80,95,20,1182.0,967.0
5,80,99,4,1203.5,980.0
5,50,0,250,1094.0,1046.0
5,50,20,200,1041.0,1119.0
5,50,40,150,1047.0,983.0
5,50,50,125,1047.5,1000.0
5,50,75,62,1001.0,1103.0
5,50,80,50,973.0,987.0
5,50,85,37,936.0,1003.0
5,50,90,25,972.0,1123.0
5,50,95,12,951.0,1096.0
5,50,99,2,964.0,998.0
5,40,0,200,1068.0,968.5
5,40,20,160,1106.0,958.0
5,40,40,120,986.5,1161.0
5,40,50,100,996.0,1000.0
5,40,75,50,1049.0,981.0
5,40,80,40,956.0,1006.0
5,40,85,30,1078.0,947.0
5,40,90,20,1046.0,1023.0
5,40,95,10,916.0,1005.0
5,40,99,2,988.0,1186.0
5,25,0,125,1071.0,1074.0
5,25,20,100,1005.0,1065.5
5,25,40,75,1184.0,943.0
5,25,50,62,1027.0,1229.0
5,25,75,31,1000.0,1032.0
5,25,80,25,1009.5,1200.0
5,25,85,18,953.0,1088.0
5,25,90,12,1048.0,1177.5
5,25,95,6,1163.0,1020.0
5,25,99,1,964.0,958.0
5,20,0,100,982.0,974.0
5,20,20,80,1092.0,957.0
5,20,40,60,1174.0,988.0
5,20,50,50,989.0,959.0
5,20,75,25,994.5,1192.0
5,20,80,20,951.0,968.0
5,20,85,15,954.0,960.0
5,20,90,10,986.5,1016.5
5,20,95,5,992.0,1107.0
5,20,99,1,960.0,1011.0
5,16,0,80,1041.0,952.0
5,16,20,64,991.0,1004.5
5,16,40,48,1267.0,956.0
5,16,50,40,1002.0,1003.0
5,16,75,20,973.5,939.0
5,16,80,16,977.0,982.0
5,16,85,12,997.0,944.0
5,16,90,8,944.0,1015.0
5,16,95,4,982.0,944.0
5,16,99,0,945.0,969.0
5,10,0,50,974.0,1044.5
5,10,20,40,978.5,950.0
5,10,40,30,1011.5,1008.0
5,10,50,25,968.0,900.0
5,10,75,12,1097.0,957.5
5,10,80,10,1047.0,966.0
5,10,85,7,920.0,960.0
5,10,90,5,979.0,973.0
5,10,95,2,995.0,932.0
5,10,99,0,945.0,931.0
5,8,0,40,974.0,1105.0
5,8,20,32,1055.0,996.0
5,8,40,24,996.5,941.0
5,8,50,20,966.0,942.0
5,8,75,10,999.0,940.0
5,8,80,8,1005.5,988.0
5,8,85,6,1017.0,1011.0
5,8,90,4,968.0,993.0
5,8,95,2,1009.0,1003.0
5,8,99,0,982.0,1002.0
5,5,0,25,982.0,1008.0
5,5,20,20,947.0,958.0
5,5,40,15,1012.0,969.0
5,5,50,12,965.0,971.0
5,5,75,6,1054.0,1158.0
5,5,80,5,959.0,954.0
5,5,85,3,964.0,925.0
5,5,90,2,975.0,969.0
5,5,95,1,965.0,979.0
5,5,99,0,988.0,1099.5
5,4,0,20,946.0,1131.5
5,4,20,16,950.0,1002.0
5,4,40,12,1039.5,918.0
5,4,50,10,948.0,934.0
5,4,75,5,950.0,994.0
5,4,80,4,1052.5,900.0
5,4,85,3,966.0,921.0
5,4,90,2,971.0,949.0
5,4,95,1,956.0,946.0
5,4,99,0,970.5,928.0
5,2,0,10,950.0,986.0
5,2,20,8,948.0,952.0
5,2,40,6,948.0,992.0
5,2,50,5,1001.0,931.0
5,2,75,2,966.0,947.0
5,2,80,2,955.0,964.0
5,2,85,1,973.0,909.0
5,2,90,1,1048.0,934.0
5,2,95,0,973.0,1031.0
5,2,99,0,970.0,949.0
5,1,0,5,978.0,932.0
5,1,20,4,940.0,932.0
5,1,40,3,965.0,990.0
5,1,50,2,1042.5,941.0
5,1,75,1,1020.5,957.0
5,1,80,1,962.0,1000.0
5,1,85,0,1015.0,918.5
5,1,90,0,984.0,1044.0
5,1,95,0,1019.0,937.0
5,1,99,0,1008.0,952.0
4,5000,0,20000,10380.0,7112.5
4,5000,20,16000,8910.0,6965.0
4,5000,40,12000,6650.0,6460.0
4,5000,50,10000,5721.0,7052.0
4,5000,75,5000,3521.0,6525.0
4,5000,80,4000,2887.0,6610.0
4,5000,85,3000,2554.0,6513.0
4,5000,90,2000,1993.5,6464.0
4,5000,95,1000,1480.0,6506.0
4,5000,99,200,1119.0,6462.0
4,2500,0,10000,5696.0,4177.0
4,2500,20,8000,4723.0,4153.0
4,2500,40,6000,3815.0,4203.0
4,2500,50,5000,3294.0,4017.0
4,2500,75,2500,2274.0,3988.0
4,2500,80,2000,1924.0,4003.0
4,2500,85,1500,1685.0,4071.0
4,2500,90,1000,1432.0,4101.5
4,2500,95,500,1205.0,4115.0
4,2500,99,100,1011.0,4123.0
4,2000,0,8000,4688.0,3460.0
4,2000,20,6400,3954.0,3585.0
4,2000,40,4800,3218.0,3535.0
4,2000,50,4000,2908.5,3496.0
4,2000,75,2000,1983.0,3486.0
4,2000,80,1600,1677.0,3212.0
4,2000,85,1200,1540.5,3426.5
4,2000,90,800,1552.0,3499.0
4,2000,95,400,1148.0,3425.5
4,2000,99,80,979.0,3502.0
4,1250,0,5000,3307.0,2540.0
4,1250,20,4000,2996.0,2521.0
4,1250,40,3000,2405.0,2570.0
4,1250,50,2500,2117.0,2600.0
4,1250,75,1250,1544.5,2574.0
4,1250,80,1000,1431.0,2549.0
4,1250,85,750,1311.0,2549.0
4,1250,90,500,1190.0,2599.0
4,1250,95,250,1054.0,2529.0
4,1250,99,50,1003.0,2797.0
4,1000,0,4000,2761.5,2294.0
4,1000,20,3200,2529.0,2302.0
4,1000,40,2400,2178.5,2363.5
4,1000,50,2000,1934.0,2325.0
4,1000,75,1000,1466.0,2314.0
4,1000,80,800,1379.0,2452.0
4,1000,85,600,1265.5,2332.0
4,1000,90,400,1147.5,2266.0
4,1000,95,200,1012.0,2297.0
4,1000,99,40,977.0,2322.5
4,625,0,2500,2151.5,1981.0
4,625,20,2000,1959.0,1813.0
4,625,40,1500,1677.0,1798.0
4,625,50,1250,1586.0,1770.0
4,625,75,625,1238.0,1823.5
4,625,80,500,1256.5,1801.0
4,625,85,375,1172.0,1900.0
4,625,90,250,1071.0,1745.0
4,625,95,125,1027.0,1746.0
4,625,99,25,1151.0,1835.0
4,500,0,2000,2099.0,1598.0
4,500,20,1600,1736.0,1650.0
4,500,40,1200,1592.0,1607.0
4,500,50,1000,1406.0,1610.0
4,500,75,500,1157.0,1788.5
4,500,80,400,1308.0,1644.0
4,500,85,300,1059.0,1683.0
4,500,90,200,1083.5,1675.0
4,500,95,100,1023.0,1591.5
4,500,99,20,959.0,1599.0
4,400,0,1600,2067.5,1472.5
4,400,20,1280,1768.0,1470.0
4,400,40,960,1361.0,1429.0
4,400,50,800,1263.0,1461.0
4,400,75,400,1101.0,1513.0
4,400,80,320,1147.0,1516.0
4,400,85,240,1235.0,1507.0
4,400,90,160,1033.0,1547.5
4,400,95,80,1021.0,1481.0
4,400,99,16,1025.5,1442.0
4,250,0,1000,1393.0,1285.0
4,250,20,800,1412.0,1298.0
4,250,40,600,1226.0,1262.0
4,250,50,500,1198.0,1363.5
4,250,75,250,1192.0,1295.5
4,250,80,200,1014.0,1236.0
4,250,85,150,1023.0,1257.5
4,250,90,100,1027.0,1327.0
4,250,95,50,1013.0,1236.0
4,250,99,10,997.0,1328.0
4,200,0,800,1287.0,1233.0
4,200,20,640,1201.5,1264.0
4,200,40,480,1186.0,1248.0
4,200,50,400,1161.0,1196.0
4,200,75,200,1063.0,1250.0
4,200,80,160,1023.0,1251.0
4,200,85,120,998.0,1207.5
4,200,90,80,1037.5,1204.0
4,200,95,40,944.0,1168.5
4,200,99,8,1107.0,1262.0
4,125,0,500,1139.0,1119.0
4,125,20,400,1138.0,1088.0
4,125,40,300,1117.0,1081.0
4,125,50,250,1095.0,1101.0
4,125,75,125,1013.0,1141.0
4,125,80,100,1044.0,1136.0
4,125,85,75,972.5,1074.0
4,125,90,50,1025.0,1071.0
4,125,95,25,946.0,1097.0
4,125,99,5,939.0,1120.0
4,100,0,400,1139.0,1066.0
4,100,20,320,1079.0,1030.0
4,100,40,240,1038.0,1046.0
4,100,50,200,1065.5,1005.0
4,100,75,100,1050.5,1035.5
4,100,80,80,1038.0,1051.0
4,100,85,60,972.0,1051.0
4,100,90,40,999.0,1021.5
4,100,95,20,935.0,1092.0
4,100,99,4,1005.0,1072.0
4,80,0,320,1106.0,1002.0
4,80,20,256,1085.0,1077.0
4,80,40,192,1024.0,1024.0
4,80,50,160,1181.0,1058.0
4,80,75,80,1051.0,1076.0
4,80,80,64,963.0,987.0
4,80,85,48,988.0,984.0
4,80,90,32,1126.0,1025.0
4,80,95,16,970.0,1112.0
4,80,99,3,971.0,993.0
4,50,0,200,1162.0,999.0
4,50,20,160,1025.0,1083.0
4,50,40,120,1004.0,993.0
4,50,50,100,945.5,999.0
4,50,75,50,954.0,973.0
4,50,80,40,999.5,1038.0
4,50,85,30,963.0,984.0
4,50,90,20,985.0,1044.0
4,50,95,10,1005.0,1008.0
4,50,99,2,964.0,1033.0
4,40,0,160,975.0,989.0
4,40,20,128,1008.0,992.0
4,40,40,96,991.0,1014.0
4,40,50,80,973.0,966.0
4,40,75,40,984.0,955.0
4,40,80,32,984.0,1013.0
4,40,85,24,999.0,966.0
4,40,90,16,944.0,973.0
4,40,95,8,930.5,953.0
4,40,99,1,975.0,958.0
4,25,0,100,1035.0,940.0
4,25,20,80,990.0,1041.0
4,25,40,60,991.0,928.0
4,25,50,50,1045.0,994.5
4,25,75,25,956.0,989.0
4,25,80,20,981.0,971.0
4,25,85,15,1112.0,963.5
4,25,90,10,963.0,1002.0
4,25,95,5,941.0,1016.0
4,25,99,1,973.0,940.5
4,20,0,80,1048.0,926.0
4,20,20,64,1007.0,1062.0
4,20,40,48,1007.5,988.0
4,20,50,40,948.0,1158.0
4,20,75,20,1007.0,965.0
4,20,80,16,1086.0,944.0
4,20,85,12,931.0,1012.0
4,20,90,8,933.0,944.0
4,20,95,4,981.0,946.5
4,20,99,0,963.0,961.0
4,16,0,64,1028.0,1143.0
4,16,20,51,963.0,934.0
4,16,40,38,951.0,931.0
4,16,50,32,976.0,941.0
4,16,75,16,986.0,969.0
4,16,80,12,965.0,947.0
4,16,85,9,960.5,945.0
4,16,90,6,941.0,936.0
4,16,95,3,980.0,974.0
4,16,99,0,919.0,932.0
4,10,0,40,993.5,1007.5
4,10,20,32,888.0,951.0
4,10,40,24,941.5,933.5
4,10,50,20,958.5,967.0
4,10,75,10,994.0,957.0
4,10,80,8,965.0,1033.0
4,10,85,6,969.0,898.0
4,10,90,4,1001.0,973.0
4,10,95,2,934.0,981.0
4,10,99,0,966.0,934.0
4,8,0,32,1041.0,956.0
4,8,20,25,983.0,991.5
4,8,40,19,955.0,991.5
4,8,50,16,950.0,983.0
4,8,75,8,949.0,966.0
4,8,80,6,949.0,932.0
4,8,85,4,999.5,986.0
4,8,90,3,1156.0,1039.0
4,8,95,1,933.0,911.0
4,8,99,0,957.0,958.0
4,5,0,20,994.0,988.0
4,5,20,16,958.0,958.0
4,5,40,12,957.0,991.0
4,5,50,10,1198.0,964.0
4,5,75,5,955.0,936.0
4,5,80,4,954.0,952.5
4,5,85,3,979.0,955.0
4,5,90,2,938.5,1028.5
4,5,95,1,947.0,966.0
4,5,99,0,1036.0,904.0
4,4,0,16,941.0,953.0
4,4,20,12,948.0,1012.0
4,4,40,9,981.0,1003.0
4,4,50,8,983.0,946.5
4,4,75,4,1012.5,971.0
4,4,80,3,997.0,934.0
4,4,85,2,955.0,937.0
4,4,90,1,927.0,945.0
4,4,95,0,929.0,966.0
4,4,99,0,959.0,941.0
4,2,0,8,935.5,1052.0
4,2,20,6,892.0,943.0
4,2,40,4,1010.5,952.0
4,2,50,4,984.0,921.0
4,2,75,2,886.0,881.0
4,2,80,1,964.0,955.0
4,2,85,1,985.0,904.0
4,2,90,0,985.5,943.0
4,2,95,0,945.0,929.0
4,2,99,0,890.0,923.0
4,1,0,4,967.0,935.0
4,1,20,3,978.0,928.0
4,1,40,2,950.0,932.0
4,1,50,2,943.0,938.0
4,1,75,1,1113.0,930.0
4,1,80,0,1038.0,908.0
4,1,85,0,999.0,971.0
4,1,90,0,973.5,950.0
4,1,95,0,967.0,980.5
4,1,99,0,1001.0,934.0
2,5000,0,10000,5670.0,4292.0
2,5000,20,8000,4759.0,4214.0
2,5000,40,6000,3996.0,4210.0
2,5000,50,5000,3337.0,4387.0
2,5000,75,2500,2250.0,4307.0
2,5000,80,2000,2016.0,4322.5
2,5000,85,1500,1920.0,4264.0
2,5000,90,1000,1847.0,4245.0
2,5000,95,500,1252.0,4696.0
2,5000,99,100,993.0,4230.0
2,2500,0,5000,3413.0,2684.0
2,2500,20,4000,2869.0,2650.5
2,2500,40,3000,2539.0,2730.0
2,2500,50,2500,2594.5,2722.5
2,2500,75,1250,1774.0,2697.0
2,2500,80,1000,1435.0,2675.0
2,2500,85,750,1453.0,2715.0
2,2500,90,500,1265.0,2624.0
2,2500,95,250,1069.0,2646.0
2,2500,99,50,935.0,2697.0
2,2000,0,4000,2851.0,2510.0
2,2000,20,3200,2578.5,2389.5
2,2000,40,2400,2204.0,2379.0
2,2000,50,2000,2002.5,2571.5
2,2000,75,1000,1614.0,2523.0
2,2000,80,800,1475.5,2400.0
2,2000,85,600,1255.0,2424.0
2,2000,90,400,1181.0,2435.0
2,2000,95,200,1053.0,2494.0
2,2000,99,40,1091.0,2439.0
2,1250,0,2500,2151.5,1959.5
2,1250,20,2000,2332.0,1897.0
2,1250,40,1500,1857.5,2044.0
2,1250,50,1250,1576.0,1826.0
2,1250,75,625,1332.0,1851.0
2,1250,80,500,1239.0,1834.0
2,1250,85,375,1258.0,1809.0
2,1250,90,250,1209.5,1801.0
2,1250,95,125,1026.5,1985.5
2,1250,99,25,951.0,1802.5
2,1000,0,2000,1942.0,1657.0
2,1000,20,1600,1971.0,1814.0
2,1000,40,1200,1544.5,1687.0
2,1000,50,1000,1754.0,1650.0
2,1000,75,500,1205.0,1675.5
2,1000,80,400,1217.5,1676.0
2,1000,85,300,1099.0,1733.0
2,1000,90,200,1071.5,1806.0
2,1000,95,100,1009.0,1713.5
2,1000,99,20,954.5,1698.0
2,625,0,1250,1544.0,1379.0
2,625,20,1000,1498.0,1361.0
2,625,40,750,1266.0,1356.5
2,625,50,625,1239.0,1369.0
2,625,75,312,1088.0,1360.0
2,625,80,250,1092.0,1372.0
2,625,85,187,1071.0,1370.0
2,625,90,125,1021.5,1448.0
2,625,95,62,1002.0,1346.0
2,625,99,12,953.5,1351.0
2,500,0,1000,1489.0,1268.0
2,500,20,800,1558.5,1275.0
2,500,40,600,1202.0,1262.0
2,500,50,500,1203.5,1374.0
2,500,75,250,1129.0,1297.0
2,500,80,200,1029.0,1460.0
2,500,85,150,1023.0,1403.0
2,500,90,100,1016.0,1269.0
2,500,95,50,1027.0,1266.5
2,500,99,10,974.0,1290.0
2,400,0,800,1306.0,1224.0
2,400,20,640,1247.0,1242.0
2,400,40,480,1245.0,1240.0
2,400,50,400,1135.0,1279.0
2,400,75,200,1061.0,1228.0
2,400,80,160,1074.0,1204.0
2,400,85,120,1118.0,1207.5
2,400,90,80,965.0,1235.0
2,400,95,40,963.0,1190.5
2,400,99,8,910.0,1227.0
2,250,0,500,1212.0,1129.0
2,250,20,400,1083.0,1250.0
2,250,40,300,1056.0,1107.0
2,250,50,250,1247.0,1052.0
2,250,75,125,993.0,1373.0
2,250,80,100,1092.5,1133.0
2,250,85,75,1041.0,1126.0
2,250,90,50,1079.0,1186.5
2,250,95,25,977.0,1247.0
2,250,99,5,964.0,1094.0
2,200,0,400,1116.0,1059.5
2,200,20,320,1081.5,1100.0
2,200,40,240,1070.0,1105.0
2,200,50,200,1046.0,1036.0
2,200,75,100,1046.0,1060.5
2,200,80,80,978.0,1029.0
2,200,85,60,978.0,1047.0
2,200,90,40,978.5,1043.0
2,200,95,20,964.0,1030.0
2,200,99,4,1047.0,1030.0
2,125,0,250,1047.0,990.0
2,125,20,200,1025.0,982.0
2,125,40,150,1020.0,999.0
2,125,50,125,1249.0,1015.0
2,125,75,62,1001.0,997.0
2,125,80,50,989.0,985.0
2,125,85,37,963.0,982.0
2,125,90,25,950.0,1023.0
2,125,95,12,924.0,1019.0
2,125,99,2,960.0,1241.0
2,100,0,200,1143.0,967.0
2,100,20,160,1007.0,1245.0
2,100,40,120,1017.0,974.0
2,100,50,100,1004.0,1001.0
2,100,75,50,959.0,1017.0
2,100,80,40,1000.0,1135.0
2,100,85,30,984.0,1025.0
2,100,90,20,968.0,1052.0
2,100,95,10,1036.0,971.0
2,100,99,2,1081.0,1066.5
2,80,0,160,1009.0,1048.0
2,80,20,128,1001.0,997.0
2,80,40,96,969.0,975.0
2,80,50,80,974.5,954.5
2,80,75,40,964.5,980.0
2,80,80,32,977.0,1043.0
2,80,85,24,966.5,966.5
2,80,90,16,966.0,1029.5
2,80,95,8,954.0,989.5
2,80,99,1,967.0,979.0
2,50,0,100,1042.0,990.0
2,50,20,80,1014.0,969.0
2,50,40,60,980.0,960.5
2,50,50,50,1039.0,978.0
2,50,75,25,1020.0,983.5
2,50,80,20,968.0,1013.0
2,50,85,15,943.0,939.0
2,50,90,10,952.0,980.0
2,50,95,5,913.0,974.0
2,50,99,1,964.0,959.0
2,40,0,80,1031.0,1095.0
2,40,20,64,996.0,930.0
2,40,40,48,930.0,910.0
2,40,50,40,1032.0,1071.0
2,40,75,20,1024.0,994.0
2,40,80,16,951.0,1127.0
2,40,85,12,1012.0,994.5
2,40,90,8,973.0,999.0
2,40,95,4,960.0,959.0
2,40,99,0,906.0,1112.0
2,25,0,50,985.0,957.0
2,25,20,40,1212.5,1065.0
2,25,40,30,1076.0,974.5
2,25,50,25,996.0,1006.0
2,25,75,12,999.0,1016.0
2,25,80,10,946.0,963.0
2,25,85,7,1067.0,929.0
2,25,90,5,958.0,963.0
2,25,95,2,966.0,969.0
2,25,99,0,934.0,1052.0
2,20,0,40,936.0,955.0
2,20,20,32,974.0,974.5
2,20,40,24,1005.0,1021.5
2,20,50,20,933.0,987.0
2,20,75,10,967.0,960.0
2,20,80,8,928.0,975.0
2,20,85,6,1005.0,947.0
2,20,90,4,1045.0,997.5
2,20,95,2,1060.0,1043.0
2,20,99,0,952.0,1059.0
2,16,0,32,969.0,937.0
2,16,20,25,1049.0,1040.0
2,16,40,19,941.0,957.0
2,16,50,16,1001.0,973.0
2,16,75,8,949.0,960.5
2,16,80,6,957.0,953.0
2,16,85,4,952.0,1008.0
2,16,90,3,933.0,917.5
2,16,95,1,1007.0,983.0
2,16,99,0,959.0,954.0
2,10,0,20,921.0,993.0
2,10,20,16,945.0,942.0
2,10,40,12,1061.0,942.0
2,10,50,10,975.0,1133.0
2,10,75,5,955.0,948.0
2,10,80,4,1068.0,927.5
2,10,85,3,1043.0,950.5
2,10,90,2,1136.0,952.0
2,10,95,1,969.0,992.0
2,10,99,0,963.0,935.0
2,8,0,16,1002.5,942.0
2,8,20,12,981.0,955.5
2,8,40,9,984.0,912.0
2,8,50,8,988.5,917.0
2,8,75,4,977.0,950.0
2,8,80,3,912.0,952.0
2,8,85,2,955.0,975.5
2,8,90,1,946.0,914.5
2,8,95,0,966.0,973.0
2,8,99,0,949.0,925.0
2,5,0,10,960.5,947.5
2,5,20,8,1024.0,949.0
2,5,40,6,955.0,950.0
2,5,50,5,970.5,909.5
2,5,75,2,976.0,927.0
2,5,80,2,917.0,929.0
2,5,85,1,929.5,935.0
2,5,90,1,1009.0,1017.0
2,5,95,0,922.0,941.5
2,5,99,0,961.0,939.0
2,4,0,8,1034.0,944.5
2,4,20,6,939.5,931.0
2,4,40,4,945.0,928.0
2,4,50,4,915.0,941.0
2,4,75,2,958.0,971.0
2,4,80,1,950.0,970.0
2,4,85,1,983.0,932.0
2,4,90,0,987.0,981.0
2,4,95,0,1025.0,937.5
2,4,99,0,1233.5,954.0
2,2,0,4,1017.0,1035.5
2,2,20,3,1196.0,1176.0
2,2,40,2,1075.0,1159.0
2,2,50,2,1204.0,1166.0
2,2,75,1,1084.0,963.0
2,2,80,0,964.0,1002.0
2,2,85,0,1151.0,1178.5
2,2,90,0,1055.0,1001.0
2,2,95,0,954.0,1063.0
2,2,99,0,928.5,968.0
2,1,0,2,983.5,924.0
2,1,20,1,1154.0,922.0
2,1,40,1,962.0,1024.0
2,1,50,1,963.0,1009.0
2,1,75,0,977.0,1100.0
2,1,80,0,972.0,1033.0
2,1,85,0,954.0,990.0
2,1,90,0,939.0,995.5
2,1,95,0,950.0,1012.5
2,1,99,0,992.0,930.0
1,5000,0,5000,3295.0,3305.0
1,5000,20,4000,2857.0,3489.0
1,5000,40,3000,2405.5,4008.0
1,5000,50,2500,2430.0,3351.0
1,5000,75,1250,1638.0,3339.0
1,5000,80,1000,1512.0,4063.0
1,5000,85,750,1540.0,3425.5
1,5000,90,500,1233.0,3350.0
1,5000,95,250,1151.0,3794.0
1,5000,99,50,1015.0,3304.0
1,2500,0,2500,2393.0,2099.0
1,2500,20,2000,1906.0,2022.0
1,2500,40,1500,1677.0,2166.0
1,2500,50,1250,1657.0,2151.0
1,2500,75,625,1231.0,2111.0
1,2500,80,500,1277.0,2229.0
1,2500,85,375,1182.0,2166.0
1,2500,90,250,1123.0,2150.5
1,2500,95,125,1053.0,2131.0
1,2500,99,25,958.0,2625.0
1,2000,0,2000,2000.5,2010.0
1,2000,20,1600,1971.0,1962.0
1,2000,40,1200,1574.0,1884.0
1,2000,50,1000,1549.0,2141.5
1,2000,75,500,1277.0,1880.0
1,2000,80,400,1188.0,1921.5
1,2000,85,300,1112.5,2156.0
1,2000,90,200,1069.0,1983.0
1,2000,95,100,1054.5,2137.5
1,2000,99,20,1017.0,1899.0
1,1250,0,1250,1806.5,1555.0
1,1250,20,1000,1462.0,1575.0
1,1250,40,750,1703.5,1552.0
1,1250,50,625,1411.0,1532.0
1,1250,75,312,1112.0,1634.0
1,1250,80,250,1095.0,1520.0
1,1250,85,187,1070.0,1538.5
1,1250,90,125,1020.5,1634.0
1,1250,95,62,1043.0,1546.0
1,1250,99,12,1038.0,1615.0
1,1000,0,1000,1522.0,1521.5
1,1000,20,800,1397.0,1447.0
1,1000,40,600,1243.0,1574.0
1,1000,50,500,1214.0,1519.0
1,1000,75,250,1159.0,1433.0
1,1000,80,200,1054.5,1454.5
1,1000,85,150,1082.0,1465.5
1,1000,90,100,1209.5,1528.0
1,1000,95,50,1134.0,1426.0
1,1000,99,10,1010.0,1304.0
1,625,0,625,1287.0,1286.0
1,625,20,500,1228.5,1242.0
1,625,40,375,1158.0,1289.0
1,625,50,312,1130.0,1198.5
1,625,75,156,1028.0,1280.5
1,625,80,125,1081.0,1364.5
1,625,85,93,1033.0,1266.0
1,625,90,62,973.0,1211.5
1,625,95,31,962.0,1226.5
1,625,99,6,1011.5,1234.0
1,500,0,500,1222.0,1182.5
1,500,20,400,1111.0,1200.0
1,500,40,300,1101.0,1207.0
1,500,50,250,1056.5,1244.0
1,500,75,125,1013.0,1155.0
1,500,80,100,1016.0,1273.0
1,500,85,75,1023.0,1178.0
1,500,90,50,1001.0,1207.0
1,500,95,25,990.0,1300.0
1,500,99,5,1070.0,1323.0
1,400,0,400,1202.0,1192.0
1,400,20,320,1116.5,1100.0
1,400,40,240,1075.0,1176.0
1,400,50,200,1053.0,1110.0
1,400,75,100,1012.0,1135.0
1,400,80,80,1130.0,1183.0
1,400,85,60,1020.5,1118.0
1,400,90,40,964.0,1125.0
1,400,95,20,1083.0,1101.5
1,400,99,4,973.5,1151.0
1,250,0,250,1082.0,1138.0
1,250,20,200,1061.0,1117.0
1,250,40,150,999.0,1049.0
1,250,50,125,1021.0,1127.0
1,250,75,62,1119.0,1043.5
1,250,80,50,1004.5,1048.0
1,250,85,37,1034.5,1078.0
1,250,90,25,977.0,1122.0
1,250,95,12,1181.0,1113.0
1,250,99,2,1192.0,1056.0
1,200,0,200,1047.0,1133.0
1,200,20,160,1051.0,1143.5
1,200,40,120,996.0,1019.0
1,200,50,100,1094.0,1188.0
1,200,75,50,1049.5,1016.0
1,200,80,40,991.0,1041.5
1,200,85,30,1041.0,1148.0
1,200,90,20,957.0,1043.0
1,200,95,10,985.0,1085.0
1,200,99,2,956.0,1015.0
1,125,0,125,1145.0,1048.0
1,125,20,100,1135.0,981.0
1,125,40,75,1065.0,1009.0
1,125,50,62,964.0,1009.0
1,125,75,31,1198.0,992.5
1,125,80,25,1098.0,998.0
1,125,85,18,985.0,997.0
1,125,90,12,930.0,995.0
1,125,95,6,987.0,990.0
1,125,99,1,988.5,1085.0
1,100,0,100,1085.5,976.0
1,100,20,80,987.5,1173.0
1,100,40,60,1082.0,1046.0
1,100,50,50,1083.0,991.0
1,100,75,25,1065.0,976.0
1,100,80,20,1138.0,944.0
1,100,85,15,992.0,963.5
1,100,90,10,980.0,1002.0
1,100,95,5,939.0,1095.5
1,100,99,1,1167.0,952.0
1,80,0,80,1047.0,1018.0
1,80,20,64,966.0,1091.0
1,80,40,48,995.0,972.0
1,80,50,40,962.0,942.0
1,80,75,20,949.0,1076.0
1,80,80,16,930.0,972.0
1,80,85,12,957.0,1029.0
1,80,90,8,1142.5,1193.5
1,80,95,4,968.0,977.0
1,80,99,0,1199.0,1070.0
1,50,0,50,1185.0,1216.0
1,50,20,40,968.0,1031.0
1,50,40,30,946.0,970.0
1,50,50,25,1170.0,1199.5
1,50,75,12,965.0,1152.0
1,50,80,10,1307.5,1173.0
1,50,85,7,946.0,966.0
1,50,90,5,969.0,940.0
1,50,95,2,1099.0,975.0
1,50,99,0,938.0,957.0
1,40,0,40,1193.0,933.0
1,40,20,32,1187.0,1251.0
1,40,40,24,1184.0,1233.0
1,40,50,20,1177.0,1159.0
1,40,75,10,964.0,1026.0
1,40,80,8,948.0,1029.0
1,40,85,6,944.5,1014.5
1,40,90,4,1102.0,1078.0
1,40,95,2,1025.0,965.0
1,40,99,0,944.5,977.5
1,25,0,25,979.0,1046.0
1,25,20,20,1203.0,981.0
1,25,40,15,1058.0,968.0
1,25,50,12,1080.0,979.5
1,25,75,6,1175.0,1019.0
1,25,80,5,1012.0,962.0
1,25,85,3,960.0,957.0
1,25,90,2,1006.0,986.0
1,25,95,1,1127.5,973.0
1,25,99,0,955.0,1043.0
1,20,0,20,1057.0,1029.0
1,20,20,16,925.0,987.0
1,20,40,12,1156.0,1159.0
1,20,50,10,1057.0,1162.0
1,20,75,5,1089.0,1037.5
1,20,80,4,1131.0,1115.0
1,20,85,3,1075.5,1172.0
1,20,90,2,939.0,961.0
1,20,95,1,1114.5,943.0
1,20,99,0,1040.5,1016.5
1,16,0,16,957.0,959.0
1,16,20,12,944.0,955.0
1,16,40,9,1038.5,963.0
1,16,50,8,982.5,1034.0
1,16,75,4,1079.5,1005.0
1,16,80,3,963.0,996.0
1,16,85,2,953.0,1047.0
1,16,90,1,952.0,1110.0
1,16,95,0,996.0,956.0
1,16,99,0,1066.0,1129.0
1,10,0,10,962.0,1013.0
1,10,20,8,1004.0,1056.0
1,10,40,6,1006.0,951.0
1,10,50,5,1080.5,910.0
1,10,75,2,948.0,930.5
1,10,80,2,1015.0,953.0
1,10,85,1,989.0,944.0
1,10,90,1,980.0,936.0
1,10,95,0,1002.0,1034.5
1,10,99,0,968.0,1006.0
1,8,0,8,1024.0,1032.0
1,8,20,6,1205.0,984.0
1,8,40,4,1064.0,970.0
1,8,50,4,1145.0,939.0
1,8,75,2,1157.0,960.0
1,8,80,1,919.0,976.5
1,8,85,1,1035.0,1067.5
1,8,90,0,908.0,951.0
1,8,95,0,934.0,950.0
1,8,99,0,935.0,983.0
1,5,0,5,1064.0,955.0
1,5,20,4,948.0,968.0
1,5,40,3,965.5,1090.5
1,5,50,2,933.0,1046.0
1,5,75,1,954.0,948.0
1,5,80,1,968.0,1024.0
1,5,85,0,986.0,1165.5
1,5,90,0,1046.0,1082.0
1,5,95,0,933.0,933.0
1,5,99,0,939.0,1102.0
1,4,0,4,954.0,1157.0
1,4,20,3,1067.0,1043.0
1,4,40,2,971.5,944.0
1,4,50,2,1140.0,1002.5
1,4,75,1,947.0,950.0
1,4,80,0,1018.0,957.0
1,4,85,0,960.5,1010.5
1,4,90,0,1061.0,972.0
1,4,95,0,1066.0,965.0
1,4,99,0,974.0,1066.0
1,2,0,2,1002.0,950.0
1,2,20,1,1115.0,947.0
1,2,40,1,1043.0,905.0
1,2,50,1,942.5,986.0
1,2,75,0,1070.0,994.0
1,2,80,0,961.0,954.5
1,2,85,0,953.0,930.0
1,2,90,0,1186.0,1019.0
1,2,95,0,966.0,937.0
1,2,99,0,863.0,1109.0
1,1,0,1,971.0,950.5
1,1,20,0,1102.0,930.0
1,1,40,0,1154.0,994.0
1,1,50,0,975.0,970.0
1,1,75,0,928.0,1104.5
1,1,80,0,978.0,1047.0
1,1,85,0,1033.0,1161.0
1,1,90,0,1070.0,1104.0
1,1,95,0,927.0,992.0
1,1,99,0,1023.0,1036.0
